OBD_Code,Description,Description_Length,Prefix
P0001,Fuel Volume Regulator A Control Circuit/Open,44,P0
P0002,Fuel Volume Regulator A Control Circuit Performance,51,P0
P0003,Fuel Volume Regulator A Control Circuit Low,43,P0
P0004,Fuel Volume Regulator A Control Circuit High,44,P0
P0005,Fuel Shutoff Valve A Control Circuit/Open,41,P0
P0006,Fuel Shutoff Valve A Control Circuit Low,40,P0
P0007,Fuel Shutoff Valve A Control Circuit High,41,P0
P0008,Engine Position System Performance Bank 1,41,P0
P0009,Engine Position System Performance Bank 2,41,P0
P000A,A Camshaft Position Slow Response Bank 1,40,P0
P000B,B Camshaft Position Slow Response Bank 1,40,P0
P000C,A Camshaft Position Slow Response Bank 2,40,P0
P000D,B Camshaft Position Slow Response Bank 2,40,P0
P000E,Fuel Volume Regulator Control Exceeded Learning Limit,53,P0
P000F,Fuel System Over Pressure Relief Valve Activated,48,P0
P0010,A Camshaft Position Actuator A Control Circuit/Open Bank 1,58,P0
P0011,A Camshaft Position - Timing Over-Advanced or System Performance Bank 1,71,P0
P0012,A Camshaft Position - Timing Over-Retarded Bank 1,49,P0
P0013,B Camshaft Position Actuator A Control Circuit/Open Bank 1,58,P0
P0014,B Camshaft Position - Timing Over-Advanced or System Performance Bank 1,71,P0
P0015,B Camshaft Position - Timing Over-Retarded Bank 1,49,P0
P0016,Crankshaft Position - Camshaft Position Correlation Bank 1 Sensor A,67,P0
P0017,Crankshaft Position - Camshaft Position Correlation Bank 1 Sensor B,67,P0
P0018,Crankshaft Position - Camshaft Position Correlation Bank 2 Sensor A,67,P0
P0019,Crankshaft Position - Camshaft Position Correlation Bank 2 Sensor B,67,P0
P001A,A Camshaft Profile Actuator A Control Circuit/Open Bank 1,57,P0
P001B,A Camshaft Profile Actuator A Control Circuit Low Bank 1,56,P0
P001C,A Camshaft Profile Actuator A Control Circuit High Bank 1,57,P0
P001D,A Camshaft Profile Actuator A Control Circuit/Open Bank 2,57,P0
P001E,A Camshaft Profile Actuator A Control Circuit Low Bank 2,56,P0
P001F,A Camshaft Profile Actuator A Control Circuit High Bank 2,57,P0
P0020,A Camshaft Position Actuator A Control Circuit/Open Bank 2,58,P0
P0021,A Camshaft Position - Timing Over-Advanced or System Performance Bank 2,71,P0
P0022,A Camshaft Position - Timing Over-Retarded Bank 2,49,P0
P0023,B Camshaft Position Actuator A Control Circuit/Open Bank 2,58,P0
P0024,B Camshaft Position - Timing Over-Advanced or System Performance Bank 2,71,P0
P0025,B Camshaft Position - Timing Over-Retarded Bank 2,49,P0
P0026,Intake Valve Control Solenoid Circuit Range/Performance Bank 1,62,P0
P0027,Exhaust Valve Control Solenoid Circuit Range/Performance Bank 1,63,P0
P0028,Intake Valve Control Solenoid Circuit Range/Performance Bank 2,62,P0
P0029,Exhaust Valve Control Solenoid Circuit Range/Performance Bank 2,63,P0
P002A,B Camshaft Profile Actuator A Control Circuit/Open Bank 1,57,P0
P002B,B Camshaft Profile Actuator A Control Circuit Low Bank 1,56,P0
P002C,B Camshaft Profile Actuator A Control Circuit High Bank 1,57,P0
P002D,B Camshaft Profile Actuator A Control Circuit/Open Bank 2,57,P0
P002E,B Camshaft Profile Actuator A Control Circuit Low Bank 2,56,P0
P002F,B Camshaft Profile Actuator A Control Circuit High Bank 2,57,P0
P0030,HO2S Heater Control Circuit Bank 1 Sensor 1,43,P0
P0031,HO2S Heater Control Circuit Low Bank 1 Sensor 1,47,P0
P0032,HO2S Heater Control Circuit High Bank 1 Sensor 1,48,P0
P0033,Turbocharger/Supercharger Bypass Valve A Control Circuit,56,P0
P0034,Turbocharger/Supercharger Bypass Valve A Control Circuit Low,60,P0
P0035,Turbocharger/Supercharger Bypass Valve A Control Circuit High,61,P0
P0036,HO2S Heater Control Circuit Bank 1 Sensor 2,43,P0
P0037,HO2S Heater Control Circuit Low Bank 1 Sensor 2,47,P0
P0038,HO2S Heater Control Circuit High Bank 1 Sensor 2,48,P0
P0039,Turbocharger/Supercharger Bypass Valve A Control Circuit Range/Performance,74,P0
P003A,Turbocharger/Supercharger Boost Control A Position Exceeded Learning Limit,74,P0
P003B,Turbocharger/Supercharger Boost Control B Position Exceeded Learning Limit,74,P0
P003C,A Camshaft Profile Actuator A Control Performance/Stuck Off Bank 1,66,P0
P003D,A Camshaft Profile Actuator A Control Stuck On Bank 1,53,P0
P003E,A Camshaft Profile Actuator A Control Performance/Stuck Off Bank 2,66,P0
P003F,A Camshaft Profile Actuator A Control Stuck On Bank 2,53,P0
P0040,O2 Sensor Signals Swapped Bank 1 Sensor 1/Bank 2 Sensor 1,57,P0
P0041,O2 Sensor Signals Swapped Bank 1 Sensor 2/Bank 2 Sensor 2,57,P0
P0042,HO2S Heater Control Circuit Bank 1 Sensor 3,43,P0
P0043,HO2S Heater Control Circuit Low Bank 1 Sensor 3,47,P0
P0044,HO2S Heater Control Circuit High Bank 1 Sensor 3,48,P0
P0045,Turbocharger/Supercharger Boost Control A Circuit/Open,54,P0
P0046,Turbocharger/Supercharger Boost Control A Circuit Range/Performance,67,P0
P0047,Turbocharger/Supercharger Boost Control A Circuit Low,53,P0
P0048,Turbocharger/Supercharger Boost Control A Circuit High,54,P0
P0049,Turbocharger/Supercharger A Turbine Overspeed,45,P0
P004A,Turbocharger/Supercharger Boost Control B Circuit/Open,54,P0
P004B,Turbocharger/Supercharger Boost Control B Circuit Range/Performance,67,P0
P004C,Turbocharger/Supercharger Boost Control B Circuit Low,53,P0
P004D,Turbocharger/Supercharger Boost Control B Circuit High,54,P0
P004E,Turbocharger/Supercharger Boost Control A Circuit Intermittent/Erratic,70,P0
P004F,Turbocharger/Supercharger Boost Control B Circuit Intermittent/Erratic,70,P0
P0050,HO2S Heater Control Circuit Bank 2 Sensor 1,43,P0
P0051,HO2S Heater Control Circuit Low Bank 2 Sensor 1,47,P0
P0052,HO2S Heater Control Circuit High Bank 2 Sensor 1,48,P0
P0053,HO2S Heater Resistance Bank 1 Sensor 1,38,P0
P0054,HO2S Heater Resistance Bank 1 Sensor 2,38,P0
P0055,HO2S Heater Resistance Bank 1 Sensor 3,38,P0
P0056,HO2S Heater Control Circuit Bank 2 Sensor 2,43,P0
P0057,HO2S Heater Control Circuit Low Bank 2 Sensor 2,47,P0
P0058,HO2S Heater Control Circuit High Bank 2 Sensor 2,48,P0
P0059,HO2S Heater Resistance Bank 2 Sensor 1,38,P0
P005A,B Camshaft Profile Actuator A Control Performance/Stuck Off Bank 1,66,P0
P005B,B Camshaft Profile Actuator A Control Stuck On Bank 1,53,P0
P005C,B Camshaft Profile Actuator A Control Performance/Stuck Off Bank 2,66,P0
P005D,B Camshaft Profile Actuator A Control Stuck On Bank 2,53,P0
P005E,Turbocharger/Supercharger Boost Control B Supply Voltage Circuit Low,68,P0
P005F,Turbocharger/Supercharger Boost Control B Supply Voltage Circuit High,69,P0
P0060,HO2S Heater Resistance Bank 2 Sensor 2,38,P0
P0061,HO2S Heater Resistance Bank 2 Sensor 3,38,P0
P0062,HO2S Heater Control Circuit Bank 2 Sensor 3,43,P0
P0063,HO2S Heater Control Circuit Low Bank 2 Sensor 3,47,P0
P0064,HO2S Heater Control Circuit High Bank 2 Sensor 3,48,P0
P0065,Air Assisted Injector Control Range/Performance,47,P0
P0066,Air Assisted Injector Control Circuit Low,41,P0
P0067,Air Assisted Injector Control Circuit High,42,P0
P0068,MAP/MAF - Throttle Position Correlation,39,P0
P0069,Manifold Absolute Pressure - Barometric Pressure Correlation,60,P0
P006A,MAP - Mass or Volume Air Flow Correlation Bank 1,48,P0
P006B,MAP - Exhaust Pressure Correlation,34,P0
P006C,MAP - Turbocharger/Supercharger Inlet Pressure Correlation,58,P0
P006D,Barometric Pressure - Turbocharger/Supercharger Inlet Pressure Correlation Bank 1,81,P0
P006E,Turbocharger/Supercharger Boost Control A Supply Voltage Circuit Low,68,P0
P006F,Turbocharger/Supercharger Boost Control A Supply Voltage Circuit High,69,P0
P0070,Ambient Air Temperature Sensor Circuit A,40,P0
P0071,Ambient Air Temperature Sensor Circuit A Range/Performance,58,P0
P0072,Ambient Air Temperature Sensor Circuit A Low,44,P0
P0073,Ambient Air Temperature Sensor Circuit A High,45,P0
P0074,Ambient Air Temperature Sensor Circuit A Intermittent/Erratic,61,P0
P0075,Intake Valve Control Solenoid Circuit Bank 1,44,P0
P0076,Intake Valve Control Solenoid Circuit Low Bank 1,48,P0
P0077,Intake Valve Control Solenoid Circuit High Bank 1,49,P0
P0078,Exhaust Valve Control Solenoid Circuit Bank 1,45,P0
P0079,Exhaust Valve Control Solenoid Circuit Low Bank 1,49,P0
P007A,Charge Air Cooler Temperature Sensor Circuit Bank 1,51,P0
P007B,Charge Air Cooler Temperature Sensor Circuit Range/Performance Bank 1,69,P0
P007C,Charge Air Cooler Temperature Sensor Circuit Low Bank 1,55,P0
P007D,Charge Air Cooler Temperature Sensor Circuit High Bank 1,56,P0
P007E,Charge Air Cooler Temperature Sensor Circuit Intermittent/Erratic Bank 1,72,P0
P007F,Charge Air Cooler Temperature Sensor Bank1/Bank2 Correlation,60,P0
P0080,Exhaust Valve Control Solenoid Circuit High Bank 1,50,P0
P0081,Intake Valve Control Solenoid Circuit Bank 2,44,P0
P0082,Intake Valve Control Solenoid Circuit Low Bank 2,48,P0
P0083,Intake Valve Control Solenoid Circuit High Bank 2,49,P0
P0084,Exhaust Valve Control Solenoid Circuit Bank 2,45,P0
P0085,Exhaust Valve Control Solenoid Circuit Low Bank 2,49,P0
P0086,Exhaust Valve Control Solenoid Circuit High Bank 2,50,P0
P0087,Fuel Rail/System Pressure - Too Low Bank 1,42,P0
P0088,Fuel Rail/System Pressure - Too High Bank 1,43,P0
P0089,Fuel Pressure Regulator A Performance,37,P0
P008A,Low Pressure Fuel System Pressure - Too Low,43,P0
P008B,Low Pressure Fuel System Pressure - Too High,44,P0
P008C,Fuel Cooler Pump Control Circuit/Open,37,P0
P008D,Fuel Cooler Pump Control Circuit Low,36,P0
P008E,Fuel Cooler Pump Control Circuit High,37,P0
P008F,Engine Coolant Temperature/Fuel Temperature Correlation,55,P0
P0090,Fuel Pressure Regulator A Control Circuit/Open,46,P0
P0091,Fuel Pressure Regulator A Control Circuit Low,45,P0
P0092,Fuel Pressure Regulator A Control Circuit High,46,P0
P0093,Fuel System Leak Detected - Large Leak,38,P0
P0094,Fuel System Leak Detected - Small Leak,38,P0
P0095,Intake Air Temperature Sensor 2 Circuit Bank 1,46,P0
P0096,Intake Air Temperature Sensor 2 Circuit Range/Performance Bank 1,64,P0
P0097,Intake Air Temperature Sensor 2 Circuit Low Bank 1,50,P0
P0098,Intake Air Temperature Sensor 2 Circuit High Bank 1,51,P0
P0099,Intake Air Temperature Sensor 2 Circuit Intermittent/Erratic Bank 1,67,P0
P009A,Intake Air Temperature/Ambient Air Temperature Correlation,58,P0
P009B,Fuel Pressure Relief Control Circuit/Open,41,P0
P009C,Fuel Pressure Relief Control Circuit Low,40,P0
P009D,Fuel Pressure Relief Control Circuit High,41,P0
P009E,Fuel Pressure Relief Control Performance/Stuck Off,50,P0
P009F,Fuel Pressure Relief Control Stuck On,37,P0
P00A0,Charge Air Cooler Temperature Sensor Circuit Bank 2,51,P0
P00A1,Charge Air Cooler Temperature Sensor Circuit Range/Performance Bank 2,69,P0
P00A2,Charge Air Cooler Temperature Sensor Circuit Low Bank 2,55,P0
P00A3,Charge Air Cooler Temperature Sensor Circuit High Bank 2,56,P0
P00A4,Charge Air Cooler Temperature Sensor Circuit Intermittent/Erratic Bank 2,72,P0
P00A5,Intake Air Temperature Sensor 2 Circuit Bank 2,46,P0
P00A6,Intake Air Temperature Sensor 2 Circuit Range/Performance Bank 2,64,P0
P00A7,Intake Air Temperature Sensor 2 Circuit Low Bank 2,50,P0
P00A8,Intake Air Temperature Sensor 2 Circuit High Bank 2,51,P0
P00A9,Intake Air Temperature Sensor 2 Circuit Intermittent/Erratic Bank 2,67,P0
P00AA,Intake Air Temperature Sensor 1 Circuit Bank 2,46,P0
P00AB,Intake Air Temperature Sensor 1 Circuit Range/Performance Bank 2,64,P0
P00AC,Intake Air Temperature Sensor 1 Circuit Low Bank 2,50,P0
P00AD,Intake Air Temperature Sensor 1 Circuit High Bank 2,51,P0
P00AE,Intake Air Temperature Sensor 1 Circuit Intermittent Bank 2,59,P0
P00AF,Turbocharger/Supercharger Boost Control A Module Performance,60,P0
P00B0,Turbocharger/Supercharger Boost Control B Module Performance,60,P0
P00B1,Radiator Coolant Temperature Sensor Circuit,43,P0
P00B2,Radiator Coolant Temperature Sensor Circuit Range/Performance,61,P0
P00B3,Radiator Coolant Temperature Sensor Circuit Low,47,P0
P00B4,Radiator Coolant Temperature Sensor Circuit High,48,P0
P00B5,Radiator Coolant Temperature Sensor Circuit Intermittent/Erratic,64,P0
P00B6,Radiator Coolant Temperature/Engine Coolant Temperature Correlation,67,P0
P00B7,Engine Coolant Flow Low/Performance,35,P0
P00B8,MAP - Mass or Volume Air Flow Correlation Bank 2,48,P0
P00B9,Low Pressure Fuel System Pressure - Too Low. Low Ambient Temperature,68,P0
P00BA,Low Fuel Pressure - Forced Limited Power,40,P0
P00BB,Fuel Injector Insufficient Flow - Forced Limited Power,54,P0
P00BC,Mass or Volume Air Flow A Circuit Range/Performance - Air Flow Too Low,70,P0
P00BD,Mass or Volume Air Flow A Circuit Range/Performance - Air Flow Too High,71,P0
P00BE,Mass or Volume Air Flow B Circuit Range/Performance - Air Flow Too Low,70,P0
P00BF,Mass or Volume Air Flow B Circuit Range/Performance - Air Flow Too High,71,P0
P00C0,Turbocharger/Supercharger Bypass Valve B Control Circuit,56,P0
P00C1,Turbocharger/Supercharger Bypass Valve B Control Circuit Low,60,P0
P00C2,Turbocharger/Supercharger Bypass Valve B Control Circuit High,61,P0
P00C3,Turbocharger/Supercharger Bypass Valve B Control Circuit Range/Performance,74,P0
P00C4,Turbocharger/Supercharger Bypass Valve B - Mechanical,53,P0
P00C5,Turbocharger/Supercharger B Turbine Overspeed,45,P0
P00C6,Fuel Rail Pressure Too Low - Engine Cranking Bank 1,51,P0
P00C7,Intake Air Pressure Measurement System - Multiple Sensor Correlation Bank 1,75,P0
P00C8,Fuel Pressure Regulator A Solenoid Supply Voltage Control Circuit/Open,70,P0
P00C9,Fuel Pressure Regulator A Solenoid Supply Voltage Control Circuit Low,69,P0
P00CA,Fuel Pressure Regulator A Solenoid Supply Voltage Control Circuit High,70,P0
P00CB,Fuel Volume Regulator Solenoid Supply Voltage Control Circuit/Open,66,P0
P00CC,Fuel Volume Regulator Solenoid Supply Voltage Control Circuit Low,65,P0
P00CD,Fuel Volume Regulator Solenoid Supply Voltage Control Circuit High,66,P0
P00CE,Intake Air Temperature Measurement System - Multiple Sensor Correlation Bank 1,78,P0
P00CF,Barometric Pressure - Turbocharger/Supercharger Boost Sensor A Correlation,74,P0
P00D0,Barometric Pressure - Turbocharger/Supercharger Boost Sensor B Correlation,74,P0
P00D1,HO2S Heater Control Circuit Range/Performance Bank 1 Sensor 1,61,P0
P00D2,HO2S Heater Control Circuit Range/Performance Bank 1 Sensor 2,61,P0
P00D3,HO2S Heater Control Circuit Range/Performance Bank 2 Sensor 1,61,P0
P00D4,HO2S Heater Control Circuit Range/Performance Bank 2 Sensor 2,61,P0
P00D5,HO2S Sensor Correlation Bank 1 Sensor 1/Bank 1 Sensor 2,55,P0
P00D6,HO2S Sensor Correlation Bank 2 Sensor 1/Bank 2 Sensor 2,55,P0
P00D7,Turbocharger/Supercharger Bypass Valve A Temperature Too High,61,P0
P00D8,Turbocharger/Supercharger Bypass Valve B Temperature Too High,61,P0
P00D9,Ambient Air Temperature Sensor Circuit B,40,P0
P00DA,Ambient Air Temperature Sensor Circuit B Range/Performance,58,P0
P00DB,Ambient Air Temperature Sensor Circuit B Low,44,P0
P00DC,Ambient Air Temperature Sensor Circuit B High,45,P0
P00DD,Ambient Air Temperature Sensor Circuit B Intermittent/Erratic,61,P0
P00DE,Charge Air Cooler Coolant Temperature Sensor A Circuit,54,P0
P00DF,Charge Air Cooler Coolant Temperature Sensor A Circuit Range/Performance,72,P0
P00E0,Charge Air Cooler Coolant Temperature Sensor A Circuit Low,58,P0
P00E1,Charge Air Cooler Coolant Temperature Sensor A Circuit High,59,P0
P00E2,Charge Air Cooler Coolant Temperature Sensor A Intermittent/Erratic,67,P0
P00E3,Exhaust Heat Exchanger Exhaust Bypass Valve A Stuck Open,56,P0
P00E4,Exhaust Heat Exchanger Exhaust Bypass Valve A Stuck Closed,58,P0
P00E5,Intake Air Temperature/Fuel Temperature Correlation,51,P0
P00E6,Intake Air Pressure Measurement System - Multiple Sensor Correlation Bank 2,75,P0
P00E7,Intake Air Temperature Measurement System - Multiple Sensor Correlation Bank 2,78,P0
P00E8,Intake Air Temperature Sensor 3 Circuit Bank 1,46,P0
P00E9,Intake Air Temperature Sensor 3 Circuit Range/Performance Bank 1,64,P0
P00EA,Intake Air Temperature Sensor 3 Circuit Low Bank 1,50,P0
P00EB,Intake Air Temperature Sensor 3 Circuit High Bank 1,51,P0
P00EC,Intake Air Temperature Sensor 3 Circuit Intermittent/Erratic Bank 1,67,P0
P00ED,Intake Air Temperature Sensor 3 Circuit Bank 2,46,P0
P00EE,Intake Air Temperature Sensor 3 Circuit Range/Performance Bank 2,64,P0
P00EF,Intake Air Temperature Sensor 3 Circuit Low Bank 2,50,P0
P00F0,Intake Air Temperature Sensor 3 Circuit High Bank 2,51,P0
P00F1,Intake Air Temperature Sensor 3 Circuit Intermittent/Erratic Bank 2,67,P0
P00F2,Humidity Sensor Circuit/Open,28,P0
P00F3,Humidity Sensor Circuit Range/Performance,41,P0
P00F4,Humidity Sensor Circuit Low,27,P0
P00F5,Humidity Sensor Circuit High,28,P0
P00F6,Humidity Sensor Circuit Intermittent/Erratic,44,P0
P00F7,Barometric Pressure - Turbocharger/Supercharger Inlet Pressure Correlation Bank 2,81,P0
P00F8,Turbocharger Outlet Pressure Sensor A Circuit,45,P0
P00F9,Turbocharger Outlet Pressure Sensor A Range/Performance,55,P0
P00FA,Turbocharger Outlet Pressure Sensor A Circuit Low,49,P0
P00FB,Turbocharger Outlet Pressure Sensor A Circuit High,50,P0
P00FC,Turbocharger Outlet Pressure Sensor A Intermittent/Erratic,58,P0
P00FD,Battery B State of Charge Performance,37,P0
P00FE,EVAP System Tank Vapor Line Restricted/Blocked,46,P0
P00FF,Body Control Module Requested MIL Illumination,46,P0
P0100,Mass or Volume Air Flow Sensor A Circuit,40,P0
P0101,Mass or Volume Air Flow Sensor A Circuit Range/Performance,58,P0
P0102,Mass or Volume Air Flow Sensor A Circuit Low,44,P0
P0103,Mass or Volume Air Flow Sensor A Circuit High,45,P0
P0104,Mass or Volume Air Flow Sensor A Circuit Intermittent,53,P0
P0105,Manifold Absolute Pressure/Barometric Pressure Sensor Circuit,61,P0
P0106,Manifold Absolute Pressure/Barometric Pressure Sensor Circuit Range/Performance,79,P0
P0107,Manifold Absolute Pressure/Barometric Pressure Sensor Circuit Low,65,P0
P0108,Manifold Absolute Pressure/Barometric Pressure Sensor Circuit High,66,P0
P0109,Manifold Absolute Pressure/Barometric Pressure Sensor Circuit Intermittent,74,P0
P010A,Mass or Volume Air Flow Sensor B Circuit,40,P0
P010B,Mass or Volume Air Flow Sensor B Circuit Range/Performance,58,P0
P010C,Mass or Volume Air Flow Sensor B Circuit Low,44,P0
P010D,Mass or Volume Air Flow Sensor B Circuit High,45,P0
P010E,Mass or Volume Air Flow Sensor B Circuit Intermittent/Erratic,61,P0
P010F,Mass or Volume Air Flow Sensor A/B Correlation,46,P0
P0110,Intake Air Temperature Sensor 1 Circuit Bank 1,46,P0
P0111,Intake Air Temperature Sensor 1 Circuit Range/Performance Bank 1,64,P0
P0112,Intake Air Temperature Sensor 1 Circuit Low Bank 1,50,P0
P0113,Intake Air Temperature Sensor 1 Circuit High Bank 1,51,P0
P0114,Intake Air Temperature Sensor 1 Circuit Intermittent Bank 1,59,P0
P0115,Engine Coolant Temperature Sensor 1 Circuit,43,P0
P0116,Engine Coolant Temperature Sensor 1 Circuit Range/Performance,61,P0
P0117,Engine Coolant Temperature Sensor 1 Circuit Low,47,P0
P0118,Engine Coolant Temperature Sensor 1 Circuit High,48,P0
P0119,Engine Coolant Temperature Sensor 1 Circuit Intermittent/Erratic,64,P0
P011A,Engine Coolant Temperature Sensor 1/2 Correlation,49,P0
P011B,Engine Coolant Temperature/Intake Air Temperature Correlation,61,P0
P011C,Charge Air Cooler Temperature/Intake Air Temperature Correlation Bank 1,71,P0
P011D,Charge Air Cooler Temperature/Intake Air Temperature Correlation Bank 2,71,P0
P011E,Engine Coolant Temperature 1 / Ambient Air Temperature Correlation,66,P0
P011F,Engine Coolant Temperature 2 / Ambient Air Temperature Correlation,66,P0
P0120,Throttle/Pedal Position Sensor/Switch A Circuit,47,P0
P0121,Throttle/Pedal Position Sensor/Switch A Circuit Range/Performance,65,P0
P0122,Throttle/Pedal Position Sensor/Switch A Circuit Low,51,P0
P0123,Throttle/Pedal Position Sensor/Switch A Circuit High,52,P0
P0124,Throttle/Pedal Position Sensor/Switch A Circuit Intermittent,60,P0
P0125,Insufficient Coolant Temperature for Closed Loop Fuel Control,61,P0
P0126,Insufficient Coolant Temperature for Stable Operation,53,P0
P0127,Intake Air Temperature Too High,31,P0
P0128,Coolant Thermostat (Coolant Temperature Below Thermostat Regulating Temperature),80,P0
P0129,Barometric Pressure Too Low,27,P0
P012A,Turbocharger/Supercharger Inlet Pressure Sensor A Circuit,57,P0
P012B,Turbocharger/Supercharger Inlet Pressure Sensor A Circuit Range/Performance,75,P0
P012C,Turbocharger/Supercharger Inlet Pressure Sensor A Circuit Low,61,P0
P012D,Turbocharger/Supercharger Inlet Pressure Sensor A Circuit High,62,P0
P012E,Turbocharger/Supercharger Inlet Pressure Sensor A Circuit Intermittent/Erratic,78,P0
P012F,Engine Coolant Temperature / Engine Oil Temperature Correlation,63,P0
P0130,O2 Sensor Circuit Bank 1 Sensor 1,33,P0
P0131,O2 Sensor Circuit Low Voltage Bank 1 Sensor 1,45,P0
P0132,O2 Sensor Circuit High Voltage Bank 1 Sensor 1,46,P0
P0133,O2 Sensor Circuit Slow Response Bank 1 Sensor 1,47,P0
P0134,O2 Sensor Circuit No Activity Detected Bank 1 Sensor 1,54,P0
P0135,O2 Sensor Heater Circuit Bank 1 Sensor 1,40,P0
P0136,O2 Sensor Circuit Bank 1 Sensor 2,33,P0
P0137,O2 Sensor Circuit Low Voltage Bank 1 Sensor 2,45,P0
P0138,O2 Sensor Circuit High Voltage Bank 1 Sensor 2,46,P0
P0139,O2 Sensor Circuit Slow Response Bank 1 Sensor 2,47,P0
P013A,O2 Sensor Slow Response - Rich to Lean Bank 1 Sensor 2,54,P0
P013B,O2 Sensor Slow Response - Lean to Rich Bank 1 Sensor 2,54,P0
P013C,O2 Sensor Slow Response - Rich to Lean Bank 2 Sensor 2,54,P0
P013D,O2 Sensor Slow Response - Lean to Rich Bank 2 Sensor 2,54,P0
P013E,O2 Sensor Delayed Response - Rich to Lean Bank 1 Sensor 2,57,P0
P013F,O2 Sensor Delayed Response - Lean to Rich Bank 1 Sensor 2,57,P0
P0140,O2 Sensor Circuit No Activity Detected Bank 1 Sensor 2,54,P0
P0141,O2 Sensor Heater Circuit Bank 1 Sensor 2,40,P0
P0142,O2 Sensor Circuit Bank 1 Sensor 3,33,P0
P0143,O2 Sensor Circuit Low Voltage Bank 1 Sensor 3,45,P0
P0144,O2 Sensor Circuit High Voltage Bank 1 Sensor 3,46,P0
P0145,O2 Sensor Circuit Slow Response Bank 1 Sensor 3,47,P0
P0146,O2 Sensor Circuit No Activity Detected Bank 1 Sensor 3,54,P0
P0147,O2 Sensor Heater Circuit Bank 1 Sensor 3,40,P0
P0148,Fuel Delivery Error,19,P0
P0149,Fuel Timing Error,17,P0
P014A,O2 Sensor Delayed Response - Rich to Lean Bank 2 Sensor 2,57,P0
P014B,O2 Sensor Delayed Response - Lean to Rich Bank 2 Sensor 2,57,P0
P014C,O2 Sensor Slow Response - Rich to Lean Bank 1 Sensor 1,54,P0
P014D,O2 Sensor Slow Response - Lean to Rich Bank 1 Sensor 1,54,P0
P014E,O2 Sensor Slow Response - Rich to Lean Bank 2 Sensor 1,54,P0
P014F,O2 Sensor Slow Response - Lean to Rich Bank 2 Sensor 1,54,P0
P0150,O2 Sensor Circuit Bank 2 Sensor 1,33,P0
P0151,O2 Sensor Circuit Low Voltage Bank 2 Sensor 1,45,P0
P0152,O2 Sensor Circuit High Voltage Bank 2 Sensor 1,46,P0
P0153,O2 Sensor Circuit Slow Response Bank 2 Sensor 1,47,P0
P0154,O2 Sensor Circuit No Activity Detected Bank 2 Sensor 1,54,P0
P0155,O2 Sensor Heater Circuit Bank 2 Sensor 1,40,P0
P0156,O2 Sensor Circuit Bank 2 Sensor 2,33,P0
P0157,O2 Sensor Circuit Low Voltage Bank 2 Sensor 2,45,P0
P0158,O2 Sensor Circuit High Voltage Bank 2 Sensor 2,46,P0
P0159,O2 Sensor Circuit Slow Response Bank 2 Sensor 2,47,P0
P015A,O2 Sensor Delayed Response - Rich to Lean Bank 1 Sensor 1,57,P0
P015B,O2 Sensor Delayed Response - Lean to Rich Bank 1 Sensor 1,57,P0
P015C,O2 Sensor Delayed Response - Rich to Lean Bank 2 Sensor 1,57,P0
P015D,O2 Sensor Delayed Response - Lean to Rich Bank 2 Sensor 1,57,P0
P015E,Excessive Time to Enter Closed Loop Fuel Timing Control,55,P0
P015F,Excessive Time to Enter Closed Loop Cylinder Balance Control,60,P0
P0160,O2 Sensor Circuit No Activity Detected Bank 2 Sensor 2,54,P0
P0161,O2 Sensor Heater Circuit Bank 2 Sensor 2,40,P0
P0162,O2 Sensor Circuit Bank 2 Sensor 3,33,P0
P0163,O2 Sensor Circuit Low Voltage Bank 2 Sensor 3,45,P0
P0164,O2 Sensor Circuit High Voltage Bank 2 Sensor 3,46,P0
P0165,O2 Sensor Circuit Slow Response Bank 2 Sensor 3,47,P0
P0166,O2 Sensor Circuit No Activity Detected Bank 2 Sensor 3,54,P0
P0167,O2 Sensor Heater Circuit Bank 2 Sensor 3,40,P0
P0168,Fuel Temperature Too High,25,P0
P0169,Incorrect Fuel Composition,26,P0
P016A,Excessive Time To Enter Closed Loop Air/Fuel Ratio Control,58,P0
P016B,Closed Loop Air/Fuel Ratio Control At Limit - System Too Rich,61,P0
P016C,Closed Loop Air/Fuel Ratio Control At Limit - System Too Lean,61,P0
P016D,Excessive Time To Enter Closed Loop Fuel Pressure Control,57,P0
P016E,Closed Loop Fuel Pressure Control At Limit - Pressure Too High,62,P0
P016F,Closed Loop Fuel Pressure Control At Limit - Pressure Too Low,61,P0
P0170,Fuel Trim Bank 1,16,P0
P0171,System Too Lean Bank 1,22,P0
P0172,System Too Rich Bank 1,22,P0
P0173,Fuel Trim Bank 2,16,P0
P0174,System Too Lean Bank 2,22,P0
P0175,System Too Rich Bank 2,22,P0
P0176,Fuel Composition Sensor Circuit,31,P0
P0177,Fuel Composition Sensor Circuit Range/Performance,49,P0
P0178,Fuel Composition Sensor Circuit Low,35,P0
P0179,Fuel Composition Sensor Circuit High,36,P0
P017A,Cylinder Head Temperature Sensor A Circuit,42,P0
P017B,Cylinder Head Temperature Sensor A Range/Performance,52,P0
P017C,Cylinder Head Temperature Sensor A Circuit Low,46,P0
P017D,Cylinder Head Temperature Sensor A Circuit High,47,P0
P017E,Cylinder Head Temperature Sensor A Circuit Intermittent/Erratic,63,P0
P017F,EVAP System Leak Detection Pump Module Air Filter Restricted,60,P0
P0180,Fuel Temperature Sensor A Circuit,33,P0
P0181,Fuel Temperature Sensor A Circuit Range/Performance,51,P0
P0182,Fuel Temperature Sensor A Circuit Low,37,P0
P0183,Fuel Temperature Sensor A Circuit High,38,P0
P0184,Fuel Temperature Sensor A Circuit Intermittent,46,P0
P0185,Fuel Temperature Sensor B Circuit,33,P0
P0186,Fuel Temperature Sensor B Circuit Range/Performance,51,P0
P0187,Fuel Temperature Sensor B Circuit Low,37,P0
P0188,Fuel Temperature Sensor B Circuit High,38,P0
P0189,Fuel Temperature Sensor B Circuit Intermittent,46,P0
P018A,Fuel Pressure Sensor B Circuit,30,P0
P018B,Fuel Pressure Sensor B Circuit Range/Performance,48,P0
P018C,Fuel Pressure Sensor B Circuit Low,34,P0
P018D,Fuel Pressure Sensor B Circuit High,35,P0
P018E,Fuel Pressure Sensor B Circuit Intermittent/Erratic,51,P0
P018F,Fuel System Over Pressure Relief Valve Frequent Activation,58,P0
P0190,Fuel Rail Pressure Sensor Circuit Bank 1,40,P0
P0191,Fuel Rail Pressure Sensor Circuit Range/Performance Bank 1,58,P0
P0192,Fuel Rail Pressure Sensor Circuit Low Bank 1,44,P0
P0193,Fuel Rail Pressure Sensor Circuit High Bank 1,45,P0
P0194,Fuel Rail Pressure Sensor Circuit Intermittent/Erratic Bank 1,61,P0
P0195,Engine Oil Temperature Sensor A Circuit,39,P0
P0196,Engine Oil Temperature Sensor A Range/Performance,49,P0
P0197,Engine Oil Temperature Sensor A Circuit Low,43,P0
P0198,Engine Oil Temperature Sensor A Circuit High,44,P0
P0199,Engine Oil Temperature Sensor A Circuit Intermittent/Erratic,60,P0
P019A,O2 Sensor Delayed Response - Rich to Lean Bank 1 Sensor 3,57,P0
P019B,O2 Sensor Delayed Response - Lean to Rich Bank 1 Sensor 3,57,P0
P019C,O2 Sensor Delayed Response - Rich to Lean Bank 2 Sensor 3,57,P0
P019D,O2 Sensor Delayed Response - Lean to Rich Bank 2 Sensor 3,57,P0
P019E,Alternative Fuel Tank A Pressure Sensor Circuit,47,P0
P019F,Alternative Fuel Tank A Pressure Sensor Performance,51,P0
P01A0,Alternative Fuel Tank A Pressure Sensor Circuit Low,51,P0
P01A1,Alternative Fuel Tank A Pressure Sensor Circuit High,52,P0
P01A2,Alternative Fuel Tank A Pressure Sensor Circuit Intermittent/Erratic,68,P0
P01A3,Alternative Fuel Rail Pressure Sensor Circuit,45,P0
P01A4,Alternative Fuel Rail Pressure Sensor Performance,49,P0
P01A5,Alternative Fuel Rail Pressure Sensor Circuit Low,49,P0
P01A6,Alternative Fuel Rail Pressure Sensor Circuit High,50,P0
P01A7,Alternative Fuel Rail Pressure Sensor Circuit Intermittent/Erratic,66,P0
P01A8,Alternative Fuel Rail/System Pressure - Too Low,47,P0
P01A9,Alternative Fuel Rail/System Pressure - Too High,48,P0
P01AA,Alternative Fuel Tank Temperature Sensor Circuit,48,P0
P01AB,Alternative Fuel Tank Temperature Sensor Range/Performance,58,P0
P01AC,Alternative Fuel Tank Temperature Sensor Circuit Low,52,P0
P01AD,Alternative Fuel Tank Temperature Sensor Circuit High,53,P0
P01AE,Alternative Fuel Tank Temperature Sensor Circuit Intermittent/Erratic,69,P0
P01AF,Alternative Fuel Tank A Level Sensor Circuit,44,P0
P01B0,Alternative Fuel Tank A Level Sensor Range/Performance,54,P0
P01B1,Alternative Fuel Tank A Level Sensor Circuit Low,48,P0
P01B2,Alternative Fuel Tank A Level Sensor Circuit High,49,P0
P01B3,Alternative Fuel Tank A Level Sensor Circuit Intermittent/Erratic,65,P0
P01B4,Alternative Fuel Rail Temperature Sensor Circuit,48,P0
P01B5,Alternative Fuel Rail Temperature Sensor Performance,52,P0
P01B6,Alternative Fuel Rail Temperature Sensor Circuit Low,52,P0
P01B7,Alternative Fuel Rail Temperature Sensor Circuit High,53,P0
P01B8,Alternative Fuel Rail Temperature Sensor Circuit Intermittent/Erratic,69,P0
P01B9,Engine Oil Temperature Sensor B Circuit,39,P0
P01BA,Engine Oil Temperature Sensor B Range/Performance,49,P0
P01BB,Engine Oil Temperature Sensor B Circuit Low,43,P0
P01BC,Engine Oil Temperature Sensor B Circuit High,44,P0
P01BD,Engine Oil Temperature Sensor B Circuit Intermittent/Erratic,60,P0
P01BE,Fuel Rail Pressure Sensor Circuit Bank 2,40,P0
P01BF,Fuel Rail Pressure Sensor Circuit Range/Performance Bank 2,58,P0
P01C0,Fuel Rail Pressure Sensor Circuit Low Bank 2,44,P0
P01C1,Fuel Rail Pressure Sensor Circuit High Bank 2,45,P0
P01C2,Fuel Rail Pressure Sensor Circuit Intermittent/Erratic Bank 2,61,P0
P01C3,Fuel Pressure Sensor A Circuit,30,P0
P01C4,Fuel Pressure Sensor A Circuit Range/Performance,48,P0
P01C5,Fuel Pressure Sensor A Circuit Low,34,P0
P01C6,Fuel Pressure Sensor A Circuit High,35,P0
P01C7,Fuel Pressure Sensor A Circuit Intermittent/Erratic,51,P0
P01C8,Fuel Rail/System Pressure - Too Low Bank 2,42,P0
P01C9,Fuel Rail/System Pressure - Too High Bank 2,43,P0
P01CA,Fuel Rail Pressure Too Low - Engine Cranking Bank 2,51,P0
P01CB,Cylinder 1 Injection Timing Performance - Over Retarded,55,P0
P01CC,Cylinder 1 Injection Timing Performance - Over Advanced,55,P0
P01CD,Cylinder 2 Injection Timing Performance - Over Retarded,55,P0
P01CE,Cylinder 2 Injection Timing Performance - Over Advanced,55,P0
P01CF,Cylinder 3 Injection Timing Performance - Over Retarded,55,P0
P01D0,Cylinder 3 Injection Timing Performance - Over Advanced,55,P0
P01D1,Cylinder 4 Injection Timing Performance - Over Retarded,55,P0
P01D2,Cylinder 4 Injection Timing Performance - Over Advanced,55,P0
P01D3,Cylinder 5 Injection Timing Performance - Over Retarded,55,P0
P01D4,Cylinder 5 Injection Timing Performance - Over Advanced,55,P0
P01D5,Cylinder 6 Injection Timing Performance - Over Retarded,55,P0
P01D6,Cylinder 6 Injection Timing Performance - Over Advanced,55,P0
P01D7,Cylinder 7 Injection Timing Performance - Over Retarded,55,P0
P01D8,Cylinder 7 Injection Timing Performance - Over Advanced,55,P0
P01D9,Cylinder 8 Injection Timing Performance - Over Retarded,55,P0
P01DA,Cylinder 8 Injection Timing Performance - Over Advanced,55,P0
P01DB,Cylinder 9 Injection Timing Performance - Over Retarded,55,P0
P01DC,Cylinder 9 Injection Timing Performance - Over Advanced,55,P0
P01DD,Cylinder 10 Injection Timing Performance - Over Retarded,56,P0
P01DE,Cylinder 10 Injection Timing Performance - Over Advanced,56,P0
P01DF,Cylinder 11 Injection Timing Performance - Over Retarded,56,P0
P01E0,Cylinder 11 Injection Timing Performance - Over Advanced,56,P0
P01E1,Cylinder 12 Injection Timing Performance - Over Retarded,56,P0
P01E2,Cylinder 12 Injection Timing Performance - Over Advanced,56,P0
P01E3,Engine Coolant Temperature Sensor 3 Circuit,43,P0
P01E4,Engine Coolant Temperature Sensor 3 Circuit Range/Performance,61,P0
P01E5,Engine Coolant Temperature Sensor 3 Circuit Low,47,P0
P01E6,Engine Coolant Temperature Sensor 3 Circuit High,48,P0
P01E7,Engine Coolant Temperature Sensor 3 Circuit Intermittent/Erratic,64,P0
P01E8,Engine Coolant Heater A Control Circuit/Open,44,P0
P01E9,Engine Coolant Heater A Control Circuit Low,43,P0
P01EA,Engine Coolant Heater A Control Circuit High,44,P0
P01EB,Engine Coolant Heater A Control Circuit Performance,51,P0
P01EC,Engine Coolant Heater B Control Circuit/Open,44,P0
P01ED,Engine Coolant Heater B Control Circuit Low,43,P0
P01EE,Engine Coolant Heater B Control Circuit High,44,P0
P01EF,Engine Coolant Heater B Control Circuit Performance,51,P0
P01F0,Coolant Temperature Relapsed Below Diagnostic Monitoring Temperature,68,P0
P01F1,O2 Sensor Circuit Bank 1 Sensor 4,33,P0
P01F2,O2 Sensor Circuit Low Voltage Bank 1 Sensor 4,45,P0
P01F3,O2 Sensor Circuit High Voltage Bank 1 Sensor 4,46,P0
P01F4,O2 Sensor Circuit Slow Response Bank 1 Sensor 4,47,P0
P01F5,O2 Sensor Circuit No Activity Detected Bank 1 Sensor 4,54,P0
P01F6,O2 Sensor Signal Biased/Stuck Lean Bank 1 Sensor 4,50,P0
P01F7,O2 Sensor Signal Biased/Stuck Rich Bank 1 Sensor 4,50,P0
P01F8,Engine Coolant Heater A Control Circuit Driver Current/Temperature Too High,75,P0
P01F9,Engine Coolant Heater B Control Circuit Driver Current/Temperature Too High,75,P0
P01FA,Turbocharger Outlet Pressure Sensor B Circuit,45,P0
P01FB,Turbocharger Outlet Pressure Sensor B Range/Performance,55,P0
P01FC,Turbocharger Outlet Pressure Sensor B Circuit Low,49,P0
P01FD,Turbocharger Outlet Pressure Sensor B Circuit High,50,P0
P01FE,Turbocharger Outlet Pressure Sensor B Intermittent/Erratic,58,P0
P01FF,Turbocharger Outlet Pressure Sensor A/B Correlation,51,P0
P0200,Injector Circuit/Open,21,P0
P0201,Cylinder 1 Injector A Circuit,29,P0
P0202,Cylinder 2 Injector A Circuit,29,P0
P0203,Cylinder 3 Injector A Circuit,29,P0
P0204,Cylinder 4 Injector A Circuit,29,P0
P0205,Cylinder 5 Injector A Circuit,29,P0
P0206,Cylinder 6 Injector A Circuit,29,P0
P0207,Cylinder 7 Injector A Circuit,29,P0
P0208,Cylinder 8 Injector A Circuit,29,P0
P0209,Cylinder 9 Injector A Circuit,29,P0
P020A,Cylinder 1 Injection Timing,27,P0
P020B,Cylinder 2 Injection Timing,27,P0
P020C,Cylinder 3 Injection Timing,27,P0
P020D,Cylinder 4 Injection Timing,27,P0
P020E,Cylinder 5 Injection Timing,27,P0
P020F,Cylinder 6 Injection Timing,27,P0
P0210,Cylinder 10 Injector A Circuit,30,P0
P0211,Cylinder 11 Injector A Circuit,30,P0
P0212,Cylinder 12 Injector A Circuit,30,P0
P0213,Cold Start Injector 1,21,P0
P0214,Cold Start Injector 2,21,P0
P0215,Engine Shutoff Solenoid,23,P0
P0216,Injector/Injection Timing Control Circuit,41,P0
P0217,Engine Coolant Over Temperature Condition,41,P0
P0218,Transmission Fluid Temperature Sensor A Over Temperature Condition,66,P0
P0219,Engine Overspeed Condition,26,P0
P021A,Cylinder 7 Injection Timing,27,P0
P021B,Cylinder 8 Injection Timing,27,P0
P021C,Cylinder 9 Injection Timing,27,P0
P021D,Cylinder 10 Injection Timing,28,P0
P021E,Cylinder 11 Injection Timing,28,P0
P021F,Cylinder 12 Injection Timing,28,P0
P0220,Throttle/Pedal Position Sensor/Switch B Circuit,47,P0
P0221,Throttle/Pedal Position Sensor/Switch B Circuit Range/Performance,65,P0
P0222,Throttle/Pedal Position Sensor/Switch B Circuit Low,51,P0
P0223,Throttle/Pedal Position Sensor/Switch B Circuit High,52,P0
P0224,Throttle/Pedal Position Sensor/Switch B Circuit Intermittent,60,P0
P0225,Throttle/Pedal Position Sensor/Switch C Circuit,47,P0
P0226,Throttle/Pedal Position Sensor/Switch C Circuit Range/Performance,65,P0
P0227,Throttle/Pedal Position Sensor/Switch C Circuit Low,51,P0
P0228,Throttle/Pedal Position Sensor/Switch C Circuit High,52,P0
P0229,Throttle/Pedal Position Sensor/Switch C Circuit Intermittent,60,P0
P022A,Charge Air Cooler Bypass Control A Circuit /Open,48,P0
P022B,Charge Air Cooler Bypass Control A Circuit Low,46,P0
P022C,Charge Air Cooler Bypass Control A Circuit High,47,P0
P022D,Charge Air Cooler Bypass Control B Circuit /Open,48,P0
P022E,Charge Air Cooler Bypass Control B Circuit Low,46,P0
P022F,Charge Air Cooler Bypass Control B Circuit High,47,P0
P0230,Fuel Pump Primary Circuit,25,P0
P0231,Fuel Pump Secondary Circuit Low,31,P0
P0232,Fuel Pump Secondary Circuit High,32,P0
P0233,Fuel Pump Secondary Circuit Intermittent,40,P0
P0234,Turbocharger/Supercharger A Overboost Condition,47,P0
P0235,Turbocharger/Supercharger Boost Sensor A Circuit,48,P0
P0236,Turbocharger/Supercharger Boost Sensor A Circuit Range/Performance,66,P0
P0237,Turbocharger/Supercharger Boost Sensor A Circuit Low,52,P0
P0238,Turbocharger/Supercharger Boost Sensor A Circuit High,53,P0
P0239,Turbocharger/Supercharger Boost Sensor B Circuit,48,P0
P023A,Charge Air Cooler Coolant Pump A Control Circuit/Open,53,P0
P023B,Charge Air Cooler Coolant Pump A Control Circuit Low,52,P0
P023C,Charge Air Cooler Coolant Pump A Control Circuit High,53,P0
P023D,Manifold Absolute Pressure - Turbocharger/Supercharger Boost Sensor A Correlation,81,P0
P023E,Manifold Absolute Pressure - Turbocharger/Supercharger Boost Sensor B Correlation,81,P0
P023F,Fuel Pump Secondary Circuit/Open,32,P0
P0240,Turbocharger/Supercharger Boost Sensor B Circuit Range/Performance,66,P0
P0241,Turbocharger/Supercharger Boost Sensor B Circuit Low,52,P0
P0242,Turbocharger/Supercharger Boost Sensor B Circuit High,53,P0
P0243,Turbocharger/Supercharger Wastegate Actuator A,46,P0
P0244,Turbocharger/Supercharger Wastegate Actuator A Range/Performance,64,P0
P0245,Turbocharger/Supercharger Wastegate Actuator A Low,50,P0
P0246,Turbocharger/Supercharger Wastegate Actuator A High,51,P0
P0247,Turbocharger/Supercharger Wastegate Actuator B,46,P0
P0248,Turbocharger/Supercharger Wastegate Actuator B Range/Performance,64,P0
P0249,Turbocharger/Supercharger Wastegate Actuator B Low,50,P0
P024A,Charge Air Cooler Bypass Control A Range/Performance,52,P0
P024B,Charge Air Cooler Bypass Control A Stuck,40,P0
P024C,Charge Air Cooler Bypass Position Sensor A Circuit,50,P0
P024D,Charge Air Cooler Bypass Position Sensor A Circuit Range/Performance,68,P0
P024E,Charge Air Cooler Bypass Position Sensor A Circuit Low,54,P0
P024F,Charge Air Cooler Bypass Position Sensor A Circuit High,55,P0
P0250,Turbocharger/Supercharger Wastegate Actuator B High,51,P0
P0251,Injection Pump Fuel Metering Control A (Cam/Rotor/Injector),59,P0
P0252,Injection Pump Fuel Metering Control A Range/Performance (Cam/Rotor/Injector),77,P0
P0253,Injection Pump Fuel Metering Control A Low (Cam/Rotor/Injector),63,P0
P0254,Injection Pump Fuel Metering Control A High (Cam/Rotor/Injector),64,P0
P0255,Injection Pump Fuel Metering Control A Intermittent (Cam/Rotor/Injector),72,P0
P0256,Injection Pump Fuel Metering Control B (Cam/Rotor/Injector),59,P0
P0257,Injection Pump Fuel Metering Control B Range/Performance (Cam/Rotor/Injector),77,P0
P0258,Injection Pump Fuel Metering Control B Low (Cam/Rotor/Injector),63,P0
P0259,Injection Pump Fuel Metering Control B High (Cam/Rotor/Injector),64,P0
P025A,Fuel Pump Module A Control Circuit/Open,39,P0
P025B,Fuel Pump Module A Control Circuit Range/Performance,52,P0
P025C,Fuel Pump Module A Control Circuit Low,38,P0
P025D,Fuel Pump Module A Control Circuit High,39,P0
P025E,Turbocharger/Supercharger Boost Sensor A Intermittent/Erratic,61,P0
P025F,Turbocharger/Supercharger Boost Sensor B Intermittent/Erratic,61,P0
P0260,Injection Pump Fuel Metering Control B Intermittent (Cam/Rotor/Injector),72,P0
P0261,Cylinder 1 Injector A Circuit Low,33,P0
P0262,Cylinder 1 Injector A Circuit High,34,P0
P0263,Cylinder 1 Contribution/Balance,31,P0
P0264,Cylinder 2 Injector A Circuit Low,33,P0
P0265,Cylinder 2 Injector A Circuit High,34,P0
P0266,Cylinder 2 Contribution/Balance,31,P0
P0267,Cylinder 3 Injector A Circuit Low,33,P0
P0268,Cylinder 3 Injector A Circuit High,34,P0
P0269,Cylinder 3 Contribution/Balance,31,P0
P026A,Charge Air Cooler Efficiency Below Threshold,44,P0
P026B,Injection Timing Performance,28,P0
P026C,Fuel Injection Quantity A Lower Than Expected,45,P0
P026D,Fuel Injection Quantity A Higher Than Expected,46,P0
P026E,Charge Air Cooler Coolant Pump A Performance,44,P0
P026F,Coolant Thermostat Performance,30,P0
P0270,Cylinder 4 Injector A Circuit Low,33,P0
P0271,Cylinder 4 Injector A Circuit High,34,P0
P0272,Cylinder 4 Contribution/Balance,31,P0
P0273,Cylinder 5 Injector A Circuit Low,33,P0
P0274,Cylinder 5 Injector A Circuit High,34,P0
P0275,Cylinder 5 Contribution/Balance,31,P0
P0276,Cylinder 6 Injector A Circuit Low,33,P0
P0277,Cylinder 6 Injector A Circuit High,34,P0
P0278,Cylinder 6 Contribution/Balance,31,P0
P0279,Cylinder 7 Injector A Circuit Low,33,P0
P027A,Fuel Pump Module B Control Circuit/Open,39,P0
P027B,Fuel Pump Module B Control Circuit Range/Performance,52,P0
P027C,Fuel Pump Module B Control Circuit Low,38,P0
P027D,Fuel Pump Module B Control Circuit High,39,P0
P027E,Cold Start Fuel Injection Quantity A Lower Than Expected,56,P0
P027F,Cold Start Fuel Injection Quantity A Higher Than Expected,57,P0
P0280,Cylinder 7 Injector A Circuit High,34,P0
P0281,Cylinder 7 Contribution/Balance,31,P0
P0282,Cylinder 8 Injector A Circuit Low,33,P0
P0283,Cylinder 8 Injector A Circuit High,34,P0
P0284,Cylinder 8 Contribution/Balance,31,P0
P0285,Cylinder 9 Injector A Circuit Low,33,P0
P0286,Cylinder 9 Injector A Circuit High,34,P0
P0287,Cylinder 9 Contribution/Balance,31,P0
P0288,Cylinder 10 Injector A Circuit Low,34,P0
P0289,Cylinder 10 Injector A Circuit High,35,P0
P028A,Charge Air Cooler Cooling Fan Control Circuit/Open,50,P0
P028B,Charge Air Cooler Cooling Fan Performance/Stuck Off,51,P0
P028C,Charge Air Cooler Cooling Fan Stuck On,38,P0
P028D,Charge Air Cooler Cooling Fan Control Circuit Low,49,P0
P028E,Charge Air Cooler Cooling Fan Control Circuit High,50,P0
P028F,Charge Air Cooler Cooling Fan Control Circuit Driver Performance,64,P0
P0290,Cylinder 10 Contribution/Balance,32,P0
P0291,Cylinder 11 Injector A Circuit Low,34,P0
P0292,Cylinder 11 Injector A Circuit High,35,P0
P0293,Cylinder 11 Contribution/Balance,32,P0
P0294,Cylinder 12 Injector A Circuit Low,34,P0
P0295,Cylinder 12 Injector A Circuit High,35,P0
P0296,Cylinder 12 Contribution/Balance,32,P0
P0297,Vehicle Overspeed Condition,27,P0
P0298,Engine Oil Over Temperature,27,P0
P0299,Turbocharger/Supercharger A Underboost Condition,48,P0
P029A,Cylinder 1 - Fuel Trim at Max Limit,35,P0
P029B,Cylinder 1 - Fuel Trim at Min Limit,35,P0
P029C,Cylinder 1 - Injector Restricted,32,P0
P029D,Cylinder 1 - Injector Leaking,29,P0
P029E,Cylinder 2 - Fuel Trim at Max Limit,35,P0
P029F,Cylinder 2 - Fuel Trim at Min Limit,35,P0
P02A0,Cylinder 2 - Injector Restricted,32,P0
P02A1,Cylinder 2 - Injector Leaking,29,P0
P02A2,Cylinder 3 - Fuel Trim at Max Limit,35,P0
P02A3,Cylinder 3 - Fuel Trim at Min Limit,35,P0
P02A4,Cylinder 3 - Injector Restricted,32,P0
P02A5,Cylinder 3 - Injector Leaking,29,P0
P02A6,Cylinder 4 - Fuel Trim at Max Limit,35,P0
P02A7,Cylinder 4 - Fuel Trim at Min Limit,35,P0
P02A8,Cylinder 4 - Injector Restricted,32,P0
P02A9,Cylinder 4 - Injector Leaking,29,P0
P02AA,Cylinder 5 - Fuel Trim at Max Limit,35,P0
P02AB,Cylinder 5 - Fuel Trim at Min Limit,35,P0
P02AC,Cylinder 5 - Injector Restricted,32,P0
P02AD,Cylinder 5 - Injector Leaking,29,P0
P02AE,Cylinder 6 - Fuel Trim at Max Limit,35,P0
P02AF,Cylinder 6 - Fuel Trim at Min Limit,35,P0
P02B0,Cylinder 6 - Injector Restricted,32,P0
P02B1,Cylinder 6 - Injector Leaking,29,P0
P02B2,Cylinder 7 - Fuel Trim at Max Limit,35,P0
P02B3,Cylinder 7 - Fuel Trim at Min Limit,35,P0
P02B4,Cylinder 7 - Injector Restricted,32,P0
P02B5,Cylinder 7 - Injector Leaking,29,P0
P02B6,Cylinder 8 - Fuel Trim at Max Limit,35,P0
P02B7,Cylinder 8 - Fuel Trim at Min Limit,35,P0
P02B8,Cylinder 8 - Injector Restricted,32,P0
P02B9,Cylinder 8 - Injector Leaking,29,P0
P02BA,Cylinder 9 - Fuel Trim at Max Limit,35,P0
P02BB,Cylinder 9 - Fuel Trim at Min Limit,35,P0
P02BC,Cylinder 9 - Injector Restricted,32,P0
P02BD,Cylinder 9 - Injector Leaking,29,P0
P02BE,Cylinder 10 - Fuel Trim at Max Limit,36,P0
P02BF,Cylinder 10 - Fuel Trim at Min Limit,36,P0
P02C0,Cylinder 10 - Injector Restricted,33,P0
P02C1,Cylinder 10 - Injector Leaking,30,P0
P02C2,Cylinder 11 - Fuel Trim at Max Limit,36,P0
P02C3,Cylinder 11 - Fuel Trim at Min Limit,36,P0
P02C4,Cylinder 11 - Injector Restricted,33,P0
P02C5,Cylinder 11 - Injector Leaking,30,P0
P02C6,Cylinder 12 - Fuel Trim at Max Limit,36,P0
P02C7,Cylinder 12 - Fuel Trim at Min Limit,36,P0
P02C8,Cylinder 12 - Injector Restricted,33,P0
P02C9,Cylinder 12 - Injector Leaking,30,P0
P02CA,Turbocharger/Supercharger B Overboost Condition,47,P0
P02CB,Turbocharger/Supercharger B Underboost Condition,48,P0
P02CC,Cylinder 1 Fuel Injector A Offset Learning At Min Limit,55,P0
P02CD,Cylinder 1 Fuel Injector A Offset Learning At Max Limit,55,P0
P02CE,Cylinder 2 Fuel Injector A Offset Learning At Min Limit,55,P0
P02CF,Cylinder 2 Fuel Injector A Offset Learning At Max Limit,55,P0
P02D0,Cylinder 3 Fuel Injector A Offset Learning At Min Limit,55,P0
P02D1,Cylinder 3 Fuel Injector A Offset Learning At Max Limit,55,P0
P02D2,Cylinder 4 Fuel Injector A Offset Learning At Min Limit,55,P0
P02D3,Cylinder 4 Fuel Injector A Offset Learning At Max Limit,55,P0
P02D4,Cylinder 5 Fuel Injector A Offset Learning At Min Limit,55,P0
P02D5,Cylinder 5 Fuel Injector A Offset Learning At Max Limit,55,P0
P02D6,Cylinder 6 Fuel Injector A Offset Learning At Min Limit,55,P0
P02D7,Cylinder 6 Fuel Injector A Offset Learning At Max Limit,55,P0
P02D8,Cylinder 7 Fuel Injector A Offset Learning At Min Limit,55,P0
P02D9,Cylinder 7 Fuel Injector A Offset Learning At Max Limit,55,P0
P02DA,Cylinder 8 Fuel Injector A Offset Learning At Min Limit,55,P0
P02DB,Cylinder 8 Fuel Injector A Offset Learning At Max Limit,55,P0
P02DC,Cylinder 9 Fuel Injector A Offset Learning At Min Limit,55,P0
P02DD,Cylinder 9 Fuel Injector A Offset Learning At Max Limit,55,P0
P02DE,Cylinder 10 Fuel Injector A Offset Learning At Min Limit,56,P0
P02DF,Cylinder 10 Fuel Injector A Offset Learning At Max Limit,56,P0
P02E0,Diesel Intake Air Flow A Control Circuit/Open,45,P0
P02E1,Diesel Intake Air Flow A Control Performance,44,P0
P02E2,Diesel Intake Air Flow A Control Circuit Low,44,P0
P02E3,Diesel Intake Air Flow A Control Circuit High,45,P0
P02E4,Diesel Intake Air Flow A Control Stuck Open,43,P0
P02E5,Diesel Intake Air Flow A Control Stuck Closed,45,P0
P02E6,Diesel Intake Air Flow A Position Sensor Circuit,48,P0
P02E7,Diesel Intake Air Flow A Position Sensor Circuit Range/Performance,66,P0
P02E8,Diesel Intake Air Flow A Position Sensor Circuit Low,52,P0
P02E9,Diesel Intake Air Flow A Position Sensor Circuit High,53,P0
P02EA,Diesel Intake Air Flow A Position Sensor Circuit Intermittent/Erratic,69,P0
P02EB,Diesel Intake Air Flow A Control Motor Current Range/Performance,64,P0
P02EC,Diesel Intake Air Flow A Control System - High Air Flow Detected,64,P0
P02ED,Diesel Intake Air Flow A Control System - Low Air Flow Detected,63,P0
P02EE,Cylinder 1 Injector Circuit Range/Performance,45,P0
P02EF,Cylinder 2 Injector Circuit Range/Performance,45,P0
P02F0,Cylinder 3 Injector Circuit Range/Performance,45,P0
P02F1,Cylinder 4 Injector Circuit Range/Performance,45,P0
P02F2,Cylinder 5 Injector Circuit Range/Performance,45,P0
P02F3,Cylinder 6 Injector Circuit Range/Performance,45,P0
P02F4,Cylinder 7 Injector Circuit Range/Performance,45,P0
P02F5,Cylinder 8 Injector Circuit Range/Performance,45,P0
P02F6,Cylinder 9 Injector Circuit Range/Performance,45,P0
P02F7,Cylinder 10 Injector Circuit Range/Performance,46,P0
P02F8,Cylinder 11 Injector Circuit Range/Performance,46,P0
P02F9,Cylinder 12 Injector Circuit Range/Performance,46,P0
P02FA,Diesel Intake Air Flow Position Sensor Minimum/Maximum Stop Performance,71,P0
P02FB,Cold Start Fuel Injection Control Circuit/Open,46,P0
P02FC,Cold Start Fuel Injection Control Circuit Low,45,P0
P02FD,Cold Start Fuel Injection Control Circuit High,46,P0
P02FE,Cold Start Fuel Injection Control Circuit Range/Performance,59,P0
P02FF,Propulsion System Inactive Timer Performance,44,P0
P0300,Random/Multiple Cylinder Misfire Detected,41,P0
P0301,Cylinder 1 Misfire Detected,27,P0
P0302,Cylinder 2 Misfire Detected,27,P0
P0303,Cylinder 3 Misfire Detected,27,P0
P0304,Cylinder 4 Misfire Detected,27,P0
P0305,Cylinder 5 Misfire Detected,27,P0
P0306,Cylinder 6 Misfire Detected,27,P0
P0307,Cylinder 7 Misfire Detected,27,P0
P0308,Cylinder 8 Misfire Detected,27,P0
P0309,Cylinder 9 Misfire Detected,27,P0
P030A,Ignition A Control Signal Circuit/Open,38,P0
P030B,Ignition A Control Signal Circuit Low,37,P0
P030C,Ignition A Control Signal Circuit High,38,P0
P030D,Ignition B Control Signal Circuit/Open,38,P0
P030E,Ignition B Control Signal Circuit Low,37,P0
P030F,Ignition B Control Signal Circuit High,38,P0
P0310,Cylinder 10 Misfire Detected,28,P0
P0311,Cylinder 11 Misfire Detected,28,P0
P0312,Cylinder 12 Misfire Detected,28,P0
P0313,Misfire Detected With Low Fuel,30,P0
P0314,Single Cylinder Misfire (Cylinder not Specified),48,P0
P0315,Crankshaft Position System Variation Not Learned,48,P0
P0316,Engine Misfire Detected on Startup (First 1000 Revolutions),59,P0
P0317,Rough Road Hardware Not Present,31,P0
P0318,Rough Road Sensor A Signal Circuit,34,P0
P0319,Rough Road Sensor B Signal Circuit,34,P0
P031A,Ignition C Control Signal Circuit/Open,38,P0
P031B,Ignition C Control Signal Circuit Low,37,P0
P031C,Ignition C Control Signal Circuit High,38,P0
P031D,Ignition D Control Signal Circuit/Open,38,P0
P031E,Ignition D Control Signal Circuit Low,37,P0
P031F,Ignition D Control Signal Circuit High,38,P0
P0320,Ignition/Distributor Engine Speed Input Circuit,47,P0
P0321,Ignition/Distributor Engine Speed Input Circuit Range/Performance,65,P0
P0322,Ignition/Distributor Engine Speed Input Circuit No Signal,57,P0
P0323,Ignition/Distributor Engine Speed Input Circuit Intermittent,60,P0
P0324,Knock/Combustion Vibration Control System Error,47,P0
P0325,Knock/Combustion Vibration Sensor A Circuit,43,P0
P0326,Knock/Combustion Vibration Sensor A Circuit Range/Performance,61,P0
P0327,Knock/Combustion Vibration Sensor A Circuit Low,47,P0
P0328,Knock/Combustion Vibration Sensor A Circuit High,48,P0
P0329,Knock/Combustion Vibration Sensor A Circuit Intermittent,56,P0
P032A,Knock/Combustion Vibration Sensor C Circuit,43,P0
P032B,Knock/Combustion Vibration Sensor C Circuit Range/Performance,61,P0
P032C,Knock/Combustion Vibration Sensor C Circuit Low,47,P0
P032D,Knock/Combustion Vibration Sensor C Circuit High,48,P0
P032E,Knock/Combustion Vibration Sensor C Circuit Intermittent,56,P0
P032F,Combustion Engine Producing Insufficent Torque,46,P0
P0330,Knock/Combustion Vibration Sensor B Circuit,43,P0
P0331,Knock/Combustion Vibration Sensor B Circuit Range/Performance,61,P0
P0332,Knock/Combustion Vibration Sensor B Circuit Low,47,P0
P0333,Knock/Combustion Vibration Sensor B Circuit High,48,P0
P0334,Knock/Combustion Vibration Sensor B Circuit Intermittent,56,P0
P0335,Crankshaft Position Sensor A Circuit,36,P0
P0336,Crankshaft Position Sensor A Circuit Range/Performance,54,P0
P0337,Crankshaft Position Sensor A Circuit Low,40,P0
P0338,Crankshaft Position Sensor A Circuit High,41,P0
P0339,Crankshaft Position Sensor A Circuit Intermittent,49,P0
P033A,Knock/Combustion Vibration Sensor D Circuit,43,P0
P033B,Knock/Combustion Vibration Sensor D Circuit Range/Performance,61,P0
P033C,Knock/Combustion Vibration Sensor D Circuit Low,47,P0
P033D,Knock/Combustion Vibration Sensor D Circuit High,48,P0
P033E,Knock/Combustion Vibration Sensor D Circuit Intermittent,56,P0
P033F,Crankshaft/Camshaft Loss Of Synchronization,43,P0
P0340,Camshaft Position Sensor A Circuit Bank 1 or Single Sensor,58,P0
P0341,Camshaft Position Sensor A Circuit Range/Performance Bank 1 or Single Sensor,76,P0
P0342,Camshaft Position Sensor A Circuit Low Bank 1 or Single Sensor,62,P0
P0343,Camshaft Position Sensor A Circuit High Bank 1 or Single Sensor,63,P0
P0344,Camshaft Position Sensor A Circuit Intermittent Bank 1 or Single Sensor,71,P0
P0345,Camshaft Position Sensor A Circuit Bank 2,41,P0
P0346,Camshaft Position Sensor A Circuit Range/Performance Bank 2,59,P0
P0347,Camshaft Position Sensor A Circuit Low Bank 2,45,P0
P0348,Camshaft Position Sensor A Circuit High Bank 2,46,P0
P0349,Camshaft Position Sensor A Circuit Intermittent Bank 2,54,P0
P034A,Crankshaft Position Sensor - Crankshaft Start Position Incorrect,64,P0
P034B,Crankshaft Position Sensor - Crankshaft Direction Incorrect,59,P0
P034C,Ion Sense System Performance,28,P0
P0350,Ignition Coil Primary/Secondary Circuit/Open,44,P0
P0351,Ignition Coil A Primary Control Circuit/Open,44,P0
P0352,Ignition Coil B Primary Control Circuit/Open,44,P0
P0353,Ignition Coil C Primary Control Circuit/Open,44,P0
P0354,Ignition Coil D Primary Control Circuit/Open,44,P0
P0355,Ignition Coil E Primary Control Circuit/Open,44,P0
P0356,Ignition Coil F Primary Control Circuit/Open,44,P0
P0357,Ignition Coil G Primary Control Circuit/Open,44,P0
P0358,Ignition Coil H Primary Control Circuit/Open,44,P0
P0359,Ignition Coil I Primary Control Circuit/Open,44,P0
P035A,Ignition E Control Signal Circuit/Open,38,P0
P035B,Ignition E Control Signal Circuit Low,37,P0
P035C,Ignition E Control Signal Circuit High,38,P0
P035D,Ignition F Control Signal Circuit/Open,38,P0
P035E,Ignition F Control Signal Circuit Low,37,P0
P035F,Ignition F Control Signal Circuit High,38,P0
P0360,Ignition Coil J Primary Control Circuit/Open,44,P0
P0361,Ignition Coil K Primary Control Circuit/Open,44,P0
P0362,Ignition Coil L Primary Control Circuit/Open,44,P0
P0363,Misfire Detected - Fueling Disabled,35,P0
P0364,DC/AC Converter Control Module Control Circuit Range/Performance,64,P0
P0365,Camshaft Position Sensor B Circuit Bank 1,41,P0
P0366,Camshaft Position Sensor B Circuit Range/Performance Bank 1,59,P0
P0367,Camshaft Position Sensor B Circuit Low Bank 1,45,P0
P0368,Camshaft Position Sensor B Circuit High Bank 1,46,P0
P0369,Camshaft Position Sensor B Circuit Intermittent Bank 1,54,P0
P036A,Ignition G Control Signal Circuit/Open,38,P0
P036B,Ignition G Control Signal Circuit Low,37,P0
P036C,Ignition G Control Signal Circuit High,38,P0
P036D,Ignition H Control Signal Circuit/Open,38,P0
P036E,Ignition H Control Signal Circuit Low,37,P0
P036F,Ignition H Control Signal Circuit High,38,P0
P0370,Timing Reference High Resolution Signal A,41,P0
P0371,Timing Reference High Resolution Signal A Too Many Pulses,57,P0
P0372,Timing Reference High Resolution Signal A Too Few Pulses,56,P0
P0373,Timing Reference High Resolution Signal A Intermittent/Erratic Pulses,69,P0
P0374,Timing Reference High Resolution Signal A No Pulses,51,P0
P0375,Timing Reference High Resolution Signal B,41,P0
P0376,Timing Reference High Resolution Signal B Too Many Pulses,57,P0
P0377,Timing Reference High Resolution Signal B Too Few Pulses,56,P0
P0378,Timing Reference High Resolution Signal B Intermittent/Erratic Pulses,69,P0
P0379,Timing Reference High Resolution Signal B No Pulses,51,P0
P037A,Glow Plug/Heater Indicator Control Circuit Low,46,P0
P037B,Glow Plug/Heater Indicator Control Circuit High,47,P0
P037C,Cold Start Camshaft Profile System Performance,46,P0
P037D,Glow Plug Sense Circuit,23,P0
P037E,Glow Plug Sense Circuit Low,27,P0
P037F,Glow Plug Sense Circuit High,28,P0
P0380,Glow Plug/Heater Circuit A,26,P0
P0381,Glow Plug/Heater Indicator Control Circuit/Open,47,P0
P0382,Glow Plug/Heater Circuit B,26,P0
P0383,Glow Plug Control Module 1 Control Circuit Low,46,P0
P0384,Glow Plug Control Module 1 Control Circuit High,47,P0
P0385,Crankshaft Position Sensor B Circuit,36,P0
P0386,Crankshaft Position Sensor B Circuit Range/Performance,54,P0
P0387,Crankshaft Position Sensor B Circuit Low,40,P0
P0388,Crankshaft Position Sensor B Circuit High,41,P0
P0389,Crankshaft Position Sensor B Circuit Intermittent,49,P0
P038A,Ignition I Control Signal Circuit/Open,38,P0
P038B,Ignition I Control Signal Circuit Low,37,P0
P038C,Ignition I Control Signal Circuit High,38,P0
P038D,Ignition J Control Signal Circuit/Open,38,P0
P038E,Ignition J Control Signal Circuit Low,37,P0
P038F,Ignition J Control Signal Circuit High,38,P0
P0390,Camshaft Position Sensor B Circuit Bank 2,41,P0
P0391,Camshaft Position Sensor B Circuit Range/Performance Bank 2,59,P0
P0392,Camshaft Position Sensor B Circuit Low Bank 2,45,P0
P0393,Camshaft Position Sensor B Circuit High Bank 2,46,P0
P0394,Camshaft Position Sensor B Circuit Intermittent Bank 2,54,P0
P0395,Cylinder 1 Pressure Sensor Circuit,34,P0
P0396,Cylinder 1 Pressure Sensor Circuit Range/Performance,52,P0
P0397,Cylinder 1 Pressure Sensor Circuit Low,38,P0
P0398,Cylinder 1 Pressure Sensor Circuit High,39,P0
P0399,Cylinder 1 Pressure Sensor Circuit Intermittent/Erratic,55,P0
P039A,Cylinder 1 Pressure Too Low,27,P0
P039B,Cylinder 1 Pressure Too High,28,P0
P039C,Cylinder 1 Pressure Variation Low,33,P0
P039D,Cylinder 1 Pressure Variation High,34,P0
P039E,Cylinder 1 Combustion Performance,33,P0
P039F,Cylinder 2 Pressure Sensor Circuit,34,P0
P03A0,Cylinder 2 Pressure Sensor Circuit Range/Performance,52,P0
P03A1,Cylinder 2 Pressure Sensor Circuit Low,38,P0
P03A2,Cylinder 2 Pressure Sensor Circuit High,39,P0
P03A3,Cylinder 2 Pressure Sensor Circuit Intermittent/Erratic,55,P0
P03A4,Cylinder 2 Pressure Too Low,27,P0
P03A5,Cylinder 2 Pressure Too High,28,P0
P03A6,Cylinder 2 Pressure Variation Low,33,P0
P03A7,Cylinder 2 Pressure Variation High,34,P0
P03A8,Cylinder 2 Combustion Performance,33,P0
P03A9,Cylinder 3 Pressure Sensor Circuit,34,P0
P03AA,Cylinder 3 Pressure Sensor Circuit Range/Performance,52,P0
P03AB,Cylinder 3 Pressure Sensor Circuit Low,38,P0
P03AC,Cylinder 3 Pressure Sensor Circuit High,39,P0
P03AD,Cylinder 3 Pressure Sensor Circuit Intermittent/Erratic,55,P0
P03AE,Cylinder 3 Pressure Too Low,27,P0
P03AF,Cylinder 3 Pressure Too High,28,P0
P03B0,Cylinder 3 Pressure Variation Low,33,P0
P03B1,Cylinder 3 Pressure Variation High,34,P0
P03B2,Cylinder 3 Combustion Performance,33,P0
P03B3,Cylinder 4 Pressure Sensor Circuit,34,P0
P03B4,Cylinder 4 Pressure Sensor Circuit Range/Performance,52,P0
P03B5,Cylinder 4 Pressure Sensor Circuit Low,38,P0
P03B6,Cylinder 4 Pressure Sensor Circuit High,39,P0
P03B7,Cylinder 4 Pressure Sensor Circuit Intermittent/Erratic,55,P0
P03B8,Cylinder 4 Pressure Too Low,27,P0
P03B9,Cylinder 4 Pressure Too High,28,P0
P03BA,Cylinder 4 Pressure Variation Low,33,P0
P03BB,Cylinder 4 Pressure Variation High,34,P0
P03BC,Cylinder 4 Combustion Performance,33,P0
P03BD,Cylinder 5 Pressure Sensor Circuit,34,P0
P03BE,Cylinder 5 Pressure Sensor Circuit Range/Performance,52,P0
P03BF,Cylinder 5 Pressure Sensor Circuit Low,38,P0
P03C0,Cylinder 5 Pressure Sensor Circuit High,39,P0
P03C1,Cylinder 5 Pressure Sensor Circuit Intermittent/Erratic,55,P0
P03C2,Cylinder 5 Pressure Too Low,27,P0
P03C3,Cylinder 5 Pressure Too High,28,P0
P03C4,Cylinder 5 Pressure Variation Low,33,P0
P03C5,Cylinder 5 Pressure Variation High,34,P0
P03C6,Cylinder 5 Combustion Performance,33,P0
P03C7,Cylinder 6 Pressure Sensor Circuit,34,P0
P03C8,Cylinder 6 Pressure Sensor Circuit Range/Performance,52,P0
P03C9,Cylinder 6 Pressure Sensor Circuit Low,38,P0
P03CA,Cylinder 6 Pressure Sensor Circuit High,39,P0
P03CB,Cylinder 6 Pressure Sensor Circuit Intermittent/Erratic,55,P0
P03CC,Cylinder 6 Pressure Too Low,27,P0
P03CD,Cylinder 6 Pressure Too High,28,P0
P03CE,Cylinder 6 Pressure Variation Low,33,P0
P03CF,Cylinder 6 Pressure Variation High,34,P0
P03D0,Cylinder 6 Combustion Performance,33,P0
P03D1,Cylinder 7 Pressure Sensor Circuit,34,P0
P03D2,Cylinder 7 Pressure Sensor Circuit Range/Performance,52,P0
P03D3,Cylinder 7 Pressure Sensor Circuit Low,38,P0
P03D4,Cylinder 7 Pressure Sensor Circuit High,39,P0
P03D5,Cylinder 7 Pressure Sensor Circuit Intermittent/Erratic,55,P0
P03D6,Cylinder 7 Pressure Too Low,27,P0
P03D7,Cylinder 7 Pressure Too High,28,P0
P03D8,Cylinder 7 Pressure Variation Low,33,P0
P03D9,Cylinder 7 Pressure Variation High,34,P0
P03DA,Cylinder 7 Combustion Performance,33,P0
P03DB,Cylinder 8 Pressure Sensor Circuit,34,P0
P03DC,Cylinder 8 Pressure Sensor Circuit Range/Performance,52,P0
P03DD,Cylinder 8 Pressure Sensor Circuit Low,38,P0
P03DE,Cylinder 8 Pressure Sensor Circuit High,39,P0
P03DF,Cylinder 8 Pressure Sensor Circuit Intermittent/Erratic,55,P0
P03E0,Cylinder 8 Pressure Too Low,27,P0
P03E1,Cylinder 8 Pressure Too High,28,P0
P03E2,Cylinder 8 Pressure Variation Low,33,P0
P03E3,Cylinder 8 Pressure Variation High,34,P0
P03E4,Cylinder 8 Combustion Performance,33,P0
P03E5,A Camshaft Position Actuator Position Sensor C Circuit Bank 1,61,P0
P03E6,A Camshaft Position Actuator Position Sensor C Range/Performance Bank 1,71,P0
P03E7,A Camshaft Position Actuator Position Sensor C Circuit Low Bank 1,65,P0
P03E8,A Camshaft Position Actuator Position Sensor C Circuit High Bank 1,66,P0
P03E9,A Camshaft Profile Actuator Position Sensor A Exceeded Learning Limit,69,P0
P03EA,A Camshaft Profile Actuator Position Sensor B Exceeded Learning Limit,69,P0
P03EB,A Camshaft Profile Actuator Position Sensor C Exceeded Learning Limit,69,P0
P03EC,A Camshaft Profile Actuator C Control Circuit/Open Bank 1,57,P0
P03ED,A Camshaft Profile Actuator C Control Circuit Low Bank 1,56,P0
P03EE,A Camshaft Profile Actuator C Control Circuit High Bank 1,57,P0
P03EF,A Camshaft Profile Actuator C Control Performance/Stuck Off Bank 1,66,P0
P03F0,A Camshaft Profile Actuator C Control Stuck On Bank 1,53,P0
P03F1,B Camshaft Profile Actuator C Control Circuit/Open Bank 1,57,P0
P03F2,B Camshaft Profile Actuator C Control Circuit Low Bank 1,56,P0
P03F3,B Camshaft Profile Actuator C Control Circuit High Bank 1,57,P0
P03F4,B Camshaft Profile Actuator C Control Performance/Stuck Off Bank 1,66,P0
P03F5,B Camshaft Profile Actuator C Control Stuck On Bank 1,53,P0
P03F6,B Camshaft Position Actuator Position Sensor C Circuit Bank 1,61,P0
P03F7,B Camshaft Position Actuator Position Sensor C Range/Performance Bank 1,71,P0
P03F8,B Camshaft Position Actuator Position Sensor C Circuit Low Bank 1,65,P0
P03F9,B Camshaft Position Actuator Position Sensor C Circuit High Bank 1,66,P0
P03FA,Ignition K Control Signal Circuit/Open,38,P0
P03FB,Ignition K Control Signal Circuit Low,37,P0
P03FC,Ignition K Control Signal Circuit High,38,P0
P03FD,Ignition L Control Signal Circuit/Open,38,P0
P03FE,Ignition L Control Signal Circuit Low,37,P0
P03FF,Ignition L Control Signal Circuit High,38,P0
P0400,EGR A Flow,10,P0
P0401,EGR A Flow Insufficient Detected,32,P0
P0402,EGR A Flow Excessive Detected,29,P0
P0403,EGR A Control Circuit/Open,26,P0
P0404,EGR A Control Circuit Range/Performance,39,P0
P0405,EGR Sensor A Circuit Low,24,P0
P0406,EGR Sensor A Circuit High,25,P0
P0407,EGR Sensor B Circuit Low,24,P0
P0408,EGR Sensor B Circuit High,25,P0
P0409,EGR Sensor A Circuit,20,P0
P040A,EGR Temperature Sensor A Circuit,32,P0
P040B,EGR Temperature Sensor A Circuit Range/Performance,50,P0
P040C,EGR Temperature Sensor A Circuit Low,36,P0
P040D,EGR Temperature Sensor A Circuit High,37,P0
P040E,EGR Temperature Sensor A Circuit Intermittent/Erratic,53,P0
P040F,EGR Temperature Sensor A/B Correlation,38,P0
P0410,AIR System A,12,P0
P0411,AIR System A Incorrect Flow Detected,36,P0
P0412,AIR System Switching Valve A Circuit,36,P0
P0413,AIR System Switching Valve A Circuit Open,41,P0
P0414,AIR System Switching Valve A Circuit Shorted,44,P0
P0415,AIR System Switching Valve B Circuit,36,P0
P0416,AIR System Switching Valve B Circuit Open,41,P0
P0417,AIR System Switching Valve B Circuit Shorted,44,P0
P0418,AIR System Control A Circuit,28,P0
P0419,AIR System Control B Circuit,28,P0
P041A,EGR Temperature Sensor B Circuit,32,P0
P041B,EGR Temperature Sensor B Circuit Range/Performance,50,P0
P041C,EGR Temperature Sensor B Circuit Low,36,P0
P041D,EGR Temperature Sensor B Circuit High,37,P0
P041E,EGR Temperature Sensor B Circuit Intermittent/Erratic,53,P0
P041F,AIR System Switching Valve A Circuit Low,40,P0
P0420,Catalyst System Efficiency Below Threshold Bank 1,49,P0
P0421,Catalyst 1 Efficiency Below Threshold Bank 1,44,P0
P0422,Catalyst 2 Efficiency Below Threshold Bank 1,44,P0
P0423,Heated Catalyst Efficiency Below Threshold Bank 1,49,P0
P0424,Heated Catalyst Temperature Below Threshold Bank 1,50,P0
P0425,Catalyst Temperature Sensor Circuit Bank 1 Sensor 1,51,P0
P0426,Catalyst Temperature Sensor Circuit Range/Performance Bank 1 Sensor 1,69,P0
P0427,Catalyst Temperature Sensor Circuit Low Bank 1 Sensor 1,55,P0
P0428,Catalyst Temperature Sensor Circuit High Bank 1 Sensor 1,56,P0
P0429,Catalyst Heater Control Circuit/Open Bank 1,43,P0
P042A,Catalyst Temperature Sensor Circuit Bank 1 Sensor 2,51,P0
P042B,Catalyst Temperature Sensor Circuit Range/Performance Bank 1 Sensor 2,69,P0
P042C,Catalyst Temperature Sensor Circuit Low Bank 1 Sensor 2,55,P0
P042D,Catalyst Temperature Sensor Circuit High Bank 1 Sensor 2,56,P0
P042E,EGR A Control Stuck Open,24,P0
P042F,EGR A Control Stuck Closed,26,P0
P0430,Catalyst System Efficiency Below Threshold Bank 2,49,P0
P0431,Catalyst 1 Efficiency Below Threshold Bank 2,44,P0
P0432,Catalyst 2 Efficiency Below Threshold Bank 2,44,P0
P0433,Heated Catalyst Efficiency Below Threshold Bank 2,49,P0
P0434,Heated Catalyst Temperature Below Threshold Bank 2,50,P0
P0435,Catalyst Temperature Sensor Circuit Bank 2 Sensor 1,51,P0
P0436,Catalyst Temperature Sensor Circuit Range/Performance Bank 2 Sensor 1,69,P0
P0437,Catalyst Temperature Sensor Circuit Low Bank 2 Sensor 1,55,P0
P0438,Catalyst Temperature Sensor Circuit High Bank 2 Sensor 1,56,P0
P0439,Catalyst Heater Control Circuit/Open Bank 2,43,P0
P043A,Catalyst Temperature Sensor Circuit Bank 2 Sensor 2,51,P0
P043B,Catalyst Temperature Sensor Circuit Range/Performance Bank 2 Sensor 2,69,P0
P043C,Catalyst Temperature Sensor Circuit Low Bank 2 Sensor 2,55,P0
P043D,Catalyst Temperature Sensor Circuit High Bank 2 Sensor 2,56,P0
P043E,EVAP System Leak Detection Reference Orifice Low Flow,53,P0
P043F,EVAP System Leak Detection Reference Orifice High Flow,54,P0
P0440,EVAP System,11,P0
P0441,EVAP System Incorrect Purge Flow,32,P0
P0442,EVAP System Leak Detected (small leak),38,P0
P0443,EVAP System Purge Control Valve A Circuit,41,P0
P0444,EVAP System Purge Control Valve A Circuit Open,46,P0
P0445,EVAP System Purge Control Valve A Circuit Shorted,49,P0
P0446,EVAP System Vent Control Circuit,32,P0
P0447,EVAP System Vent Control Circuit Open,37,P0
P0448,EVAP System Vent Control Circuit Shorted,40,P0
P0449,EVAP System Vent Valve Control Circuit/Open,43,P0
P044A,EGR Sensor C Circuit,20,P0
P044B,EGR Sensor C Circuit Range/Performance,38,P0
P044C,EGR Sensor C Circuit Low,24,P0
P044D,EGR Sensor C Circuit High,25,P0
P044E,EGR Sensor C Circuit Intermittent/Erratic,41,P0
P044F,AIR System Switching Valve A Circuit High,41,P0
P0450,EVAP System Pressure Sensor/Switch A Circuit,44,P0
P0451,EVAP System Pressure Sensor/Switch A Circuit Range/Performance,62,P0
P0452,EVAP System Pressure Sensor/Switch A Circuit Low,48,P0
P0453,EVAP System Pressure Sensor/Switch A Circuit High,49,P0
P0454,EVAP System Pressure Sensor/Switch A Circuit Intermittent,57,P0
P0455,EVAP System Leak Detected - Large Leak,38,P0
P0456,EVAP System Leak Detected (very small leak),43,P0
P0457,EVAP System Leak Detected (fuel cap loose/off),46,P0
P0458,EVAP System Purge Control Valve A Circuit Low,45,P0
P0459,EVAP System Purge Control Valve A Circuit High,46,P0
P045A,EGR B Control Circuit,21,P0
P045B,EGR B Control Circuit Range/Performance,39,P0
P045C,EGR B Control Circuit Low,25,P0
P045D,EGR B Control Circuit High,26,P0
P045E,EGR B Control Stuck Open,24,P0
P045F,EGR B Control Stuck Closed,26,P0
P0460,Fuel Level Sensor A Circuit,27,P0
P0461,Fuel Level Sensor A Circuit Range/Performance,45,P0
P0462,Fuel Level Sensor A Circuit Low,31,P0
P0463,Fuel Level Sensor A Circuit High,32,P0
P0464,Fuel Level Sensor A Circuit Intermittent,40,P0
P0465,EVAP Purge Flow Sensor Circuit,30,P0
P0466,EVAP Purge Flow Sensor Circuit Range/Performance,48,P0
P0467,EVAP Purge Flow Sensor Circuit Low,34,P0
P0468,EVAP Purge Flow Sensor Circuit High,35,P0
P0469,EVAP Purge Flow Sensor Circuit Intermittent,43,P0
P046A,Catalyst Temperature Sensor 1/2 Correlation Bank 1,50,P0
P046B,Catalyst Temperature Sensor 1/2 Correlation Bank 2,50,P0
P046C,EGR Sensor A Circuit Range/Performance,38,P0
P046D,EGR Sensor A Circuit Intermittent/Erratic,41,P0
P046E,EGR Sensor B Circuit Range/Performance,38,P0
P046F,EGR Sensor B Circuit Intermittent/Erratic,41,P0
P0470,Exhaust Pressure Sensor A Circuit,33,P0
P0471,Exhaust Pressure Sensor A Circuit Range/Performance,51,P0
P0472,Exhaust Pressure Sensor A Circuit Low,37,P0
P0473,Exhaust Pressure Sensor A Circuit High,38,P0
P0474,Exhaust Pressure Sensor A Circuit Intermittent/Erratic,54,P0
P0475,Exhaust Pressure Control Valve A,32,P0
P0476,Exhaust Pressure Control Valve A Range/Performance,50,P0
P0477,Exhaust Pressure Control Valve A Low,36,P0
P0478,Exhaust Pressure Control Valve A High,37,P0
P0479,Exhaust Pressure Control Valve A Intermittent,45,P0
P047A,Exhaust Pressure Sensor B Circuit,33,P0
P047B,Exhaust Pressure Sensor B Circuit Range/Performance,51,P0
P047C,Exhaust Pressure Sensor B Circuit Low,37,P0
P047D,Exhaust Pressure Sensor B Circuit High,38,P0
P047E,Exhaust Pressure Sensor B Circuit Intermittent/Erratic,54,P0
P047F,Exhaust Pressure Control Valve A Stuck Open,43,P0
P0480,Fan 1 Control Circuit,21,P0
P0481,Fan 2 Control Circuit,21,P0
P0482,Fan 3 Control Circuit,21,P0
P0483,Fan Rationality Check,21,P0
P0484,Fan Circuit Current High,24,P0
P0485,Fan Power/Ground Circuit,24,P0
P0486,EGR Sensor B Circuit,20,P0
P0487,EGR Throttle Control Circuit A /Open,36,P0
P0488,EGR Throttle Control Circuit A Range/Performance,48,P0
P0489,EGR A Control Circuit Low,25,P0
P048A,Exhaust Pressure Control Valve A Stuck Closed,45,P0
P048B,Exhaust Pressure Control Valve A Position Sensor/Switch Circuit,63,P0
P048C,Exhaust Pressure Control Valve A Position Sensor/Switch Circuit Range/Performance,81,P0
P048D,Exhaust Pressure Control Valve A Position Sensor/Switch Circuit Low,67,P0
P048E,Exhaust Pressure Control Valve A Position Sensor/Switch Circuit High,68,P0
P048F,Exhaust Pressure Control Valve A Position Sensor/Switch Circuit Intermittent/Erratic,84,P0
P0490,EGR A Control Circuit High,26,P0
P0491,AIR System Insufficient Flow Bank 1,35,P0
P0492,AIR System Insufficient Flow Bank 2,35,P0
P0493,Fan Overspeed,13,P0
P0494,Fan 1 Underspeed,16,P0
P0495,Fan 1 Overspeed,15,P0
P0496,EVAP System High Purge Flow,27,P0
P0497,EVAP System Low Purge Flow,26,P0
P0498,EVAP System Vent Valve Control Circuit Low,42,P0
P0499,EVAP System Vent Valve Control Circuit High,43,P0
P049A,EGR B Flow,10,P0
P049B,EGR B Flow Insufficient Detected,32,P0
P049C,EGR B Flow Excessive Detected,29,P0
P049D,EGR A Control Position Exceeded Learning Limit,46,P0
P049E,EGR B Control Position Exceeded Learning Limit,46,P0
P049F,Exhaust Pressure Control Valve B,32,P0
P04A0,Exhaust Pressure Control Valve B Range/Performance,50,P0
P04A1,Exhaust Pressure Control Valve B Low,36,P0
P04A2,Exhaust Pressure Control Valve B High,37,P0
P04A3,Exhaust Pressure Control Valve B Intermittent,45,P0
P04A4,Exhaust Pressure Control Valve B Stuck Open,43,P0
P04A5,Exhaust Pressure Control Valve B Stuck Closed,45,P0
P04A6,Exhaust Pressure Control Valve B Position Sensor/Switch Circuit,63,P0
P04A7,Exhaust Pressure Control Valve B Position Sensor/Switch Circuit Range/Performance,81,P0
P04A8,Exhaust Pressure Control Valve B Position Sensor/Switch Circuit Low,67,P0
P04A9,Exhaust Pressure Control Valve B Position Sensor/Switch Circuit High,68,P0
P04AA,Exhaust Pressure Control Valve B Position Sensor/Switch Circuit Intermittent/Erratic,84,P0
P04AB,EVAP System Purge Control Valve B Circuit/Open,46,P0
P04AC,EVAP System Purge Control Valve B Circuit Low,45,P0
P04AD,EVAP System Purge Control Valve B Circuit High,46,P0
P04AE,EVAP System Purge Control Valve B Performance/Stuck Open,56,P0
P04AF,EVAP System Purge Control Valve B Stuck Closed,46,P0
P04B0,Refueling Vapor Control Valve Circuit/Open,42,P0
P04B1,Refueling Vapor Control Valve Circuit Low,41,P0
P04B2,Refueling Vapor Control Valve Circuit High,42,P0
P04B3,Refueling Vapor Control Valve Stuck Performance/Stuck Open,58,P0
P04B4,Refueling Vapor Control Valve Stuck Closed,42,P0
P04B5,Fuel Fill Door Stuck Open,25,P0
P04B6,Fuel Fill Door Stuck Closed,27,P0
P04B7,Fuel Fill Door Position Sensor/Switch Circuit Intermittent/Erratic,66,P0
P04B8,Fuel Fill Door Position Sensor/Switch Circuit,45,P0
P04B9,Fuel Fill Door Position Sensor/Switch Circuit Low,49,P0
P04BA,Fuel Fill Door Position Sensor/Switch Circuit High,50,P0
P04BB,Fuel Fill Door Lock Control Circuit/Open,40,P0
P04BC,Fuel Fill Door Lock Control Range/Performance,45,P0
P04BD,Fuel Fill Door Lock Control Circuit Low,39,P0
P04BE,Fuel Fill Door Lock Control Circuit High,40,P0
P04BF,Fuel Fill Door Unlock Control Circuit/Open,42,P0
P04C0,Fuel Fill Door Unlock Control Range/Performance,47,P0
P04C1,Fuel Fill Door Unlock Control Circuit Low,41,P0
P04C2,Fuel Fill Door Unlock Control Circuit High,42,P0
P04C3,Fuel Fill Door Lock Position Sensor/Switch Circuit,50,P0
P04C4,Fuel Fill Door Lock Position Sensor/Switch Circuit Range/Performance,68,P0
P04C5,Fuel Fill Door Lock Position Sensor/Switch Circuit Low,54,P0
P04C6,Fuel Fill Door Lock Position Sensor/Switch Circuit High,55,P0
P04C7,Fuel Fill Door Lock Position Sensor/Switch Circuit Intermittent/Erratic,71,P0
P04C8,Fuel Fill Door Open Request Sensor/Switch Circuit,49,P0
P04C9,Fuel Fill Door Open Request Sensor/Switch Performance/Stuck Off,63,P0
P04CA,Fuel Fill Door Open Request Sensor/Switch Circuit Low,53,P0
P04CB,Fuel Fill Door Open Request Sensor/Switch Circuit High,54,P0
P04CC,Fuel Fill Door Open Request Sensor/Switch Circuit Intermittent/Erratic,70,P0
P04CD,Fuel Fill Door Open Request Sensor/Switch Stuck On,50,P0
P04CE,EGR Temperature Sensor C Circuit,32,P0
P04CF,EGR Temperature Sensor C Circuit Range/Performance,50,P0
P04D0,EGR Temperature Sensor C Circuit Low,36,P0
P04D1,EGR Temperature Sensor C Circuit High,37,P0
P04D2,EGR Temperature Sensor C Circuit Intermittent/Erratic,53,P0
P04D3,Exhaust Brake Input Circuit,27,P0
P04D4,Exhaust Brake Input Circuit Range/Performance,45,P0
P04D5,Exhaust Brake Input Circuit Low,31,P0
P04D6,Exhaust Brake Input Circuit High,32,P0
P04D7,Exhaust Brake Input Circuit Intermittent/Erratic,48,P0
P04D8,Excessive Time To Enter Closed Loop EGR Control,47,P0
P04D9,Closed Loop EGR Control At Limit - Flow Too Low,47,P0
P04DA,Closed Loop EGR Control At Limit - Flow Too High,48,P0
P04DB,Crankcase Ventilation System Disconnected,41,P0
P04DC,Fuel Fill Door Position Sensor/Switch Circuit Range/Performance,63,P0
P04DD,Cold Start EGR A Flow Insufficient Detected,43,P0
P04DE,Cold Start EGR A Flow Excessive Detected,40,P0
P04DF,EVAP System Purge Control Valve A Performance/Stuck Open,56,P0
P04E0,EVAP System Purge Control Valve A Stuck Closed,46,P0
P04E1,Crankcase Ventilation Hose Connection Sensor Circuit,52,P0
P04E2,Crankcase Ventilation Hose Connection Sensor Circuit Low,56,P0
P04E3,Crankcase Ventilation Hose Connection Sensor Circuit High,57,P0
P04E4,Crankcase Ventilation Hose Connection Sensor Circuit Intermittent/Erratic,73,P0
P04E5,EGR Temperature Sensor D Circuit,32,P0
P04E6,EGR Temperature Sensor D Circuit Range/Performance,50,P0
P04E7,EGR Temperature Sensor D Circuit Low,36,P0
P04E8,EGR Temperature Sensor D Circuit High,37,P0
P04E9,EGR Temperature Sensor D Circuit Intermittent/Erratic,53,P0
P04EA,EVAP System Small Leak Detected - Fuel Tank Side,48,P0
P04EB,EVAP System Small Leak Detected - Fresh Air Side,48,P0
P04EC,EVAP System Large Leak Detected - Fuel Tank Side,48,P0
P04ED,EVAP System Large Leak Detected - Fresh Air Side,48,P0
P04EE,EVAP System Very Small Leak Detected - Fuel Tank Side,53,P0
P04EF,EVAP System Very Small Leak Detected - Fresh Air Side,53,P0
P04F0,EVAP System High Load Purge Line A Performance,46,P0
P04F1,EVAP System Purge Line Performance,34,P0
P04F2,Catalyst Heater Supply Voltage Bank 1,37,P0
P04F3,Catalyst Heater Supply Voltage Bank 2,37,P0
P04F4,Catalyst Heater Circuit Low Bank 1,34,P0
P04F5,Catalyst Heater Circuit Low Bank 2,34,P0
P04F6,Catalyst Heater Circuit High Bank 1,35,P0
P04F7,Catalyst Heater Circuit High Bank 2,35,P0
P04F8,Catalyst Heater Circuit Intermittent Bank 1,43,P0
P04F9,Catalyst Heater Circuit Intermittent Bank 2,43,P0
P04FA,EGR A Control Temperature Too High,34,P0
P04FB,Crankcase Ventilation Hose Connection Sensor Range/Performance,62,P0
P04FC,Crankcase Ventilation System Performance,40,P0
P04FD,EGR Actuator A Control Processor Performance,44,P0
P04FE,Catalyst Heater Circuit Performance Bank 1,42,P0
P04FF,Catalyst Heater Circuit Performance Bank 2,42,P0
P0500,Vehicle Speed Sensor A Circuit,30,P0
P0501,Vehicle Speed Sensor A Circuit Range/Performance,48,P0
P0502,Vehicle Speed Sensor A Circuit Low,34,P0
P0503,Vehicle Speed Sensor A Circuit Intermittent/Erratic/High,56,P0
P0504,Brake Switch A/B Correlation,28,P0
P0505,Idle Control System,19,P0
P0506,Idle Control System RPM - Lower Than Expected,45,P0
P0507,Idle Control System RPM - Higher Than Expected,46,P0
P0508,Idle Air Control System Circuit Low,35,P0
P0509,Idle Air Control System Circuit High,36,P0
P050A,Cold Start Idle Control System Performance,42,P0
P050B,Cold Start Ignition Timing Performance,38,P0
P050C,Cold Start Engine Coolant Temperature Performance,49,P0
P050D,Cold Start Rough Idle,21,P0
P050E,Cold Start Engine Exhaust Temperature Too Low,45,P0
P050F,Brake Assist Vacuum Too Low,27,P0
P0510,Closed Throttle Position Switch,31,P0
P0511,Idle Air Control Circuit,24,P0
P0512,Starter Request Circuit,23,P0
P0513,Incorrect Immobilizer Key,25,P0
P0514,Battery Temperature Sensor Circuit Range/Performance,52,P0
P0515,Battery Temperature Sensor Circuit,34,P0
P0516,Battery Temperature Sensor Circuit Low,38,P0
P0517,Battery Temperature Sensor Circuit High,39,P0
P0518,Idle Air Control Circuit Intermittent,37,P0
P0519,Idle Air Control System Performance,35,P0
P051A,Crankcase Pressure Sensor A Circuit,35,P0
P051B,Crankcase Pressure Sensor A Circuit Range/Performance,53,P0
P051C,Crankcase Pressure Sensor A Circuit Low,39,P0
P051D,Crankcase Pressure Sensor A Circuit High,40,P0
P051E,Crankcase Pressure Sensor A Circuit Intermittent/Erratic,56,P0
P051F,PCV Filter Restriction,22,P0
P0520,Engine Oil Pressure Sensor/Switch A Circuit,43,P0
P0521,Engine Oil Pressure Sensor/Switch A Range/Performance,53,P0
P0522,Engine Oil Pressure Sensor/Switch A Low,39,P0
P0523,Engine Oil Pressure Sensor/Switch A High,40,P0
P0524,Engine Oil Pressure Too Low,27,P0
P0525,Cruise Control Servo Control Circuit Range/Performance,54,P0
P0526,Fan Speed Sensor Circuit,24,P0
P0527,Fan Speed Sensor Circuit Range/Performance,42,P0
P0528,Fan Speed Sensor Circuit No Signal,34,P0
P0529,Fan Speed Sensor Circuit Intermittent,37,P0
P052A,Cold Start A Camshaft Position Timing Over-Advanced Bank 1,58,P0
P052B,Cold Start A Camshaft Position Timing Over-Retarded Bank 1,58,P0
P052C,Cold Start A Camshaft Position Timing Over-Advanced Bank 2,58,P0
P052D,Cold Start A Camshaft Position Timing Over-Retarded Bank 2,58,P0
P052E,PCV Regulator Valve Performance,31,P0
P052F,Glow Plug Control Module 1 System Voltage,41,P0
P0530,A/C Refrigerant Pressure Sensor A Circuit,41,P0
P0531,A/C Refrigerant Pressure Sensor A Circuit Range/Performance,59,P0
P0532,A/C Refrigerant Pressure Sensor A Circuit Low,45,P0
P0533,A/C Refrigerant Pressure Sensor A Circuit High,46,P0
P0534,A/C Refrigerant Charge Loss,27,P0
P0535,A/C Evaporator Temperature Sensor Circuit,41,P0
P0536,A/C Evaporator Temperature Sensor Circuit Range/Performance,59,P0
P0537,A/C Evaporator Temperature Sensor Circuit Low,45,P0
P0538,A/C Evaporator Temperature Sensor Circuit High,46,P0
P0539,A/C Evaporator Temperature Sensor Circuit Intermittent,54,P0
P053A,PCV Heater A Control Circuit /Open,34,P0
P053B,PCV Heater A Control Circuit Low,32,P0
P053C,PCV Heater A Control Circuit High,33,P0
P053D,PCV Heater A Performance,24,P0
P053E,Crankcase Pressure Too High,27,P0
P053F,Cold Start Fuel Pressure Performance Bank 1,43,P0
P0540,Intake Air Heater A Circuit,27,P0
P0541,Intake Air Heater A Circuit Low,31,P0
P0542,Intake Air Heater A Circuit High,32,P0
P0543,Intake Air Heater A Circuit Open,32,P0
P0544,Exhaust Gas Temperature Sensor Circuit Bank 1 Sensor 1,54,P0
P0545,Exhaust Gas Temperature Sensor Circuit Low Bank 1 Sensor 1,58,P0
P0546,Exhaust Gas Temperature Sensor Circuit High Bank 1 Sensor 1,59,P0
P0547,Exhaust Gas Temperature Sensor Circuit Bank 2 Sensor 1,54,P0
P0548,Exhaust Gas Temperature Sensor Circuit Low Bank 2 Sensor 1,58,P0
P0549,Exhaust Gas Temperature Sensor Circuit High Bank 2 Sensor 1,59,P0
P054A,Cold Start B Camshaft Position Timing Over-Advanced Bank 1,58,P0
P054B,Cold Start B Camshaft Position Timing Over-Retarded Bank 1,58,P0
P054C,Cold Start B Camshaft Position Timing Over-Advanced Bank 2,58,P0
P054D,Cold Start B Camshaft Position Timing Over-Retarded Bank 2,58,P0
P054E,Idle Control System - Fuel Quantity Lower Than Expected,55,P0
P054F,Idle Control System - Fuel Quantity Higher Than Expected,56,P0
P0550,Power Steering Pressure Sensor/Switch Circuit,45,P0
P0551,Power Steering Pressure Sensor/Switch Circuit Range/Performance,63,P0
P0552,Power Steering Pressure Sensor/Switch Circuit Low,49,P0
P0553,Power Steering Pressure Sensor/Switch Circuit High,50,P0
P0554,Power Steering Pressure Sensor/Switch Circuit Intermittent,58,P0
P0555,Brake Booster Pressure Sensor Circuit,37,P0
P0556,Brake Booster Pressure Sensor Circuit Range/Performance,55,P0
P0557,Brake Booster Pressure Sensor Circuit Low,41,P0
P0558,Brake Booster Pressure Sensor Circuit High,42,P0
P0559,Brake Booster Pressure Sensor Circuit Intermittent,50,P0
P055A,Engine Oil Pressure Sensor/Switch B Circuit,43,P0
P055B,Engine Oil Pressure Sensor/Switch B Range/Performance,53,P0
P055C,Engine Oil Pressure Sensor/Switch B Low,39,P0
P055D,Engine Oil Pressure Sensor/Switch B High,40,P0
P055E,Oxygen Sensor Control Module System Voltage,43,P0
P055F,Engine Oil Pressure Out of Range,32,P0
P0560,System Voltage,14,P0
P0561,System Voltage Unstable,23,P0
P0562,System Voltage Low,18,P0
P0563,System Voltage High,19,P0
P0564,Cruise Control Multi-Function Input A Circuit,45,P0
P0565,Cruise Control On Signal,24,P0
P0566,Cruise Control Off Signal,25,P0
P0567,Cruise Control Resume Signal,28,P0
P0568,Cruise Control Set Signal,25,P0
P0569,Cruise Control Coast Signal,27,P0
P056A,Cruise Control Increase Distance Signal,39,P0
P056B,Cruise Control Decrease Distance Signal,39,P0
P056C,Cruise Control Cancel Signal,28,P0
P056D,Reductant Control Module System Voltage,39,P0
P056E,Cold Start Turbocharger/Supercharger Boost Control A Performance,64,P0
P056F,Cold Start Turbocharger/Supercharger Boost Control B Performance,64,P0
P0570,Cruise Control Accelerate Signal,32,P0
P0571,Brake Switch A Circuit,22,P0
P0572,Brake Switch A Circuit Low,26,P0
P0573,Brake Switch A Circuit High,27,P0
P0574,Cruise Control System - Vehicle Speed Too High,46,P0
P0575,Cruise Control Input Circuit,28,P0
P0576,Cruise Control Input Circuit Low,32,P0
P0577,Cruise Control Input Circuit High,33,P0
P0578,Cruise Control Multi-Function Input A Circuit Stuck,51,P0
P0579,Cruise Control Multi-Function Input A Circuit Range/Performance,63,P0
P057A,Brake Pedal Position Sensor A Circuit/Open,42,P0
P057B,Brake Pedal Position Sensor A Circuit Range/Performance,55,P0
P057C,Brake Pedal Position Sensor A Circuit Low,41,P0
P057D,Brake Pedal Position Sensor A Circuit High,42,P0
P057E,Brake Pedal Position Sensor A Circuit Intermittent/Erratic,58,P0
P057F,Battery A State of Charge Performance,37,P0
P0580,Cruise Control Multi-Function Input A Circuit Low,49,P0
P0581,Cruise Control Multi-Function Input A Circuit High,50,P0
P0582,Cruise Control Vacuum Control Circuit/Open,42,P0
P0583,Cruise Control Vacuum Control Circuit Low,41,P0
P0584,Cruise Control Vacuum Control Circuit High,42,P0
P0585,Cruise Control Multi-Function Input A/B Correlation,51,P0
P0586,Cruise Control Vent Control Circuit/Open,40,P0
P0587,Cruise Control Vent Control Circuit Low,39,P0
P0588,Cruise Control Vent Control Circuit High,40,P0
P0589,Cruise Control Multi-Function Input B Circuit,45,P0
P058A,Battery Monitor Module Performance,34,P0
P058B,Battery Monitor Module Current Monitoring Performance,53,P0
P058C,Battery Monitor Module Temperature Monitoring Performance,57,P0
P058D,Battery Monitor Module Voltage Monitoring Performance,53,P0
P058E,Battery Monitor Module Temperature Too High,43,P0
P058F,Battery Monitor Module Temperature Too Low,42,P0
P0590,Cruise Control Multi-Function Input B Circuit Stuck,51,P0
P0591,Cruise Control Multi-Function Input B Circuit Range/Performance,63,P0
P0592,Cruise Control Multi-Function Input B Circuit Low,49,P0
P0593,Cruise Control Multi-Function Input B Circuit High,50,P0
P0594,Cruise Control Servo Control Circuit/Open,41,P0
P0595,Cruise Control Servo Control Circuit Low,40,P0
P0596,Cruise Control Servo Control Circuit High,41,P0
P0597,Thermostat Heater Control Circuit/Open,38,P0
P0598,Thermostat Heater Control Circuit Low,37,P0
P0599,Thermostat Heater Control Circuit High,38,P0
P059A,Active Grille Air Shutter A Position Sensor Circuit,51,P0
P059B,Active Grille Air Shutter A Position Sensor Circuit Range/Performance,69,P0
P059C,Active Grille Air Shutter A Position Sensor Circuit High,56,P0
P059D,Active Grille Air Shutter A Position Sensor Circuit Low,55,P0
P059E,Active Grille Air Shutter A Position Sensor Circuit Intermittent,64,P0
P059F,Active Grille Air Shutter A Performance/Stuck Off,49,P0
P05A0,Active Grille Air Shutter A Stuck On,36,P0
P05A1,Active Grille Air Shutter A Position Sensor Minimum/Maximum Stop Performance,76,P0
P05A2,Active Grille Air Shutter A Control Circuit/Open,48,P0
P05A3,Active Grille Air Shutter A Control Circuit Range/Performance,61,P0
P05A4,Active Grille Air Shutter A Control Circuit High,48,P0
P05A5,Active Grille Air Shutter A Control Circuit Low,47,P0
P05A6,Active Grille Air Shutter A Supply Voltage Circuit/Open,55,P0
P05A7,Active Grille Air Shutter A Supply Voltage Circuit Low,54,P0
P05A8,Active Grille Air Shutter A Supply Voltage Circuit High,55,P0
P05A9,Active Grille Air Shutter B Position Sensor Circuit,51,P0
P05AA,Active Grille Air Shutter B Position Sensor Circuit Range/Performance,69,P0
P05AB,Active Grille Air Shutter B Position Sensor Circuit High,56,P0
P05AC,Active Grille Air Shutter B Position Sensor Circuit Low,55,P0
P05AD,Active Grille Air Shutter B Position Sensor Circuit Intermittent,64,P0
P05AE,Active Grille Air Shutter B Performance/Stuck Off,49,P0
P05AF,Active Grille Air Shutter B Stuck On,36,P0
P05B0,Active Grille Air Shutter B Position Sensor Minimum/Maximum Stop Performance,76,P0
P05B1,Active Grille Air Shutter B Control Circuit/Open,48,P0
P05B2,Active Grille Air Shutter B Control Circuit Range/Performance,61,P0
P05B3,Active Grille Air Shutter B Control Circuit High,48,P0
P05B4,Active Grille Air Shutter B Control Circuit Low,47,P0
P05B5,Active Grille Air Shutter B Supply Voltage Circuit/Open,55,P0
P05B6,Active Grille Air Shutter B Supply Voltage Circuit Low,54,P0
P05B7,Active Grille Air Shutter B Supply Voltage Circuit High,55,P0
P05B8,Restraint Deployment Signal Circuit/Open,40,P0
P05B9,Restraint Deployment Signal Circuit Low,39,P0
P05BA,Restraint Deployment Signal Circuit High,40,P0
P05BB,Restraints Deployed,19,P0
P05BC,Stop-Start Mode Switch Circuit/Open,35,P0
P05BD,Stop-Start Mode Switch Circuit Range/Performance,48,P0
P05BE,Stop-Start Mode Switch Circuit Low,34,P0
P05BF,Stop-Start Mode Switch Circuit High,35,P0
P05C0,Active Grille Air Shutter Module A Over Temperature,51,P0
P05C1,Active Grille Air Shutter Module B Over Temperature,51,P0
P05C2,Engine Coolant Pressure Sensor Circuit,38,P0
P05C3,Engine Coolant Pressure Sensor Circuit Range/Performance,56,P0
P05C4,Engine Coolant Pressure Sensor Circuit Low,42,P0
P05C5,Engine Coolant Pressure Sensor Circuit High,43,P0
P05C6,Engine Coolant Pressure Sensor Circuit Intermittent/Erratic,59,P0
P05C7,Economy Mode Switch Circuit/Open,32,P0
P05C8,Economy Mode Switch Circuit Range/Performance,45,P0
P05C9,Economy Mode Switch Circuit Low,31,P0
P05CA,Economy Mode Switch Circuit High,32,P0
P05CB,Vehicle Hardware Incompatibility,32,P0
P05CC,Cold Start A Camshaft Position Timing Performance Bank 1,56,P0
P05CD,Cold Start A Camshaft Position Timing Performance Bank 2,56,P0
P05CE,Cold Start B Camshaft Position Timing Performance Bank 1,56,P0
P05CF,Cold Start B Camshaft Position Timing Performance Bank 2,56,P0
P05D0,Driver Mode Select Switch A Circuit,35,P0
P05D1,Driver Mode Select Switch A Circuit Low,39,P0
P05D2,Driver Mode Select Switch A Circuit High,40,P0
P05D3,Driver Mode Select Switch A Range/Performance,45,P0
P05D4,Driver Mode Select Switch B Circuit,35,P0
P05D5,Driver Mode Select Switch B Circuit Low,39,P0
P05D6,Driver Mode Select Switch B Circuit High,40,P0
P05D7,Driver Mode Select Switch B Range/Performance,45,P0
P05D8,PCV Regulator Valve Control Circuit/Open,40,P0
P05D9,PCV Regulator Valve Control Circuit Low,39,P0
P05DA,PCV Regulator Valve Control Circuit High,40,P0
P05DB,Brake Pedal Position Sensor B Circuit/Open,42,P0
P05DC,Brake Pedal Position Sensor B Circuit Range/Performance,55,P0
P05DD,Brake Pedal Position Sensor B Circuit Low,41,P0
P05DE,Brake Pedal Position Sensor B Circuit High,42,P0
P05DF,Brake Pedal Position Sensor B Circuit Intermittent/Erratic,58,P0
P05E0,Brake Pedal Position Sensor A/B Correlation,43,P0
P05E1,A/C Refrigerant Pressure Sensor A Circuit Intermittent/Erratic,62,P0
P05E2,A/C Refrigerant Pressure Sensor B Circuit Intermittent/Erratic,62,P0
P05E3,Park Brake Sensor/Switch Circuit,32,P0
P05E4,Park Brake Sensor/Switch Circuit Low,36,P0
P05E5,Park Brake Sensor/Switch Circuit High,37,P0
P05E6,Park Brake Sensor/Switch Circuit Range/Performance,50,P0
P05E7,Park Brake Sensor/Switch Circuit Intermittent/Erratic,53,P0
P05E8,Engine Oil Bypass Valve Control Circuit/Open,44,P0
P05E9,Engine Oil Bypass Valve Control Circuit Low,43,P0
P05EA,Engine Oil Bypass Valve Control Circuit High,44,P0
P05EB,Cold Start SCR NOx Catalyst Inlet Temperature Too Low,53,P0
P05EC,Cold Start Injection Timing Performance,39,P0
P05ED,Reductant Heater Control Module Supply Voltage,46,P0
P05EE,Reductant Pump Supply Voltage Circuit/Open,42,P0
P05EF,Reductant Pump Supply Voltage Circuit Low,41,P0
P05F0,Reductant Pump Supply Voltage Circuit High,42,P0
P05F1,Reductant Pump Supply Voltage Circuit Stuck On,46,P0
P05F2,Reductant Pump Supply Voltage Circuit Stuck Off,47,P0
P05F3,Exhaust Aftertreatment Power Relay Control Circuit/Open,55,P0
P05F4,Exhaust Aftertreatment Power Relay Control Circuit Low,54,P0
P05F5,Exhaust Aftertreatment Power Relay Control Circuit High,55,P0
P05F6,Exhaust Aftertreatment Power Relay Control Circuit Stuck On,59,P0
P05F7,Exhaust Aftertreatment Power Relay Control Circuit Stuck Off,60,P0
P05F8,Reductant Heater Control Module Performance,43,P0
P05F9,Stop-Start Status Signal Circuit,32,P0
P05FA,Stop-Start Status Signal Circuit Low,36,P0
P05FB,Stop-Start Status Signal Circuit High,37,P0
P05FC,Cold Start Fuel Pressure Performance Bank 2,43,P0
P05FD,Turbocharger/Supercharger Boost Control A Temperature Too High,62,P0
P05FE,Active Grille Air Shutter C Performance/Stuck Off,49,P0
P05FF,Brake Pressure Sensor / Brake Pedal Position Sensor Correlation,63,P0
P0600,Serial Communication Link,25,P0
P0601,Internal Control Module Memory Checksum Error,45,P0
P0602,Control Module Programming Error,32,P0
P0603,Internal Control Module Keep Alive Memory (KAM) Error,53,P0
P0604,Internal Control Module Random Access Memory (RAM) Error,56,P0
P0605,Internal Control Module Read Only Memory (ROM) Error,52,P0
P0606,Control Module Processor,24,P0
P0607,Control Module Performance,26,P0
P0608,Control Module VSS Output A,27,P0
P0609,Control Module VSS Output B,27,P0
P060A,Internal Control Module Monitoring Processor Performance,56,P0
P060B,Internal Control Module A/D Processing Performance,50,P0
P060C,Internal Control Module Main Processor Performance,50,P0
P060D,Internal Control Module Accelerator Pedal Position Performance,62,P0
P060E,Internal Control Module Throttle Position Performance,53,P0
P060F,Internal Control Module Coolant Temperature Performance,55,P0
P0610,Control Module Vehicle Options Error,36,P0
P0611,Fuel Injector Control Module Performance,40,P0
P0612,Fuel Injector Control Module Relay Control,42,P0
P0613,TCM Processor,13,P0
P0614,ECM/TCM Incompatible,20,P0
P0615,Starter Relay A Circuit,23,P0
P0616,Starter Relay A Circuit Low,27,P0
P0617,Starter Relay A Circuit High,28,P0
P0618,Alternative Fuel Control Module KAM Error,41,P0
P0619,Alternative Fuel Control Module RAM/ROM Error,45,P0
P061A,Internal Control Module Torque Performance,42,P0
P061B,Internal Control Module Torque Calculation Performance,54,P0
P061C,Internal Control Module Engine RPM Performance,46,P0
P061D,Internal Control Module Engine Air Mass Performance,51,P0
P061E,Internal Control Module Brake Signal Performance,48,P0
P061F,Internal Control Module Throttle Actuator Controller Performance,64,P0
P0620,Generator Control Circuit,25,P0
P0621,Generator Lamp/L Terminal Circuit,33,P0
P0622,Generator Field/F Terminal Circuit,34,P0
P0623,Generator Lamp Control Circuit,30,P0
P0624,Fuel Cap Lamp Control Circuit,29,P0
P0625,Generator Field/F Terminal Circuit Low,38,P0
P0626,Generator Field/F Terminal Circuit High,39,P0
P0627,Fuel Pump A Control Circuit/Open,32,P0
P0628,Fuel Pump A Control Circuit Low,31,P0
P0629,Fuel Pump A Control Circuit High,32,P0
P062A,Fuel Pump A Control Circuit Range/Performance,45,P0
P062B,Internal Control Module Fuel Injector Control Performance,57,P0
P062C,Internal Control Module Vehicle Speed Performance,49,P0
P062D,Fuel Injector Driver Circuit Performance Bank 1,47,P0
P062E,Fuel Injector Driver Circuit Performance Bank 2,47,P0
P062F,Internal Control Module EEPROM Error,36,P0
P0630,VIN Not Programmed or Incompatible - ECM/PCM,44,P0
P0631,VIN Not Programmed or Incompatible - TCM,40,P0
P0632,Odometer Not Programmed - ECM/PCM,33,P0
P0633,Immobilizer Key Not Programmed - ECM/PCM,40,P0
P0634,Control Module Internal Temperature A Too High,46,P0
P0635,Power Steering Control Circuit,30,P0
P0636,Power Steering Control Circuit Low,34,P0
P0637,Power Steering Control Circuit High,35,P0
P0638,Throttle Actuator Control Range/Performance Bank 1,50,P0
P0639,Throttle Actuator Control Range/Performance Bank 2,50,P0
P063A,Generator Voltage Sense Circuit A,33,P0
P063B,Generator Voltage Sense Circuit A Range/Performance,51,P0
P063C,Generator Voltage Sense Circuit A Low,37,P0
P063D,Generator Voltage Sense Circuit A High,38,P0
P063E,Auto Configuration Throttle Input Not Present Bank 1,52,P0
P063F,Auto Configuration Engine Coolant Temperature Input Not Present,63,P0
P0640,Intake Air Heater Control Circuit,33,P0
P0641,Sensor Reference Voltage A Circuit/Open,39,P0
P0642,Sensor Reference Voltage A Circuit Low,38,P0
P0643,Sensor Reference Voltage A Circuit High,39,P0
P0644,Driver Display Serial Communication Circuit,43,P0
P0645,A/C Clutch Relay Control Circuit,32,P0
P0646,A/C Clutch Relay Control Circuit Low,36,P0
P0647,A/C Clutch Relay Control Circuit High,37,P0
P0648,Immobilizer Lamp Control Circuit,32,P0
P0649,Speed Control Lamp Control Circuit,34,P0
P064A,Fuel Pump Control Module A,26,P0
P064B,PTO Control Module,18,P0
P064C,Glow Plug Control Module 1,26,P0
P064D,Internal Control Module O2 Sensor Processor Performance Bank 1,62,P0
P064E,Internal Control Module O2 Sensor Processor Performance Bank 2,62,P0
P064F,Unauthorized Software/Calibration Detected,42,P0
P0650,MIL Control Circuit/Open,24,P0
P0651,Sensor Reference Voltage B Circuit/Open,39,P0
P0652,Sensor Reference Voltage B Circuit Low,38,P0
P0653,Sensor Reference Voltage B Circuit High,39,P0
P0654,Engine RPM Output Circuit/Open,30,P0
P0655,Engine Hot Lamp Output Control Circuit,38,P0
P0656,Fuel Level Output Circuit,25,P0
P0657,Actuator Supply Voltage A Circuit/Open,38,P0
P0658,Actuator Supply Voltage A Circuit Low,37,P0
P0659,Actuator Supply Voltage A Circuit High,38,P0
P065A,Generator System Performance,28,P0
P065B,Generator A Control Circuit Range/Performance,45,P0
P065C,Generator A Mechanical Performance,34,P0
P065D,Reductant System Malfunction Lamp Control Circuit,49,P0
P065E,Intake Manifold Tuning Valve Performance Bank 1,47,P0
P065F,Intake Manifold Tuning Valve Performance Bank 2,47,P0
P0660,Intake Manifold Tuning Valve Control Circuit/Open Bank 1,56,P0
P0661,Intake Manifold Tuning Valve Control Circuit Low Bank 1,55,P0
P0662,Intake Manifold Tuning Valve Control Circuit High Bank 1,56,P0
P0663,Intake Manifold Tuning Valve Control Circuit/Open Bank 2,56,P0
P0664,Intake Manifold Tuning Valve Control Circuit Low Bank 2,55,P0
P0665,Intake Manifold Tuning Valve Control Circuit High Bank 2,56,P0
P0666,Control Module Internal Temperature Sensor A Circuit,52,P0
P0667,Control Module Internal Temperature Sensor A Range/Performance,62,P0
P0668,Control Module Internal Temperature Sensor A Circuit Low,56,P0
P0669,Control Module Internal Temperature Sensor A Circuit High,57,P0
P066A,Cylinder 1 Glow Plug Control Circuit Low,40,P0
P066B,Cylinder 1 Glow Plug Control Circuit High,41,P0
P066C,Cylinder 2 Glow Plug Control Circuit Low,40,P0
P066D,Cylinder 2 Glow Plug Control Circuit High,41,P0
P066E,Cylinder 3 Glow Plug Control Circuit Low,40,P0
P066F,Cylinder 3 Glow Plug Control Circuit High,41,P0
P0670,Glow Plug Control Module 1 Control Circuit/Open,47,P0
P0671,Cylinder 1 Glow Plug Circuit/Open,33,P0
P0672,Cylinder 2 Glow Plug Circuit/Open,33,P0
P0673,Cylinder 3 Glow Plug Circuit/Open,33,P0
P0674,Cylinder 4 Glow Plug Circuit/Open,33,P0
P0675,Cylinder 5 Glow Plug Circuit/Open,33,P0
P0676,Cylinder 6 Glow Plug Circuit/Open,33,P0
P0677,Cylinder 7 Glow Plug Circuit/Open,33,P0
P0678,Cylinder 8 Glow Plug Circuit/Open,33,P0
P0679,Cylinder 9 Glow Plug Circuit/Open,33,P0
P067A,Cylinder 4 Glow Plug Control Circuit Low,40,P0
P067B,Cylinder 4 Glow Plug Control Circuit High,41,P0
P067C,Cylinder 5 Glow Plug Control Circuit Low,40,P0
P067D,Cylinder 5 Glow Plug Control Circuit High,41,P0
P067E,Cylinder 6 Glow Plug Control Circuit Low,40,P0
P067F,Cylinder 6 Glow Plug Control Circuit High,41,P0
P0680,Cylinder 10 Glow Plug Circuit/Open,34,P0
P0681,Cylinder 11 Glow Plug Circuit/Open,34,P0
P0682,Cylinder 12 Glow Plug Circuit/Open,34,P0
P0683,Glow Plug Control Module 1 to PCM Communication Circuit,55,P0
P0684,Glow Plug Control Module 1 to PCM Communication Circuit Range/Performance,73,P0
P0685,ECM/PCM Power Relay Control Circuit/Open,40,P0
P0686,ECM/PCM Power Relay Control Circuit Low,39,P0
P0687,ECM/PCM Power Relay Control Circuit High,40,P0
P0688,ECM/PCM Power Relay Sense Circuit/Open,38,P0
P0689,ECM/PCM Power Relay Sense Circuit Low,37,P0
P068A,ECM/PCM Power Relay De-Energized Performance - Too Early,56,P0
P068B,ECM/PCM Power Relay De-Energized Performance - Too Late,55,P0
P068C,Cylinder 7 Glow Plug Control Circuit Low,40,P0
P068D,Cylinder 7 Glow Plug Control Circuit High,41,P0
P068E,Cylinder 8 Glow Plug Control Circuit Low,40,P0
P068F,Cylinder 8 Glow Plug Control Circuit High,41,P0
P0690,ECM/PCM Power Relay Sense Circuit High,38,P0
P0691,Fan 1 Control Circuit Low,25,P0
P0692,Fan 1 Control Circuit High,26,P0
P0693,Fan 2 Control Circuit Low,25,P0
P0694,Fan 2 Control Circuit High,26,P0
P0695,Fan 3 Control Circuit Low,25,P0
P0696,Fan 3 Control Circuit High,26,P0
P0697,Sensor Reference Voltage C Circuit/Open,39,P0
P0698,Sensor Reference Voltage C Circuit Low,38,P0
P0699,Sensor Reference Voltage C Circuit High,39,P0
P069A,Cylinder 9 Glow Plug Control Circuit Low,40,P0
P069B,Cylinder 9 Glow Plug Control Circuit High,41,P0
P069C,Cylinder 10 Glow Plug Control Circuit Low,41,P0
P069D,Cylinder 10 Glow Plug Control Circuit High,42,P0
P069E,Fuel Pump Control Module Requested MIL Illumination,51,P0
P069F,Throttle Actuator Control Lamp Control Circuit,46,P0
P06A0,Variable A/C Compressor Control Circuit,39,P0
P06A1,Variable A/C Compressor Control Circuit Low,43,P0
P06A2,Variable A/C Compressor Control Circuit High,44,P0
P06A3,Sensor Reference Voltage D Circuit/Open,39,P0
P06A4,Sensor Reference Voltage D Circuit Low,38,P0
P06A5,Sensor Reference Voltage D Circuit High,39,P0
P06A6,Sensor Reference Voltage A Circuit Range/Performance,52,P0
P06A7,Sensor Reference Voltage B Circuit Range/Performance,52,P0
P06A8,Sensor Reference Voltage C Circuit Range/Performance,52,P0
P06A9,Sensor Reference Voltage D Circuit Range/Performance,52,P0
P06AA,Control Module Internal Temperature B Too High,46,P0
P06AB,Control Module Internal Temperature Sensor B Circuit,52,P0
P06AC,Control Module Internal Temperature Sensor B Range/Performance,62,P0
P06AD,Control Module Internal Temperature Sensor B Circuit Low,56,P0
P06AE,Control Module Internal Temperature Sensor B Circuit High,57,P0
P06AF,Torque Management System - Forced Engine Shutdown,49,P0
P06B0,Sensor Power Supply A Circuit/Open,34,P0
P06B1,Sensor Power Supply A Circuit Low,33,P0
P06B2,Sensor Power Supply A Circuit High,34,P0
P06B3,Sensor Power Supply B Circuit/Open,34,P0
P06B4,Sensor Power Supply B Circuit Low,33,P0
P06B5,Sensor Power Supply B Circuit High,34,P0
P06B6,Internal Control Module Knock/Combustion Vibration Sensor Processor 1 Performance,81,P0
P06B7,Internal Control Module Knock/Combustion Vibration Sensor Processor 2 Performance,81,P0
P06B8,Internal Control Module Non-Volatile Random Access Memory (NVRAM) Error,71,P0
P06B9,Cylinder 1 Glow Plug Circuit Range/Performance,46,P0
P06BA,Cylinder 2 Glow Plug Circuit Range/Performance,46,P0
P06BB,Cylinder 3 Glow Plug Circuit Range/Performance,46,P0
P06BC,Cylinder 4 Glow Plug Circuit Range/Performance,46,P0
P06BD,Cylinder 5 Glow Plug Circuit Range/Performance,46,P0
P06BE,Cylinder 6 Glow Plug Circuit Range/Performance,46,P0
P06BF,Cylinder 7 Glow Plug Circuit Range/Performance,46,P0
P06C0,Cylinder 8 Glow Plug Circuit Range/Performance,46,P0
P06C1,Cylinder 9 Glow Plug Circuit Range/Performance,46,P0
P06C2,Cylinder 10 Glow Plug Circuit Range/Performance,47,P0
P06C3,Cylinder 11 Glow Plug Circuit Range/Performance,47,P0
P06C4,Cylinder 12 Glow Plug Circuit Range/Performance,47,P0
P06C5,Cylinder 1 Glow Plug Incorrect,30,P0
P06C6,Cylinder 2 Glow Plug Incorrect,30,P0
P06C7,Cylinder 3 Glow Plug Incorrect,30,P0
P06C8,Cylinder 4 Glow Plug Incorrect,30,P0
P06C9,Cylinder 5 Glow Plug Incorrect,30,P0
P06CA,Cylinder 6 Glow Plug Incorrect,30,P0
P06CB,Cylinder 7 Glow Plug Incorrect,30,P0
P06CC,Cylinder 8 Glow Plug Incorrect,30,P0
P06CD,Cylinder 9 Glow Plug Incorrect,30,P0
P06CE,Cylinder 10 Glow Plug Incorrect,31,P0
P06CF,Cylinder 11 Glow Plug Incorrect,31,P0
P06D0,Cylinder 12 Glow Plug Incorrect,31,P0
P06D1,Internal Control Module Ignition Coil Control Performance,57,P0
P06D2,Sensor Reference Voltage E Circuit/Open,39,P0
P06D3,Sensor Reference Voltage E Circuit Low,38,P0
P06D4,Sensor Reference Voltage E Circuit High,39,P0
P06D5,Sensor Reference Voltage E Circuit Range/Performance,52,P0
P06D6,Sensor Reference Voltage F Circuit/Open,39,P0
P06D7,Sensor Reference Voltage F Circuit Low,38,P0
P06D8,Sensor Reference Voltage F Circuit High,39,P0
P06D9,Sensor Reference Voltage F Circuit Range/Performance,52,P0
P06DA,Engine Oil Pressure Control Circuit/Open,40,P0
P06DB,Engine Oil Pressure Control Circuit Low,39,P0
P06DC,Engine Oil Pressure Control Circuit High,40,P0
P06DD,Engine Oil Pressure Control Circuit Performance/Stuck Off,57,P0
P06DE,Engine Oil Pressure Control Circuit Stuck On,44,P0
P06DF,Glow Plug Control Module 1 Memory Checksum Error,48,P0
P06E0,Cylinder 11 Glow Plug Control Circuit Low,41,P0
P06E1,Cylinder 11 Glow Plug Control Circuit High,42,P0
P06E2,Cylinder 12 Glow Plug Control Circuit Low,41,P0
P06E3,Cylinder 12 Glow Plug Control Circuit High,42,P0
P06E4,Control Module Wake-up Circuit Performance,42,P0
P06E5,Glow Plug Control Module 1 Performance,38,P0
P06E6,Sensor Power Supply C Circuit/Open,34,P0
P06E7,Sensor Power Supply C Circuit Low,33,P0
P06E8,Sensor Power Supply C Circuit High,34,P0
P06E9,Engine Starter Performance,26,P0
P06EA,NOx Sensor Processor Performance Bank 1 Sensor 1,48,P0
P06EB,NOx Sensor Processor Performance Bank 1 Sensor 2,48,P0
P06EC,Fuel Injector Control Module Requested MIL Illumination,55,P0
P06ED,Engine RPM Output Circuit Low,29,P0
P06EE,Engine RPM Output Circuit High,30,P0
P06EF,Engine Restart Performance,26,P0
P06F0,Reductant Control Module Internal Temperature Sensor Circuit,60,P0
P06F1,Reductant Control Module Internal Temperature Sensor Range/Performance,70,P0
P06F2,Reductant Control Module Internal Temperature Sensor Circuit Low,64,P0
P06F3,Reductant Control Module Internal Temperature Sensor Circuit High,65,P0
P06F4,Stop-Start Mode Lamp Control Circuit,36,P0
P06F5,Glow Plug Control Module 2,26,P0
P06F6,Glow Plug Control Module 2 Control Circuit/Open,47,P0
P06F7,Glow Plug Control Module 2 Control Circuit Low,46,P0
P06F8,Glow Plug Control Module 2 Control Circuit High,47,P0
P06F9,Glow Plug Control Module 2 System Voltage,41,P0
P06FA,Glow Plug Control Module 2 Performance,38,P0
P06FB,Glow Plug Control Module 2 Memory Checksum Error,48,P0
P06FC,Glow Plug Control Module 2 to PCM Communication Circuit,55,P0
P06FD,Glow Plug Control Module 2 to PCM Communication Circuit Range/Performance,73,P0
P06FE,Cold Start Diesel Intake Air Flow Control Performance,53,P0
P06FF,Economy Mode Lamp Control Circuit,33,P0
P0700,Transmission Control System (MIL Request),41,P0
P0701,Transmission Control System Range/Performance,45,P0
P0702,Transmission Control System Electrical,38,P0
P0703,Brake Switch B Circuit,22,P0
P0704,Clutch Switch Input Circuit,27,P0
P0705,Transmission Range Sensor A Circuit (PRNDL Input),49,P0
P0706,Transmission Range Sensor A Circuit Range/Performance,53,P0
P0707,Transmission Range Sensor A Circuit Low,39,P0
P0708,Transmission Range Sensor A Circuit High,40,P0
P0709,Transmission Range Sensor A Circuit Intermittent,48,P0
P070A,Transmission Fluid Level Sensor Circuit,39,P0
P070B,Transmission Fluid Level Sensor Circuit Range/Performance,57,P0
P070C,Transmission Fluid Level Sensor Circuit Low,43,P0
P070D,Transmission Fluid Level Sensor Circuit High,44,P0
P070E,Transmission Fluid Level Sensor Circuit intermittent/Erratic,60,P0
P070F,Transmission Fluid Level Too Low,32,P0
P0710,Transmission Fluid Temperature Sensor A Circuit,47,P0
P0711,Transmission Fluid Temperature Sensor A Circuit Range/Performance,65,P0
P0712,Transmission Fluid Temperature Sensor A Circuit Low,51,P0
P0713,Transmission Fluid Temperature Sensor A Circuit High,52,P0
P0714,Transmission Fluid Temperature Sensor A Circuit Intermittent,60,P0
P0715,Input/Turbine Shaft Speed Sensor A Circuit,42,P0
P0716,Input/Turbine Shaft Speed Sensor A Circuit Range/Performance,60,P0
P0717,Input/Turbine Shaft Speed Sensor A Circuit No Signal,52,P0
P0718,Input/Turbine Shaft Speed Sensor A Circuit Intermittent,55,P0
P0719,Brake Switch B Circuit Low,26,P0
P071A,Transmission Mode Switch A Circuit,34,P0
P071B,Transmission Mode Switch A Circuit Low,38,P0
P071C,Transmission Mode Switch A Circuit High,39,P0
P071D,Transmission Mode Switch B Circuit,34,P0
P071E,Transmission Mode Switch B Circuit Low,38,P0
P071F,Transmission Mode Switch B Circuit High,39,P0
P0720,Output Shaft Speed Sensor Circuit,33,P0
P0721,Output Shaft Speed Sensor Circuit Range/Performance,51,P0
P0722,Output Shaft Speed Sensor Circuit No Signal,43,P0
P0723,Output Shaft Speed Sensor Circuit Intermittent,46,P0
P0724,Brake Switch B Circuit High,27,P0
P0725,Engine Speed Input Circuit,26,P0
P0726,Engine Speed Input Circuit Range/Performance,44,P0
P0727,Engine Speed Input Circuit No Signal,36,P0
P0728,Engine Speed Input Circuit Intermittent,39,P0
P0729,Gear 6 Incorrect Ratio,22,P0
P072A,Stuck in Neutral,16,P0
P072B,Stuck In Reverse,16,P0
P072C,Stuck in Gear 1,15,P0
P072D,Stuck in Gear 2,15,P0
P072E,Stuck in Gear 3,15,P0
P072F,Stuck in Gear 4,15,P0
P0730,Incorrect Gear Ratio,20,P0
P0731,Gear 1 Incorrect Ratio,22,P0
P0732,Gear 2 Incorrect Ratio,22,P0
P0733,Gear 3 Incorrect Ratio,22,P0
P0734,Gear 4 Incorrect Ratio,22,P0
P0735,Gear 5 Incorrect Ratio,22,P0
P0736,Reverse Incorrect Ratio,23,P0
P0737,TCM Engine Speed Output Circuit,31,P0
P0738,TCM Engine Speed Output Circuit Low,35,P0
P0739,TCM Engine Speed Output Circuit High,36,P0
P073A,Stuck in Gear 5,15,P0
P073B,Stuck in Gear 6,15,P0
P073C,Stuck in Gear 7,15,P0
P073D,Unable to Engage Neutral,24,P0
P073E,Unable to Engage Reverse,24,P0
P073F,Unable to Engage Gear 1,23,P0
P0740,Torque Converter Clutch Circuit/Open,36,P0
P0741,Torque Converter Clutch Circuit Performance/Stuck Off,53,P0
P0742,Torque Converter Clutch Circuit Stuck On,40,P0
P0743,Torque Converter Clutch Circuit Electrical,42,P0
P0744,Torque Converter Clutch Circuit Intermittent,44,P0
P0745,Pressure Control Solenoid A,27,P0
P0746,Pressure Control Solenoid A Performance/Stuck Off,49,P0
P0747,Pressure Control Solenoid A Stuck On,36,P0
P0748,Pressure Control Solenoid A Electrical,38,P0
P0749,Pressure Control Solenoid A Intermittent,40,P0
P074A,Unable To Engage Gear 2,23,P0
P074B,Unable To Engage Gear 3,23,P0
P074C,Unable To Engage Gear 4,23,P0
P074D,Unable To Engage Gear 5,23,P0
P074E,Unable To Engage Gear 6,23,P0
P074F,Unable To Engage Gear 7,23,P0
P0750,Shift Solenoid A,16,P0
P0751,Shift Solenoid A Performance/Stuck Off,38,P0
P0752,Shift Solenoid A Stuck On,25,P0
P0753,Shift Solenoid A Electrical,27,P0
P0754,Shift Solenoid A Intermittent,29,P0
P0755,Shift Solenoid B,16,P0
P0756,Shift Solenoid B Performance/Stuck Off,38,P0
P0757,Shift Solenoid B Stuck On,25,P0
P0758,Shift Solenoid B Electrical,27,P0
P0759,Shift Solenoid B Intermittent,29,P0
P075A,Shift Solenoid G,16,P0
P075B,Shift Solenoid G Performance/Stuck Off,38,P0
P075C,Shift Solenoid G Stuck On,25,P0
P075D,Shift Solenoid G Electrical,27,P0
P075E,Shift Solenoid G Intermittent,29,P0
P075F,Transmission Fluid Level Too High,33,P0
P0760,Shift Solenoid C,16,P0
P0761,Shift Solenoid C Performance/Stuck Off,38,P0
P0762,Shift Solenoid C Stuck On,25,P0
P0763,Shift Solenoid C Electrical,27,P0
P0764,Shift Solenoid C Intermittent,29,P0
P0765,Shift Solenoid D,16,P0
P0766,Shift Solenoid D Performance/Stuck Off,38,P0
P0767,Shift Solenoid D Stuck On,25,P0
P0768,Shift Solenoid D Electrical,27,P0
P0769,Shift Solenoid D Intermittent,29,P0
P076A,Shift Solenoid H,16,P0
P076B,Shift Solenoid H Performance/Stuck Off,38,P0
P076C,Shift Solenoid H Stuck On,25,P0
P076D,Shift Solenoid H Electrical,27,P0
P076E,Shift Solenoid H Intermittent,29,P0
P076F,Gear 7 Incorrect Ratio,22,P0
P0770,Shift Solenoid E,16,P0
P0771,Shift Solenoid E Performance/Stuck Off,38,P0
P0772,Shift Solenoid E Stuck On,25,P0
P0773,Shift Solenoid E Electrical,27,P0
P0774,Shift Solenoid E Intermittent,29,P0
P0775,Pressure Control Solenoid B,27,P0
P0776,Pressure Control Solenoid B Performance/Stuck Off,49,P0
P0777,Pressure Control Solenoid B Stuck On,36,P0
P0778,Pressure Control Solenoid B Electrical,38,P0
P0779,Pressure Control Solenoid B Intermittent,40,P0
P077A,Output Shaft Speed Sensor Circuit - Loss of Direction Signal,60,P0
P077B,Output Shaft Speed Sensor Circuit - Direction Error,51,P0
P077C,Output Shaft Speed Sensor Circuit Low,37,P0
P077D,Output Shaft Speed Sensor Circuit High,38,P0
P077E,Transmission Fluid Temperature Measurement System - Multiple Sensor Correlation,79,P0
P077F,Reverse 2 Incorrect Ratio,25,P0
P0780,Shift Error,11,P0
P0781,1-2 Shift,9,P0
P0782,2-3 Shift,9,P0
P0783,3-4 Shift,9,P0
P0784,4-5 Shift,9,P0
P0785,Shift Timing Solenoid A,23,P0
P0786,Shift Timing Solenoid A Range/Performance,41,P0
P0787,Shift Timing Solenoid A Low,27,P0
P0788,Shift Timing Solenoid A High,28,P0
P0789,Shift Timing Solenoid A Intermittent,36,P0
P078A,Shift Timing Solenoid B,23,P0
P078B,Shift Timing Solenoid B Range/Performance,41,P0
P078C,Shift Timing Solenoid B Low,27,P0
P078D,Shift Timing Solenoid B High,28,P0
P078E,Shift Timing Solenoid B Intermittent,36,P0
P078F,Transmission Mode Switch C Circuit,34,P0
P0790,Normal/Performance Switch Circuit,33,P0
P0791,Intermediate Shaft Speed Sensor A Circuit,41,P0
P0792,Intermediate Shaft Speed Sensor A Circuit Range/Performance,59,P0
P0793,Intermediate Shaft Speed Sensor A Circuit No Signal,51,P0
P0794,Intermediate Shaft Speed Sensor A Circuit Intermittent,54,P0
P0795,Pressure Control Solenoid C,27,P0
P0796,Pressure Control Solenoid C Performance/Stuck Off,49,P0
P0797,Pressure Control Solenoid C Stuck On,36,P0
P0798,Pressure Control Solenoid C Electrical,38,P0
P0799,Pressure Control Solenoid C Intermittent,40,P0
P079A,Transmission Friction Element A Slip Detected,45,P0
P079B,Transmission Friction Element B Slip Detected,45,P0
P079C,Transmission Friction Element C Slip Detected,45,P0
P079D,Transmission Friction Element D Slip Detected,45,P0
P079E,Transmission Friction Element E Slip Detected,45,P0
P079F,Transmission Friction Element F Slip Detected,45,P0
P07A0,Transmission Friction Element G Slip Detected,45,P0
P07A1,Transmission Friction Element H Slip Detected,45,P0
P07A2,Transmission Friction Element A Performance/Stuck Off,53,P0
P07A3,Transmission Friction Element A Stuck On,40,P0
P07A4,Transmission Friction Element B Performance/Stuck Off,53,P0
P07A5,Transmission Friction Element B Stuck On,40,P0
P07A6,Transmission Friction Element C Performance/Stuck Off,53,P0
P07A7,Transmission Friction Element C Stuck On,40,P0
P07A8,Transmission Friction Element D Performance/Stuck Off,53,P0
P07A9,Transmission Friction Element D Stuck On,40,P0
P07AA,Transmission Friction Element E Performance/Stuck Off,53,P0
P07AB,Transmission Friction Element E Stuck On,40,P0
P07AC,Transmission Friction Element F Performance/Stuck Off,53,P0
P07AD,Transmission Friction Element F Stuck On,40,P0
P07AE,Transmission Friction Element G Performance/Stuck Off,53,P0
P07AF,Transmission Friction Element G Stuck On,40,P0
P07B0,Transmission Friction Element H Performance/Stuck Off,53,P0
P07B1,Transmission Friction Element H Stuck On,40,P0
P07B2,Transmission Park Position Sensor/Switch A Circuit/Open,55,P0
P07B3,Transmission Park Position Sensor/Switch A Circuit Low,54,P0
P07B4,Transmission Park Position Sensor/Switch A Circuit High,55,P0
P07B5,Transmission Park Position Sensor/Switch A Circuit Performance/Low,66,P0
P07B6,Transmission Park Position Sensor/Switch A Circuit Performance High,67,P0
P07B7,Transmission Park Position Sensor/Switch A Circuit Intermittent/Erratic,71,P0
P07B8,Transmission Park Position Sensor/Switch B Circuit/Open,55,P0
P07B9,Transmission Park Position Sensor/Switch B Circuit Low,54,P0
P07BA,Transmission Park Position Sensor/Switch B Circuit High,55,P0
P07BB,Transmission Park Position Sensor/Switch B Circuit Performance/Low,66,P0
P07BC,Transmission Park Position Sensor/Switch B Circuit Performance High,67,P0
P07BD,Transmission Park Position Sensor/Switch B Circuit Intermittent/Erratic,71,P0
P07BE,Transmission Park Position Sensor/Switch A/B Correlation,56,P0
P07BF,Input/Turbine Shaft Speed Sensor A Circuit Low,46,P0
P07C0,Input/Turbine Shaft Speed Sensor A Circuit High,47,P0
P07C1,Input/Turbine Shaft Speed Sensor B Circuit Low,46,P0
P07C2,Input/Turbine Shaft Speed Sensor B Circuit High,47,P0
P07C3,Input/Turbine Shaft Speed Sensor C Circuit Low,46,P0
P07C4,Input/Turbine Shaft Speed Sensor C Circuit High,47,P0
P07C5,Intermediate Shaft Speed Sensor A Circuit Low,45,P0
P07C6,Intermediate Shaft Speed Sensor A Circuit High,46,P0
P07C7,Intermediate Shaft Speed Sensor B Circuit Low,45,P0
P07C8,Intermediate Shaft Speed Sensor B Circuit High,46,P0
P07C9,Intermediate Shaft Speed Sensor C Circuit Low,45,P0
P07CA,Intermediate Shaft Speed Sensor C Circuit High,46,P0
P07CB,Transmission Fluid Thermostat Performance,41,P0
P07CC,Transmission Mode Switch C Circuit Low,38,P0
P07CD,Transmission Mode Switch C Circuit High,39,P0
P07CE,Transmission Mode Switch D Circuit,34,P0
P07CF,Transmission Mode Switch D Circuit Low,38,P0
P07D0,Transmission Mode Switch D Circuit High,39,P0
P07D1,Transmission Mode Switch E Circuit,34,P0
P07D2,Transmission Mode Switch E Circuit Low,38,P0
P07D3,Transmission Mode Switch E Circuit High,39,P0
P07D4,Transmission Mode Switch F Circuit,34,P0
P07D5,Transmission Mode Switch F Circuit Low,38,P0
P07D6,Transmission Mode Switch F Circuit High,39,P0
P07D7,Stuck in Gear 8,15,P0
P07D8,Unable To Engage Gear 8,23,P0
P07D9,Gear 8 Incorrect Ratio,22,P0
P07DA,6-7 Shift,9,P0
P07DB,7-8 Shift,9,P0
P07DC,Incorrect Shift from Gear 1,27,P0
P07DD,Incorrect Shift from Gear 2,27,P0
P07DE,Incorrect Shift from Gear 3,27,P0
P07DF,Incorrect Shift from Gear 4,27,P0
P07E0,Incorrect Shift from Gear 5,27,P0
P07E1,Incorrect Shift from Gear 6,27,P0
P07E2,Incorrect Shift from Gear 7,27,P0
P07E3,Incorrect Shift from Gear 8,27,P0
P07E4,Unable to Engage Park,21,P0
P07E5,Unable to Engage Drive,22,P0
P07E6,Stuck in Park,13,P0
P07E7,Stuck in Drive,14,P0
P07E8,Transmission Range Control A Circuit/Open,41,P0
P07E9,Transmission Range Control A Circuit Performance,48,P0
P07EA,Transmission Range Control A Circuit Low,40,P0
P07EB,Transmission Range Control A Circuit High,41,P0
P07EC,Transmission Range Multi-Function Select Circuit,48,P0
P07ED,Transmission Range Multi-Function Select Circuit Stuck,54,P0
P07EE,Transmission Range Multi-Function Select Circuit Range/Performance,66,P0
P07EF,Transmission Range Multi-Function Select Circuit Low,52,P0
P07F0,Transmission Range Multi-Function Select Circuit High,53,P0
P07F1,Input/Turbine Shaft Speed Sensor C Circuit,42,P0
P07F2,Transmission Range Control Module Communication Circuit,55,P0
P07F3,Transmission Range Control Module Communication Circuit Low,59,P0
P07F4,Transmission Range Control Module Communication Circuit High,60,P0
P07F5,Transmission Range Control Module System Voltage Low,52,P0
P07F6,Gear 9 Incorrect Ratio,22,P0
P07F7,Gear 10 Incorrect Ratio,23,P0
P07F8,Stuck in Gear 9,15,P0
P07F9,Unable to Engage Gear 9,23,P0
P07FA,Incorrect Shift From Gear 9,27,P0
P07FB,Stuck in Gear 10,16,P0
P07FC,Unable to Engage Gear 10,24,P0
P07FD,Incorrect Shift From Gear 10,28,P0
P07FE,Stuck In Gear - Not Specified,29,P0
P07FF,Cold Start Transmission Performance,35,P0
P0800,Transfer Case Control System (MIL Request),42,P0
P0801,Reverse Inhibit Control Circuit/Open,36,P0
P0802,Transmission Control System MIL Request Circuit/Open,52,P0
P0803,Upshift/Skip Shift Solenoid Control Circuit,43,P0
P0804,Upshift/Skip Shift Lamp Control Circuit,39,P0
P0805,Clutch Position Sensor A Circuit,32,P0
P0806,Clutch Position Sensor A Circuit Range/Performance,50,P0
P0807,Clutch Position Sensor A Circuit Low,36,P0
P0808,Clutch Position Sensor A Circuit High,37,P0
P0809,Clutch Position Sensor A Circuit Intermittent,45,P0
P080A,Clutch Position Not Learned,27,P0
P080B,Upshift/Skip Shift Solenoid Control Circuit Range/Performance,61,P0
P080C,Upshift/Skip Shift Solenoid Control Circuit Low,47,P0
P080D,Upshift/Skip Shift Solenoid Control Circuit High,48,P0
P0810,Clutch Position Control Error,29,P0
P0811,Excessive Clutch A Slippage,27,P0
P0812,Reverse Input Circuit,21,P0
P0813,Reverse Output Circuit,22,P0
P0814,Transmission Range Display Circuit,34,P0
P0815,Upshift Switch Circuit,22,P0
P0816,Downshift Switch Circuit,24,P0
P0817,Starter Disable Circuit/Open,28,P0
P0818,Driveline Disconnect Switch Input Circuit,41,P0
P0819,Up and Down Shift Switch to Transmission Range Correlation,58,P0
P081A,Starter Disable Circuit Low,27,P0
P081B,Starter Disable Circuit High,28,P0
P081C,Park Input Circuit,18,P0
P081D,Neutral Input Circuit,21,P0
P081E,Excessive Clutch B Slippage,27,P0
P081F,Brake Transmission Shift Interlock (BTSI) Signal Correlation,60,P0
P0820,Gear Lever X-Y Position Sensor Circuit,38,P0
P0821,Gear Lever X Position Sensor 1 Circuit,38,P0
P0822,Gear Lever Y Position Sensor 1 Circuit,38,P0
P0823,Gear Lever X Position Sensor 1 Circuit Intermittent/Erratic,59,P0
P0824,Gear Lever Y Position Sensor 1 Circuit Intermittent/Erratic,59,P0
P0825,Gear Lever Push-Pull Switch (Shift Anticipate),46,P0
P0826,Up and Down Shift Switch Circuit,32,P0
P0827,Up and Down Shift Switch Circuit Low,36,P0
P0828,Up and Down Shift Switch Circuit High,37,P0
P0829,5-6 Shift,9,P0
P082A,Gear Lever X Position Sensor 1 Circuit Range/Performance,56,P0
P082B,Gear Lever X Position Sensor 1 Circuit Low,42,P0
P082C,Gear Lever X Position Sensor 1 Circuit High,43,P0
P082D,Gear Lever Y Position Sensor 1 Circuit Range/Performance,56,P0
P082E,Gear Lever Y Position Sensor 1 Circuit Low,42,P0
P082F,Gear Lever Y Position Sensor 1 Circuit High,43,P0
P0830,Clutch Pedal Switch A Circuit,29,P0
P0831,Clutch Pedal Switch A Circuit Low,33,P0
P0832,Clutch Pedal Switch A Circuit High,34,P0
P0833,Clutch Pedal Switch B Circuit,29,P0
P0834,Clutch Pedal Switch B Circuit Low,33,P0
P0835,Clutch Pedal Switch B Circuit High,34,P0
P0836,Four Wheel Drive (4WD) Switch Circuit,37,P0
P0837,Four Wheel Drive (4WD) Switch Circuit Range/Performance,55,P0
P0838,Four Wheel Drive (4WD) Switch Circuit Low,41,P0
P0839,Four Wheel Drive (4WD) Switch Circuit High,42,P0
P083A,Transmission Fluid Pressure Sensor/Switch G Circuit,51,P0
P083B,Transmission Fluid Pressure Sensor/Switch G Circuit Range/Performance,69,P0
P083C,Transmission Fluid Pressure Sensor/Switch G Circuit Low,55,P0
P083D,Transmission Fluid Pressure Sensor/Switch G Circuit High,56,P0
P083E,Transmission Fluid Pressure Sensor/Switch G Circuit Intermittent,64,P0
P083F,Clutch Pedal Switch A/B Correlation,35,P0
P0840,Transmission Fluid Pressure Sensor/Switch A Circuit,51,P0
P0841,Transmission Fluid Pressure Sensor/Switch A Circuit Range/Performance,69,P0
P0842,Transmission Fluid Pressure Sensor/Switch A Circuit Low,55,P0
P0843,Transmission Fluid Pressure Sensor/Switch A Circuit High,56,P0
P0844,Transmission Fluid Pressure Sensor/Switch A Circuit Intermittent,64,P0
P0845,Transmission Fluid Pressure Sensor/Switch B Circuit,51,P0
P0846,Transmission Fluid Pressure Sensor/Switch B Circuit Range/Performance,69,P0
P0847,Transmission Fluid Pressure Sensor/Switch B Circuit Low,55,P0
P0848,Transmission Fluid Pressure Sensor/Switch B Circuit High,56,P0
P0849,Transmission Fluid Pressure Sensor/Switch B Circuit Intermittent,64,P0
P084A,Transmission Fluid Pressure Sensor/Switch H Circuit,51,P0
P084B,Transmission Fluid Pressure Sensor/Switch H Circuit Range/Performance,69,P0
P084C,Transmission Fluid Pressure Sensor/Switch H Circuit Low,55,P0
P084D,Transmission Fluid Pressure Sensor/Switch H Circuit High,56,P0
P084E,Transmission Fluid Pressure Sensor/Switch H Circuit Intermittent,64,P0
P084F,Park/Neutral Switch Output Circuit,34,P0
P0850,Park/Neutral Switch Input Circuit,33,P0
P0851,Park/Neutral Switch Input Circuit Low,37,P0
P0852,Park/Neutral Switch Input Circuit High,38,P0
P0853,Drive Switch Input Circuit,26,P0
P0854,Drive Switch Input Circuit Low,30,P0
P0855,Drive Switch Input Circuit High,31,P0
P0856,Traction Control Input Signal,29,P0
P0857,Traction Control Input Signal Range/Performance,47,P0
P0858,Traction Control Input Signal Low,33,P0
P0859,Traction Control Input Signal High,34,P0
P085A,Gear Shift Control Module B Communication Circuit,49,P0
P085B,Gear Shift Control Module B Communication Circuit Low,53,P0
P085C,Gear Shift Control Module B Communication Circuit High,54,P0
P085D,Gear Shift Control Module A Performance,39,P0
P085E,Gear Shift Control Module B Performance,39,P0
P085F,Up and Down Shift Switch Circuit Range/Performance,50,P0
P0860,Gear Shift Control Module A Communication Circuit,49,P0
P0861,Gear Shift Control Module A Communication Circuit Low,53,P0
P0862,Gear Shift Control Module A Communication Circuit High,54,P0
P0863,TCM Communication Circuit,25,P0
P0864,TCM Communication Circuit Range/Performance,43,P0
P0865,TCM Communication Circuit Low,29,P0
P0866,TCM Communication Circuit High,30,P0
P0867,Transmission Fluid Pressure,27,P0
P0868,Transmission Fluid Pressure Low,31,P0
P0869,Transmission Fluid Pressure High,32,P0
P086A,Neutral Position Sensor A Circuit/Open,38,P0
P086B,Neutral Position Sensor A Range/Performance,43,P0
P086C,Neutral Position Sensor A Circuit Low,37,P0
P086D,Neutral Position Sensor A Circuit High,38,P0
P086E,Neutral Position Sensor A Circuit Intermittent/Erratic,54,P0
P086F,Neutral Position Sensor A Not Learned,37,P0
P0870,Transmission Fluid Pressure Sensor/Switch C Circuit,51,P0
P0871,Transmission Fluid Pressure Sensor/Switch C Circuit Range/Performance,69,P0
P0872,Transmission Fluid Pressure Sensor/Switch C Circuit Low,55,P0
P0873,Transmission Fluid Pressure Sensor/Switch C Circuit High,56,P0
P0874,Transmission Fluid Pressure Sensor/Switch C Circuit Intermittent,64,P0
P0875,Transmission Fluid Pressure Sensor/Switch D Circuit,51,P0
P0876,Transmission Fluid Pressure Sensor/Switch D Circuit Range/Performance,69,P0
P0877,Transmission Fluid Pressure Sensor/Switch D Circuit Low,55,P0
P0878,Transmission Fluid Pressure Sensor/Switch D Circuit High,56,P0
P0879,Transmission Fluid Pressure Sensor/Switch D Circuit Intermittent,64,P0
P087A,Clutch Position Sensor B Circuit,32,P0
P087B,Clutch Position Sensor B Circuit Range/Performance,50,P0
P087C,Clutch Position Sensor B Circuit Low,36,P0
P087D,Clutch Position Sensor B Circuit High,37,P0
P087E,Clutch Position Sensor B Circuit Intermittent,45,P0
P0880,TCM Power Input Signal,22,P0
P0881,TCM Power Input Signal Range/Performance,40,P0
P0882,TCM Power Input Signal Low,26,P0
P0883,TCM Power Input Signal High,27,P0
P0884,TCM Power Input Signal Intermittent,35,P0
P0885,TCM Power Relay Control Circuit/Open,36,P0
P0886,TCM Power Relay Control Circuit Low,35,P0
P0887,TCM Power Relay Control Circuit High,36,P0
P0888,TCM Power Relay Sense Circuit,29,P0
P0889,TCM Power Relay Sense Circuit Range/Performance,47,P0
P088A,Transmission Fluid Filter Deteriorated,38,P0
P088B,Transmission Fluid Filter Very Deteriorated,43,P0
P088C,Reverse Inhibit Control Circuit Low,35,P0
P088D,Reverse Inhibit Control Circuit High,36,P0
P088E,Planetary Gear Set Failure,26,P0
P0890,TCM Power Relay Sense Circuit Low,33,P0
P0891,TCM Power Relay Sense Circuit High,34,P0
P0892,TCM Power Relay Sense Circuit Intermittent,42,P0
P0893,Multiple Gears Engaged,22,P0
P0894,Transmission Component Slipping,31,P0
P0895,Shift Time Too Short,20,P0
P0896,Shift Time Too Long,19,P0
P0897,Transmission Fluid Deteriorated,31,P0
P0898,Transmission Control System MIL Request Circuit Low,51,P0
P0899,Transmission Control System MIL Request Circuit High,52,P0
P089A,Gear Lever X Position Sensor 2 Circuit,38,P0
P089B,Gear Lever X Position Sensor 2 Circuit Range/Performance,56,P0
P089C,Gear Lever X Position Sensor 2 Circuit Low,42,P0
P089D,Gear Lever X Position Sensor 2 Circuit High,43,P0
P089E,Gear Lever X Position Sensor 2 Circuit Intermittent/Erratic,59,P0
P089F,Gear Lever Y Position Sensor 2 Circuit,38,P0
P08A0,Gear Lever Y Position Sensor 2 Circuit Range/Performance,56,P0
P08A1,Gear Lever Y Position Sensor 2 Circuit Low,42,P0
P08A2,Gear Lever Y Position Sensor 2 Circuit High,43,P0
P08A3,Gear Lever Y Position Sensor 2 Circuit Intermittent/Erratic,59,P0
P08A4,Gear Lever X Position Sensor 1/2 Correlation,44,P0
P08A5,Gear Lever Y Position Sensor 1/2 Correlation,44,P0
P08A6,Gear Lever Position Sensor System - Multiple Sensor Correlation,63,P0
P08A7,Clutch Pedal Position Sensor A Circuit/Open,43,P0
P08A8,Clutch Pedal Position Sensor A Circuit Range/Performance,56,P0
P08A9,Clutch Pedal Position Sensor A Circuit Low,42,P0
P08AA,Clutch Pedal Position Sensor A Circuit High,43,P0
P08AB,Clutch Pedal Position Sensor A Circuit Intermittent/Erratic,59,P0
P08AC,Clutch Pedal Position Sensor A Not Learned,42,P0
P08AD,Neutral Position Sensor B Circuit/Open,38,P0
P08AE,Neutral Position Sensor B Circuit Range/Performance,51,P0
P08AF,Neutral Position Sensor B Circuit Low,37,P0
P08B0,Neutral Position Sensor B Circuit High,38,P0
P08B1,Neutral Position Sensor B Circuit Intermittent/Erratic,54,P0
P08B2,Neutral Position Sensor A/B Correlation,39,P0
P08B3,Neutral Position Sensor B Not Learned,37,P0
P08B4,Clutch Pedal Position Sensor B Circuit/Open,43,P0
P08B5,Clutch Pedal Position Sensor B Circuit Range/Performance,56,P0
P08B6,Clutch Pedal Position Sensor B Circuit Low,42,P0
P08B7,Clutch Pedal Position Sensor B Circuit High,43,P0
P08B8,Clutch Pedal Position Sensor B Circuit Intermittent/Erratic,59,P0
P08B9,Clutch Pedal Position Sensor A/B Correlation,44,P0
P08BA,Pressure Control Solenoid L,27,P0
P08BB,Pressure Control Solenoid L Performance/Stuck Off,49,P0
P08BC,Pressure Control Solenoid L Stuck On,36,P0
P08BD,Pressure Control Solenoid L Electrical,38,P0
P08BE,Pressure Control Solenoid L Intermittent,40,P0
P08BF,Pressure Control Solenoid L Control Circuit/Open,48,P0
P08C0,Pressure Control Solenoid L Control Circuit Range/Performance,61,P0
P08C1,Pressure Control Solenoid L Control Circuit Low,47,P0
P08C2,Pressure Control Solenoid L Control Circuit High,48,P0
P08C3,Pressure Control Solenoid M,27,P0
P08C4,Pressure Control Solenoid M Performance/Stuck Off,49,P0
P08C5,Pressure Control Solenoid M Stuck On,36,P0
P08C6,Pressure Control Solenoid M Electrical,38,P0
P08C7,Pressure Control Solenoid M Intermittent,40,P0
P08C8,Pressure Control Solenoid M Control Circuit/Open,48,P0
P08C9,Pressure Control Solenoid M Control Circuit Range/Performance,61,P0
P08CA,Pressure Control Solenoid M Control Circuit Low,47,P0
P08CB,Pressure Control Solenoid M Control Circuit High,48,P0
P08CC,Shift Solenoid J,16,P0
P08CD,Shift Solenoid J Performance/Stuck Off,38,P0
P08CE,Shift Solenoid J Stuck On,25,P0
P08CF,Shift Solenoid J Electrical,27,P0
P08D0,Shift Solenoid J Intermittent,29,P0
P08D1,Shift Solenoid J Control Circuit Range/Performance,50,P0
P08D2,Shift Solenoid J Control Circuit Low,36,P0
P08D3,Shift Solenoid J Control Circuit High,37,P0
P08D4,Shift Solenoid J Control Circuit/Open,37,P0
P08D5,Shift Solenoid K,16,P0
P08D6,Shift Solenoid K Performance/Stuck Off,38,P0
P08D7,Shift Solenoid K Stuck On,25,P0
P08D8,Shift Solenoid K Electrical,27,P0
P08D9,Shift Solenoid K Intermittent,29,P0
P08DA,Shift Solenoid K Control Circuit Range/Performance,50,P0
P08DB,Shift Solenoid K Control Circuit Low,36,P0
P08DC,Shift Solenoid K Control Circuit High,37,P0
P08DD,Shift Solenoid K Control Circuit/Open,37,P0
P08DE,Shift Solenoid L,16,P0
P08DF,Shift Solenoid L Performance/Stuck Off,38,P0
P08E0,Shift Solenoid L Stuck On,25,P0
P08E1,Shift Solenoid L Electrical,27,P0
P08E2,Shift Solenoid L Intermittent,29,P0
P08E3,Shift Solenoid L Control Circuit Range/Performance,50,P0
P08E4,Shift Solenoid L Control Circuit Low,36,P0
P08E5,Shift Solenoid L Control Circuit High,37,P0
P08E6,Shift Solenoid L Control Circuit/Open,37,P0
P08E7,Drive Motor A Clutch Enable Circuit,35,P0
P08E8,Drive Motor A Clutch Enable Circuit Low,39,P0
P08E9,Drive Motor A Clutch Enable Circuit High,40,P0
P08EA,Drive Motor A Clutch Pawl Position Circuit,42,P0
P08EB,Drive Motor A Clutch Pawl Position Circuit Low,46,P0
P08EC,Drive Motor A Clutch Pawl Position Circuit High,47,P0
P08ED,Drive Motor A Clutch Pawl Position Performance,46,P0
P0900,Clutch A Actuator Control Circuit/Open,38,P0
P0901,Clutch A Actuator Control Circuit Range/Performance,51,P0
P0902,Clutch A Actuator Control Circuit Low,37,P0
P0903,Clutch A Actuator Control Circuit High,38,P0
P0904,Gate Select Position Circuit A,30,P0
P0905,Gate Select Position Circuit A Range/Performance,48,P0
P0906,Gate Select Position Circuit A Low,34,P0
P0907,Gate Select Position Circuit A High,35,P0
P0908,Gate Select Position Circuit A Intermittent,43,P0
P0909,Gate Select Control Error,25,P0
P090A,Clutch B Actuator Control Circuit/Open,38,P0
P090B,Clutch B Actuator Control Circuit Performance,45,P0
P090C,Clutch B Actuator Control Circuit Low,37,P0
P090D,Clutch B Actuator Control Circuit High,38,P0
P0910,Gate Select Actuator Circuit/Open,33,P0
P0911,Gate Select Actuator Circuit Range/Performance,46,P0
P0912,Gate Select Actuator Circuit Low,32,P0
P0913,Gate Select Actuator Circuit High,33,P0
P0914,Gear Shift Position Circuit A,29,P0
P0915,Gear Shift Position Circuit A Range/Performance,47,P0
P0916,Gear Shift Position Circuit A Low,33,P0
P0917,Gear Shift Position Circuit A High,34,P0
P0918,Gear Shift Position Circuit A Intermittent,42,P0
P0919,Gear Shift Position Control Error,33,P0
P091A,Gear Shift Position Circuit B,29,P0
P091B,Gear Shift Position Circuit B Range/Performance,47,P0
P091C,Gear Shift Position Circuit B Low,33,P0
P091D,Gear Shift Position Circuit B High,34,P0
P0920,Gear Shift Forward Actuator Circuit/Open,40,P0
P0921,Gear Shift Forward Actuator Circuit Range/Performance,53,P0
P0922,Gear Shift Forward Actuator Circuit Low,39,P0
P0923,Gear Shift Forward Actuator Circuit High,40,P0
P0924,Gear Shift Reverse Actuator Circuit/Open,40,P0
P0925,Gear Shift Reverse Actuator Circuit Range/Performance,53,P0
P0926,Gear Shift Reverse Actuator Circuit Low,39,P0
P0927,Gear Shift Reverse Actuator Circuit High,40,P0
P0928,Gear Shift Lock Solenoid/Actuator Control Circuit A/Open,56,P0
P0929,Gear Shift Lock Solenoid/Actuator Control Circuit A Range/Performance,69,P0
P092A,Gear Shift Lock Solenoid/Actuator Control Circuit B/Open,56,P0
P092B,Gear Shift Lock Solenoid/Actuator Control Circuit B Range/Performance,69,P0
P092C,Gear Shift Lock Solenoid/Actuator Control Circuit B Low,55,P0
P092D,Gear Shift Lock Solenoid/Actuator Control Circuit B High,56,P0
P0930,Gear Shift Lock Solenoid/Actuator Control Circuit A Low,55,P0
P0931,Gear Shift Lock Solenoid/Actuator Control Circuit A High,56,P0
P0932,Hydraulic Pressure Sensor Circuit,33,P0
P0933,Hydraulic Pressure Sensor Range/Performance,43,P0
P0934,Hydraulic Pressure Sensor Circuit Low,37,P0
P0935,Hydraulic Pressure Sensor Circuit High,38,P0
P0936,Hydraulic Pressure Sensor Circuit Intermittent,46,P0
P0937,Hydraulic Oil Temperature Sensor Circuit,40,P0
P0938,Hydraulic Oil Temperature Sensor Range/Performance,50,P0
P0939,Hydraulic Oil Temperature Sensor Circuit Low,44,P0
P093A,Hydraulic Accumulator Solenoid Circuit/Open,43,P0
P093B,Hydraulic Accumulator Solenoid Circuit Low,42,P0
P093C,Hydraulic Accumulator Solenoid Circuit High,43,P0
P093D,Hydraulic Accumulator Solenoid Performance,42,P0
P0940,Hydraulic Oil Temperature Sensor Circuit High,45,P0
P0941,Hydraulic Oil Temperature Sensor Circuit Intermittent,53,P0
P0942,Hydraulic Pressure Unit,23,P0
P0943,Hydraulic Pressure Unit Cycling Period Too Short,48,P0
P0944,Hydraulic Pressure Unit Loss of Pressure,40,P0
P0945,Hydraulic Pump Relay/Control Circuit/Open,41,P0
P0946,Hydraulic Pump Relay/Control Circuit Range/Performance,54,P0
P0947,Hydraulic Pump Relay/Control Circuit Low,40,P0
P0948,Hydraulic Pump Relay/Control Circuit High,41,P0
P0949,Auto Shift Manual Adaptive Learning Not Complete,48,P0
P094A,Hydraulic Pump Driver Performance,33,P0
P094B,Hydraulic Pump Stuck On,23,P0
P094C,Hydraulic Pump Performance/Stuck Off,36,P0
P094D,Hydraulic Pump Over Temperature,31,P0
P094E,Hydraulic Pump Supply Voltage Circuit/Open,42,P0
P0950,Auto Shift Manual Control Circuit,33,P0
P0951,Auto Shift Manual Control Circuit Range/Performance,51,P0
P0952,Auto Shift Manual Control Circuit Low,37,P0
P0953,Auto Shift Manual Control Circuit High,38,P0
P0954,Auto Shift Manual Control Circuit Intermittent,46,P0
P0955,Auto Shift Manual Mode Circuit,30,P0
P0956,Auto Shift Manual Mode Circuit Range/Performance,48,P0
P0957,Auto Shift Manual Mode Circuit Low,34,P0
P0958,Auto Shift Manual Mode Circuit High,35,P0
P0959,Auto Shift Manual Mode Circuit Intermittent,43,P0
P095A,Gear Shift Position Circuit C,29,P0
P095B,Gear Shift Position Circuit C Range/Performance,47,P0
P095C,Gear Shift Position Circuit C Low,33,P0
P095D,Gear Shift Position Circuit C High,34,P0
P0960,Pressure Control Solenoid A Control Circuit/Open,48,P0
P0961,Pressure Control Solenoid A Control Circuit Range/Performance,61,P0
P0962,Pressure Control Solenoid A Control Circuit Low,47,P0
P0963,Pressure Control Solenoid A Control Circuit High,48,P0
P0964,Pressure Control Solenoid B Control Circuit/Open,48,P0
P0965,Pressure Control Solenoid B Control Circuit Range/Performance,61,P0
P0966,Pressure Control Solenoid B Control Circuit Low,47,P0
P0967,Pressure Control Solenoid B Control Circuit High,48,P0
P0968,Pressure Control Solenoid C Control Circuit/Open,48,P0
P0969,Pressure Control Solenoid C Control Circuit Range/Performance,61,P0
P0970,Pressure Control Solenoid C Control Circuit Low,47,P0
P0971,Pressure Control Solenoid C Control Circuit High,48,P0
P0972,Shift Solenoid A Control Circuit Range/Performance,50,P0
P0973,Shift Solenoid A Control Circuit Low,36,P0
P0974,Shift Solenoid A Control Circuit High,37,P0
P0975,Shift Solenoid B Control Circuit Range/Performance,50,P0
P0976,Shift Solenoid B Control Circuit Low,36,P0
P0977,Shift Solenoid B Control Circuit High,37,P0
P0978,Shift Solenoid C Control Circuit Range/Performance,50,P0
P0979,Shift Solenoid C Control Circuit Low,36,P0
P097A,Shift Solenoid A Control Circuit/Open,37,P0
P097B,Shift Solenoid B Control Circuit/Open,37,P0
P097C,Shift Solenoid C Control Circuit/Open,37,P0
P097D,Shift Solenoid D Control Circuit/Open,37,P0
P097E,Shift Solenoid E Control Circuit/Open,37,P0
P097F,Shift Solenoid F Control Circuit/Open,37,P0
P0980,Shift Solenoid C Control Circuit High,37,P0
P0981,Shift Solenoid D Control Circuit Range/Performance,50,P0
P0982,Shift Solenoid D Control Circuit Low,36,P0
P0983,Shift Solenoid D Control Circuit High,37,P0
P0984,Shift Solenoid E Control Circuit Range/Performance,50,P0
P0985,Shift Solenoid E Control Circuit Low,36,P0
P0986,Shift Solenoid E Control Circuit High,37,P0
P0987,Transmission Fluid Pressure Sensor/Switch E Circuit,51,P0
P0988,Transmission Fluid Pressure Sensor/Switch E Circuit Range/Performance,69,P0
P0989,Transmission Fluid Pressure Sensor/Switch E Circuit Low,55,P0
P0990,Transmission Fluid Pressure Sensor/Switch E Circuit High,56,P0
P0991,Transmission Fluid Pressure Sensor/Switch E Circuit Intermittent,64,P0
P0992,Transmission Fluid Pressure Sensor/Switch F Circuit,51,P0
P0993,Transmission Fluid Pressure Sensor/Switch F Circuit Range/Performance,69,P0
P0994,Transmission Fluid Pressure Sensor/Switch F Circuit Low,55,P0
P0995,Transmission Fluid Pressure Sensor/Switch F Circuit High,56,P0
P0996,Transmission Fluid Pressure Sensor/Switch F Circuit Intermittent,64,P0
P0997,Shift Solenoid F Control Circuit Range/Performance,50,P0
P0998,Shift Solenoid F Control Circuit Low,36,P0
P0999,Shift Solenoid F Control Circuit High,37,P0
P099A,Shift Solenoid G Control Circuit Range/Performance,50,P0
P099B,Shift Solenoid G Control Circuit Low,36,P0
P099C,Shift Solenoid G Control Circuit High,37,P0
P099D,Shift Solenoid H Control Circuit Range/Performance,50,P0
P099E,Shift Solenoid H Control Circuit Low,36,P0
P099F,Shift Solenoid H Control Circuit High,37,P0
P09A0,Shift Solenoid G Control Circuit/Open,37,P0
P09A1,Shift Solenoid H Control Circuit/Open,37,P0
P09A2,Gate Select Position Circuit B,30,P0
P09A3,Gate Select Position Circuit B Range/Performance,48,P0
P09A4,Gate Select Position Circuit B Low,34,P0
P09A5,Gate Select Position Circuit B High,35,P0
P09A6,Gate Select Position Circuit C,30,P0
P09A7,Gate Select Position Circuit C Range/Performance,48,P0
P09A8,Gate Select Position Circuit C Low,34,P0
P09A9,Gate Select Position Circuit C High,35,P0
P0A00,Motor Electronics Coolant Temperature Sensor A Circuit,54,P0
P0A01,Motor Electronics Coolant Temperature Sensor A Circuit Range/Performance,72,P0
P0A02,Motor Electronics Coolant Temperature Sensor A Circuit Low,58,P0
P0A03,Motor Electronics Coolant Temperature Sensor A Circuit High,59,P0
P0A04,Motor Electronics Coolant Temperature Sensor A Circuit Intermittent,67,P0
P0A05,Motor Electronics Coolant Pump A Control Circuit/Open,53,P0
P0A06,Motor Electronics Coolant Pump A Control Circuit Low,52,P0
P0A07,Motor Electronics Coolant Pump A Control Circuit High,53,P0
P0A08,DC/DC Converter Status Circuit,30,P0
P0A09,DC/DC Converter Status Circuit Low,34,P0
P0A0A,High Voltage System Interlock Circuit A,39,P0
P0A0B,High Voltage System Interlock Circuit A Performance,51,P0
P0A0C,High Voltage System Interlock Circuit A Low,43,P0
P0A0D,High Voltage System Interlock Circuit A High,44,P0
P0A0E,High Voltage System Interlock Circuit A Intermittent,52,P0
P0A0F,Engine Failed to Start,22,P0
P0A10,DC/DC Converter Status Circuit High,35,P0
P0A11,DC/DC Converter Enable Circuit/Open,35,P0
P0A12,DC/DC Converter Enable Circuit Low,34,P0
P0A13,DC/DC Converter Enable Circuit High,35,P0
P0A14,Engine Mount A Control Circuit/Open,35,P0
P0A15,Engine Mount A Control Circuit Low,34,P0
P0A16,Engine Mount A Control Circuit High,35,P0
P0A17,Motor Torque Sensor Circuit,27,P0
P0A18,Motor Torque Sensor Circuit Range/Performance,45,P0
P0A19,Motor Torque Sensor Circuit Low,31,P0
P0A1A,Generator Control Module,24,P0
P0A1B,Drive Motor A Control Module Performance,40,P0
P0A1C,Drive Motor B Control Module Performance,40,P0
P0A1D,Hybrid/EV Powertrain Control Module A,37,P0
P0A1E,Starter/Generator Control Module,32,P0
P0A1F,Battery Energy Control Module A Performance,43,P0
P0A20,Motor Torque Sensor Circuit High,32,P0
P0A21,Motor Torque Sensor Circuit Intermittent,40,P0
P0A22,Generator Torque Sensor Circuit,31,P0
P0A23,Generator Torque Sensor Circuit Range/Performance,49,P0
P0A24,Generator Torque Sensor Circuit Low,35,P0
P0A25,Generator Torque Sensor Circuit High,36,P0
P0A26,Generator Torque Sensor Circuit Intermittent,44,P0
P0A27,Hybrid/EV Battery Power Off Circuit,35,P0
P0A28,Hybrid/EV Battery Power Off Circuit Low,39,P0
P0A29,Hybrid/EV Battery Power Off Circuit High,40,P0
P0A2A,Drive Motor A Temperature Sensor A Circuit,42,P0
P0A2B,Drive Motor A Temperature Sensor A Circuit Range/Performance,60,P0
P0A2C,Drive Motor A Temperature Sensor A Circuit Low,46,P0
P0A2D,Drive Motor A Temperature Sensor A Circuit High,47,P0
P0A2E,Drive Motor A Temperature Sensor A Circuit Intermittent,55,P0
P0A2F,Drive Motor A Over Temperature,30,P0
P0A30,Drive Motor B Temperature Sensor Circuit,40,P0
P0A31,Drive Motor B Temperature Sensor Circuit Range/Performance,58,P0
P0A32,Drive Motor B Temperature Sensor Circuit Low,44,P0
P0A33,Drive Motor B Temperature Sensor Circuit High,45,P0
P0A34,Drive Motor B Temperature Sensor Circuit Intermittent,53,P0
P0A35,Drive Motor B Over Temperature,30,P0
P0A36,Generator Temperature Sensor Circuit,36,P0
P0A37,Generator Temperature Sensor Circuit Range/Performance,54,P0
P0A38,Generator Temperature Sensor Circuit Low,40,P0
P0A39,Generator Temperature Sensor Circuit High,41,P0
P0A3A,Generator Temperature Sensor Circuit Intermittent,49,P0
P0A3B,Generator A Over Temperature,28,P0
P0A3C,Drive Motor A Inverter Over Temperature,39,P0
P0A3D,Drive Motor B Inverter Over Temperature,39,P0
P0A3E,Generator Inverter Over Temperature,35,P0
P0A3F,Drive Motor A Position Sensor Circuit,37,P0
P0A40,Drive Motor A Position Sensor Circuit Range/Performance,55,P0
P0A41,Drive Motor A Position Sensor Circuit Low,41,P0
P0A42,Drive Motor A Position Sensor Circuit High,42,P0
P0A43,Drive Motor A Position Sensor Circuit Intermittent,50,P0
P0A44,Drive Motor A Position Sensor Circuit Overspeed,47,P0
P0A45,Drive Motor B Position Sensor Circuit,37,P0
P0A46,Drive Motor B Position Sensor Circuit Range/Performance,55,P0
P0A47,Drive Motor B Position Sensor Circuit Low,41,P0
P0A48,Drive Motor B Position Sensor Circuit High,42,P0
P0A49,Drive Motor B Position Sensor Circuit Intermittent,50,P0
P0A4A,Drive Motor B Position Sensor Circuit Overspeed,47,P0
P0A4B,Generator Position Sensor Circuit,33,P0
P0A4C,Generator Position Sensor Circuit Range/Performance,51,P0
P0A4D,Generator Position Sensor Circuit Low,37,P0
P0A4E,Generator Position Sensor Circuit High,38,P0
P0A4F,Generator Position Sensor Circuit Intermittent,46,P0
P0A50,Generator Position Sensor Circuit Overspeed,43,P0
P0A51,Drive Motor A Current Sensor Circuit,36,P0
P0A52,Drive Motor A Current Sensor Circuit Range/Performance,54,P0
P0A53,Drive Motor A Current Sensor Circuit Low,40,P0
P0A54,Drive Motor A Current Sensor Circuit High,41,P0
P0A55,Drive Motor B Current Sensor Circuit,36,P0
P0A56,Drive Motor B Current Sensor Circuit Range/Performance,54,P0
P0A57,Drive Motor B Current Sensor Circuit Low,40,P0
P0A58,Drive Motor B Current Sensor Circuit High,41,P0
P0A59,Generator Current Sensor Circuit,32,P0
P0A5A,Generator Current Sensor Circuit Range/Performance,50,P0
P0A5B,Generator Current Sensor Circuit Low,36,P0
P0A5C,Generator Current Sensor Circuit High,37,P0
P0A5D,Drive Motor A Phase U Current,29,P0
P0A5E,Drive Motor A Phase U Current Low,33,P0
P0A5F,Drive Motor A Phase U Current High,34,P0
P0A60,Drive Motor A Phase V Current,29,P0
P0A61,Drive Motor A Phase V Current Low,33,P0
P0A62,Drive Motor A Phase V Current High,34,P0
P0A63,Drive Motor A Phase W Current,29,P0
P0A64,Drive Motor A Phase W Current Low,33,P0
P0A65,Drive Motor A Phase W Current High,34,P0
P0A66,Drive Motor B Phase U Current,29,P0
P0A67,Drive Motor B Phase U Current Low,33,P0
P0A68,Drive Motor B Phase U Current High,34,P0
P0A69,Drive Motor B Phase V Current,29,P0
P0A6A,Drive Motor B Phase V Current Low,33,P0
P0A6B,Drive Motor B Phase V Current High,34,P0
P0A6C,Drive Motor B Phase W Current,29,P0
P0A6D,Drive Motor B Phase W Current Low,33,P0
P0A6E,Drive Motor B Phase W Current High,34,P0
P0A6F,Generator Phase U Current,25,P0
P0A70,Generator Phase U Current Low,29,P0
P0A71,Generator Phase U Current High,30,P0
P0A72,Generator Phase V Current,25,P0
P0A73,Generator Phase V Current Low,29,P0
P0A74,Generator Phase V Current High,30,P0
P0A75,Generator Phase W Current,25,P0
P0A76,Generator Phase W Current Low,29,P0
P0A77,Generator Phase W Current High,30,P0
P0A78,Drive Motor A Inverter Performance,34,P0
P0A79,Drive Motor B Inverter Performance,34,P0
P0A7A,Generator Inverter Performance,30,P0
P0A7B,Battery Energy Control Module Requested MIL Illumination,56,P0
P0A7C,Motor Electronics Over Temperature,34,P0
P0A7D,Hybrid/EV Battery Pack State of Charge Low,42,P0
P0A7E,Hybrid/EV Battery Pack A Over Temperature,41,P0
P0A7F,Hybrid/EV Battery Pack A Deterioration,38,P0
P0A80,Replace Hybrid/EV Battery Pack,30,P0
P0A81,Hybrid/EV Battery Pack Cooling Fan 1 Control Circuit/Open,57,P0
P0A82,Hybrid/EV Battery Pack Cooling Fan 1 Performance/Stuck Off,58,P0
P0A83,Hybrid/EV Battery Pack Cooling Fan 1 Stuck On,45,P0
P0A84,Hybrid/EV Battery Pack Cooling Fan 1 Control Circuit Low,56,P0
P0A85,Hybrid/EV Battery Pack Cooling Fan 1 Control Circuit High,57,P0
P0A86,14 Volt Power Module Current Sensor A Circuit,45,P0
P0A87,14 Volt Power Module Current Sensor A Circuit Range/Performance,63,P0
P0A88,14 Volt Power Module Current Sensor A Circuit Low,49,P0
P0A89,14 Volt Power Module Current Sensor A Circuit High,50,P0
P0A8A,14 Volt Power Module Current Sensor A Circuit Intermittent,58,P0
P0A8B,14 Volt Power Module System Voltage,35,P0
P0A8C,14 Volt Power Module System Voltage Unstable,44,P0
P0A8D,14 Volt Power Module System Voltage Low,39,P0
P0A8E,14 Volt Power Module System Voltage High,40,P0
P0A8F,14 Volt Power Module System Performance,39,P0
P0A90,Drive Motor A Performance,25,P0
P0A91,Drive Motor B Performance,25,P0
P0A92,Hybrid Generator Performance,28,P0
P0A93,Inverter A Cooling System Performance,37,P0
P0A94,DC/DC Converter A Performance,29,P0
P0A95,High Voltage Fuse A,19,P0
P0A96,Hybrid/EV Battery Pack Cooling Fan 2 Control Circuit/Open,57,P0
P0A97,Hybrid/EV Battery Pack Cooling Fan 2 Performance/Stuck Off,58,P0
P0A98,Hybrid/EV Battery Pack Cooling Fan 2 Stuck On,45,P0
P0A99,Hybrid/EV Battery Pack Cooling Fan 2 Control Circuit Low,56,P0
P0A9A,Hybrid/EV Battery Pack Cooling Fan 2 Control Circuit High,57,P0
P0A9B,Hybrid/EV Battery Temperature Sensor A Circuit,46,P0
P0A9C,Hybrid/EV Battery Temperature Sensor A Circuit Range/Performance,64,P0
P0A9D,Hybrid/EV Battery Temperature Sensor A Circuit Low,50,P0
P0A9E,Hybrid/EV Battery Temperature Sensor A Circuit High,51,P0
P0A9F,Hybrid/EV Battery Temperature Sensor A Circuit Intermittent/Erratic,67,P0
P0AA0,Hybrid/EV Battery Positive Contactor Circuit,44,P0
P0AA1,Hybrid/EV Battery Positive Contactor Circuit Stuck Closed,57,P0
P0AA2,Hybrid/EV Battery Positive Contactor Circuit Stuck Open,55,P0
P0AA3,Hybrid/EV Battery Negative Contactor Circuit,44,P0
P0AA4,Hybrid/EV Battery Negative Contactor Circuit Stuck Closed,57,P0
P0AA5,Hybrid/EV Battery Negative Contactor Circuit Stuck Open,55,P0
P0AA6,Hybrid/EV Battery Voltage System Isolation Fault,48,P0
P0AA7,Hybrid/EV Battery Voltage Isolation Sensor Circuit,50,P0
P0AA8,Hybrid/EV Battery Voltage Isolation Sensor Circuit Range/Performance,68,P0
P0AA9,Hybrid/EV Battery Voltage Isolation Sensor Circuit Low,54,P0
P0AAA,Hybrid/EV Battery Voltage Isolation Sensor Circuit High,55,P0
P0AAB,Hybrid/EV Battery Voltage Isolation Sensor Circuit Intermittent/Erratic,71,P0
P0AAC,Hybrid/EV Battery Pack Air Temperature Sensor A Circuit,55,P0
P0AAD,Hybrid/EV Battery Pack Air Temperature Sensor A Circuit Range/Performance,73,P0
P0AAE,Hybrid/EV Battery Pack Air Temperature Sensor A Circuit Low,59,P0
P0AAF,Hybrid/EV Battery Pack Air Temperature Sensor A Circuit High,60,P0
P0AB0,Hybrid/EV Battery Pack Air Temperature Sensor A Circuit Intermittent/Erratic,76,P0
P0AB1,Hybrid/EV Battery Pack Air Temperature Sensor B Circuit,55,P0
P0AB2,Hybrid/EV Battery Pack Air Temperature Sensor B Circuit Range/Performance,73,P0
P0AB3,Hybrid/EV Battery Pack Air Temperature Sensor B Circuit Low,59,P0
P0AB4,Hybrid/EV Battery Pack Air Temperature Sensor B Circuit High,60,P0
P0AB5,Hybrid/EV Battery Pack Air Temperature Sensor B Circuit Intermittent/Erratic,76,P0
P0AB6,Engine Mount B Control Circuit/Open,35,P0
P0AB7,Engine Mount B Control Circuit Low,34,P0
P0AB8,Engine Mount B Control Circuit High,35,P0
P0AB9,Hybrid/EV System Performance,28,P0
P0ABA,Hybrid/EV Battery Pack Voltage Sense A Circuit,46,P0
P0ABB,Hybrid/EV Battery Pack Voltage Sense A Circuit Range/Performance,64,P0
P0ABC,Hybrid/EV Battery Pack Voltage Sense A Circuit Low,50,P0
P0ABD,Hybrid/EV Battery Pack Voltage Sense A Circuit High,51,P0
P0ABE,Hybrid/EV Battery Pack Voltage Sense A Circuit Intermittent/Erratic,67,P0
P0ABF,Hybrid/EV Battery Pack Current Sensor A Circuit,47,P0
P0AC0,Hybrid/EV Battery Pack Current Sensor A Circuit Range/Performance,65,P0
P0AC1,Hybrid/EV Battery Pack Current Sensor A Circuit Low,51,P0
P0AC2,Hybrid/EV Battery Pack Current Sensor A Circuit High,52,P0
P0AC3,Hybrid/EV Battery Pack Current Sensor A Circuit Intermittent/Erratic,68,P0
P0AC4,Hybrid/EV Powertrain Control Module Requested MIL Illumination,62,P0
P0AC5,Hybrid/EV Battery Temperature Sensor B Circuit,46,P0
P0AC6,Hybrid/EV Battery Temperature Sensor B Circuit Range/Performance,64,P0
P0AC7,Hybrid/EV Battery Temperature Sensor B Circuit Low,50,P0
P0AC8,Hybrid/EV Battery Temperature Sensor B Circuit High,51,P0
P0AC9,Hybrid/EV Battery Temperature Sensor B Circuit Intermittent/Erratic,67,P0
P0ACA,Hybrid/EV Battery Temperature Sensor C Circuit,46,P0
P0ACB,Hybrid/EV Battery Temperature Sensor C Circuit Range/Performance,64,P0
P0ACC,Hybrid/EV Battery Temperature Sensor C Circuit Low,50,P0
P0ACD,Hybrid/EV Battery Temperature Sensor C Circuit High,51,P0
P0ACE,Hybrid/EV Battery Temperature Sensor C Circuit Intermittent/Erratic,67,P0
P0ACF,Hybrid/EV Battery Pack Cooling Fan 3 Control Circuit/Open,57,P0
P0AD0,Hybrid/EV Battery Pack Cooling Fan 3 Performance/Stuck Off,58,P0
P0AD1,Hybrid/EV Battery Pack Cooling Fan 3 Stuck On,45,P0
P0AD2,Hybrid/EV Battery Pack Cooling Fan 3 Control Circuit Low,56,P0
P0AD3,Hybrid/EV Battery Pack Cooling Fan 3 Control Circuit High,57,P0
P0AD4,Hybrid/EV Battery Pack Air Flow System Insufficient Air Flow,60,P0
P0AD5,Hybrid/EV Battery Pack Air Flow Valve A Control Circuit/Open,60,P0
P0AD6,Hybrid/EV Battery Pack Air Flow Valve A Control Circuit Range/Performance,73,P0
P0AD7,Hybrid/EV Battery Pack Air Flow Valve A Control Circuit Low,59,P0
P0AD8,Hybrid/EV Battery Pack Air Flow Valve A Control Circuit High,60,P0
P0AD9,Hybrid/EV Battery Positive Contactor Control Circuit/Open,57,P0
P0ADA,Hybrid/EV Battery Positive Contactor Control Circuit Range/Performance,70,P0
P0ADB,Hybrid/EV Battery Positive Contactor Control Circuit Low,56,P0
P0ADC,Hybrid/EV Battery Positive Contactor Control Circuit High,57,P0
P0ADD,Hybrid/EV Battery Negative Contactor Control Circuit/Open,57,P0
P0ADE,Hybrid/EV Battery Negative Contactor Control Circuit Range/Performance,70,P0
P0ADF,Hybrid/EV Battery Negative Contactor Control Circuit Low,56,P0
P0AE0,Hybrid/EV Battery Negative Contactor Control Circuit High,57,P0
P0AE1,Hybrid/EV Battery Precharge Contactor Circuit,45,P0
P0AE2,Hybrid/EV Battery Precharge Contactor Circuit Stuck Closed,58,P0
P0AE3,Hybrid/EV Battery Precharge Contactor Circuit Stuck Open,56,P0
P0AE4,Hybrid/EV Battery Precharge Contactor A Control Circuit/Open,60,P0
P0AE5,Hybrid/EV Battery Precharge Contactor A Control Circuit Range/Performance,73,P0
P0AE6,Hybrid/EV Battery Precharge Contactor A Control Circuit Low,59,P0
P0AE7,Hybrid/EV Battery Precharge Contactor A Control Circuit High,60,P0
P0AE8,Hybrid/EV Battery Temperature Sensor D Circuit,46,P0
P0AE9,Hybrid/EV Battery Temperature Sensor D Circuit Range/Performance,64,P0
P0AEA,Hybrid/EV Battery Temperature Sensor D Circuit Low,50,P0
P0AEB,Hybrid/EV Battery Temperature Sensor D Circuit High,51,P0
P0AEC,Hybrid/EV Battery Temperature Sensor D Circuit Intermittent/Erratic,67,P0
P0AED,Drive Motor Inverter Temperature Sensor A Circuit,49,P0
P0AEE,Drive Motor Inverter Temperature Sensor A Circuit Range/Performance,67,P0
P0AEF,Drive Motor Inverter Temperature Sensor A Circuit Low,53,P0
P0AF0,Drive Motor Inverter Temperature Sensor A Circuit High,54,P0
P0AF1,Drive Motor Inverter Temperature Sensor A Circuit Intermittent/Erratic,70,P0
P0AF2,Drive Motor Inverter Temperature Sensor B Circuit,49,P0
P0AF3,Drive Motor Inverter Temperature Sensor B Circuit Range/Performance,67,P0
P0AF4,Drive Motor Inverter Temperature Sensor B Circuit Low,53,P0
P0AF5,Drive Motor Inverter Temperature Sensor B Circuit High,54,P0
P0AF6,Drive Motor Inverter Temperature Sensor B Circuit Intermittent/Erratic,70,P0
P0AF7,14 Volt Power Module Internal Temperature Too High,50,P0
P0AF8,Hybrid/EV Battery System Voltage,32,P0
P0AF9,Hybrid/EV Battery System Voltage Unstable,41,P0
P0AFA,Hybrid/EV Battery System Voltage Low,36,P0
P0AFB,Hybrid/EV Battery System Voltage High,37,P0
P0AFC,Hybrid/EV Battery Pack Sensor Module,36,P0
P0AFD,Hybrid/EV Battery Pack Temperature Too Low,42,P0
P0AFE,Hybrid/EV Battery System Voltage Too Low for Voltage Step Up Conversion,71,P0
P0AFF,System Voltage Too Low for Voltage Step Down Conversion,55,P0
P0B00,Electric/Auxiliary Transmission Fluid Pump Motor Phase U Current,64,P0
P0B01,Electric/Auxiliary Transmission Fluid Pump Motor Phase U Current Low,68,P0
P0B02,Electric/Auxiliary Transmission Fluid Pump Motor Phase U Current High,69,P0
P0B03,Electric/Auxiliary Transmission Fluid Pump Motor Phase V Current,64,P0
P0B04,Electric/Auxiliary Transmission Fluid Pump Motor Phase V Current Low,68,P0
P0B05,Electric/Auxiliary Transmission Fluid Pump Motor Phase V Current High,69,P0
P0B06,Electric/Auxiliary Transmission Fluid Pump Motor Phase W Current,64,P0
P0B07,Electric/Auxiliary Transmission Fluid Pump Motor Phase W Current Low,68,P0
P0B08,Electric/Auxiliary Transmission Fluid Pump Motor Phase W Current High,69,P0
P0B09,Electric/Auxiliary Transmission Fluid Pump A Motor Supply Voltage Circuit/Open,78,P0
P0B0A,Electric/Auxiliary Transmission Fluid Pump A Motor Supply Voltage Circuit Low,77,P0
P0B0B,Electric/Auxiliary Transmission Fluid Pump A Motor Supply Voltage Circuit High,78,P0
P0B0C,Electric/Auxiliary Transmission Fluid Pump A Hydraulic Leakage,62,P0
P0B0D,Electric/Auxiliary Transmission Fluid Pump Motor Control Module,63,P0
P0B0E,Hybrid/EV Battery Pack Current Sensor B Circuit,47,P0
P0B0F,Hybrid/EV Battery Pack Current Sensor B Circuit Range/Performance,65,P0
P0B10,Hybrid/EV Battery Pack Current Sensor B Circuit Low,51,P0
P0B11,Hybrid/EV Battery Pack Current Sensor B Circuit High,52,P0
P0B12,Hybrid/EV Battery Pack Current Sensor B Circuit Intermittent/Erratic,68,P0
P0B13,Hybrid/EV Battery Pack Current Sensor A/B Correlation,53,P0
P0B14,Hybrid/EV Battery Pack Voltage Sense B Circuit,46,P0
P0B15,Hybrid/EV Battery Pack Voltage Sense B Circuit Range/Performance,64,P0
P0B16,Hybrid/EV Battery Pack Voltage Sense B Circuit Low,50,P0
P0B17,Hybrid/EV Battery Pack Voltage Sense B Circuit High,51,P0
P0B18,Hybrid/EV Battery Pack Voltage Sense B Circuit Intermittent/Erratic,67,P0
P0B19,Hybrid/EV Battery Pack Voltage Sense C Circuit,46,P0
P0B1A,Hybrid/EV Battery Pack Voltage Sense C Circuit Range/Performance,64,P0
P0B1B,Hybrid/EV Battery Pack Voltage Sense C Circuit Low,50,P0
P0B1C,Hybrid/EV Battery Pack Voltage Sense C Circuit High,51,P0
P0B1D,Hybrid/EV Battery Pack Voltage Sense C Circuit Intermittent/Erratic,67,P0
P0B1E,Hybrid/EV Battery Pack Voltage Sense D Circuit,46,P0
P0B1F,Hybrid/EV Battery Pack Voltage Sense D Circuit Range/Performance,64,P0
P0B20,Hybrid/EV Battery Pack Voltage Sense D Circuit Low,50,P0
P0B21,Hybrid/EV Battery Pack Voltage Sense D Circuit High,51,P0
P0B22,Hybrid/EV Battery Pack Voltage Sense D Circuit Intermittent/Erratic,67,P0
P0B23,Hybrid/EV Battery A Voltage,27,P0
P0B24,Hybrid/EV Battery A Voltage Unstable,36,P0
P0B25,Hybrid/EV Battery A Voltage Low,31,P0
P0B26,Hybrid/EV Battery A Voltage High,32,P0
P0B27,Hybrid/EV Battery B Voltage,27,P0
P0B28,Hybrid/EV Battery B Voltage Unstable,36,P0
P0B29,Hybrid/EV Battery B Voltage Low,31,P0
P0B2A,Hybrid/EV Battery B Voltage High,32,P0
P0B2B,Hybrid/EV Battery C Voltage,27,P0
P0B2C,Hybrid/EV Battery C Voltage Unstable,36,P0
P0B2D,Hybrid/EV Battery C Voltage Low,31,P0
P0B2E,Hybrid/EV Battery C Voltage High,32,P0
P0B2F,Hybrid/EV Battery D Voltage,27,P0
P0B30,Hybrid/EV Battery D Voltage Unstable,36,P0
P0B31,Hybrid/EV Battery D Voltage Low,31,P0
P0B32,Hybrid/EV Battery D Voltage High,32,P0
P0B33,High Voltage Service Disconnect Circuit,39,P0
P0B34,High Voltage Service Disconnect Circuit Performance,51,P0
P0B35,High Voltage Service Disconnect Circuit Low,43,P0
P0B36,High Voltage Service Disconnect Circuit High,44,P0
P0B37,High Voltage Service Disconnect Open,36,P0
P0B38,Motor Electronics Coolant Pump B Control Circuit/Open,53,P0
P0B39,Motor Electronics Coolant Pump B Control Circuit Low,52,P0
P0B3A,Motor Electronics Coolant Pump B Control Circuit High,53,P0
P0B3B,Hybrid/EV Battery Voltage Sense A Circuit,41,P0
P0B3C,Hybrid/EV Battery Voltage Sense A Circuit Range/Performance,59,P0
P0B3D,Hybrid/EV Battery Voltage Sense A Circuit Low,45,P0
P0B3E,Hybrid/EV Battery Voltage Sense A Circuit High,46,P0
P0B3F,Hybrid/EV Battery Voltage Sense A Circuit Intermittent/Erratic,62,P0
P0B40,Hybrid/EV Battery Voltage Sense B Circuit,41,P0
P0B41,Hybrid/EV Battery Voltage Sense B Circuit Range/Performance,59,P0
P0B42,Hybrid/EV Battery Voltage Sense B Circuit Low,45,P0
P0B43,Hybrid/EV Battery Voltage Sense B Circuit High,46,P0
P0B44,Hybrid/EV Battery Voltage Sense B Circuit Intermittent/Erratic,62,P0
P0B45,Hybrid/EV Battery Voltage Sense C Circuit,41,P0
P0B46,Hybrid/EV Battery Voltage Sense C Circuit Range/Performance,59,P0
P0B47,Hybrid/EV Battery Voltage Sense C Circuit Low,45,P0
P0B48,Hybrid/EV Battery Voltage Sense C Circuit High,46,P0
P0B49,Hybrid/EV Battery Voltage Sense C Circuit Intermittent/Erratic,62,P0
P0B4A,Hybrid/EV Battery Voltage Sense D Circuit,41,P0
P0B4B,Hybrid/EV Battery Voltage Sense D Circuit Range/Performance,59,P0
P0B4C,Hybrid/EV Battery Voltage Sense D Circuit Low,45,P0
P0B4D,Hybrid/EV Battery Voltage Sense D Circuit High,46,P0
P0B4E,Hybrid/EV Battery Voltage Sense D Circuit Intermittent/Erratic,62,P0
P0B4F,Hybrid/EV Battery Voltage Sense E Circuit,41,P0
P0B50,Hybrid/EV Battery Voltage Sense E Circuit Range/Performance,59,P0
P0B51,Hybrid/EV Battery Voltage Sense E Circuit Low,45,P0
P0B52,Hybrid/EV Battery Voltage Sense E Circuit High,46,P0
P0B53,Hybrid/EV Battery Voltage Sense E Circuit Intermittent/Erratic,62,P0
P0B54,Hybrid/EV Battery Voltage Sense F Circuit,41,P0
P0B55,Hybrid/EV Battery Voltage Sense F Circuit Range/Performance,59,P0
P0B56,Hybrid/EV Battery Voltage Sense F Circuit Low,45,P0
P0B57,Hybrid/EV Battery Voltage Sense F Circuit High,46,P0
P0B58,Hybrid/EV Battery Voltage Sense F Circuit Intermittent/Erratic,62,P0
P0B59,Hybrid/EV Battery Voltage Sense G Circuit,41,P0
P0B5A,Hybrid/EV Battery Voltage Sense G Circuit Range/Performance,59,P0
P0B5B,Hybrid/EV Battery Voltage Sense G Circuit Low,45,P0
P0B5C,Hybrid/EV Battery Voltage Sense G Circuit High,46,P0
P0B5D,Hybrid/EV Battery Voltage Sense G Circuit Intermittent/Erratic,62,P0
P0B5E,Hybrid/EV Battery Voltage Sense H Circuit,41,P0
P0B5F,Hybrid/EV Battery Voltage Sense H Circuit Range/Performance,59,P0
P0B60,Hybrid/EV Battery Voltage Sense H Circuit Low,45,P0
P0B61,Hybrid/EV Battery Voltage Sense H Circuit High,46,P0
P0B62,Hybrid/EV Battery Voltage Sense H Circuit Intermittent/Erratic,62,P0
P0B63,Hybrid/EV Battery Voltage Sense I Circuit,41,P0
P0B64,Hybrid/EV Battery Voltage Sense I Circuit Range/Performance,59,P0
P0B65,Hybrid/EV Battery Voltage Sense I Circuit Low,45,P0
P0B66,Hybrid/EV Battery Voltage Sense I Circuit High,46,P0
P0B67,Hybrid/EV Battery Voltage Sense I Circuit Intermittent/Erratic,62,P0
P0B68,Hybrid/EV Battery Voltage Sense J Circuit,41,P0
P0B69,Hybrid/EV Battery Voltage Sense J Circuit Range/Performance,59,P0
P0B6A,Hybrid/EV Battery Voltage Sense J Circuit Low,45,P0
P0B6B,Hybrid/EV Battery Voltage Sense J Circuit High,46,P0
P0B6C,Hybrid/EV Battery Voltage Sense J Circuit Intermittent/Erratic,62,P0
P0B6D,Hybrid/EV Battery Voltage Sense K Circuit,41,P0
P0B6E,Hybrid/EV Battery Voltage Sense K Circuit Range/Performance,59,P0
P0B6F,Hybrid/EV Battery Voltage Sense K Circuit Low,45,P0
P0B70,Hybrid/EV Battery Voltage Sense K Circuit High,46,P0
P0B71,Hybrid/EV Battery Voltage Sense K Circuit Intermittent/Erratic,62,P0
P0B72,Hybrid/EV Battery Voltage Sense L Circuit,41,P0
P0B73,Hybrid/EV Battery Voltage Sense L Circuit Range/Performance,59,P0
P0B74,Hybrid/EV Battery Voltage Sense L Circuit Low,45,P0
P0B75,Hybrid/EV Battery Voltage Sense L Circuit High,46,P0
P0B76,Hybrid/EV Battery Voltage Sense L Circuit Intermittent/Erratic,62,P0
P0B77,Hybrid/EV Battery Voltage Sense M Circuit,41,P0
P0B78,Hybrid/EV Battery Voltage Sense M Circuit Range/Performance,59,P0
P0B79,Hybrid/EV Battery Voltage Sense M Circuit Low,45,P0
P0B7A,Hybrid/EV Battery Voltage Sense M Circuit High,46,P0
P0B7B,Hybrid/EV Battery Voltage Sense M Circuit Intermittent/Erratic,62,P0
P0B7C,Hybrid/EV Battery Voltage Sense N Circuit,41,P0
P0B7D,Hybrid/EV Battery Voltage Sense N Circuit Range/Performance,59,P0
P0B7E,Hybrid/EV Battery Voltage Sense N Circuit Low,45,P0
P0B7F,Hybrid/EV Battery Voltage Sense N Circuit High,46,P0
P0B80,Hybrid/EV Battery Voltage Sense N Circuit Intermittent/Erratic,62,P0
P0B81,Hybrid/EV Battery Voltage Sense O Circuit,41,P0
P0B82,Hybrid/EV Battery Voltage Sense O Circuit Range/Performance,59,P0
P0B83,Hybrid/EV Battery Voltage Sense O Circuit Low,45,P0
P0B84,Hybrid/EV Battery Voltage Sense O Circuit High,46,P0
P0B85,Hybrid/EV Battery Voltage Sense O Circuit Intermittent/Erratic,62,P0
P0B86,Hybrid/EV Battery Voltage Sense P Circuit,41,P0
P0B87,Hybrid/EV Battery Voltage Sense P Circuit Range/Performance,59,P0
P0B88,Hybrid/EV Battery Voltage Sense P Circuit Low,45,P0
P0B89,Hybrid/EV Battery Voltage Sense P Circuit High,46,P0
P0B8A,Hybrid/EV Battery Voltage Sense P Circuit Intermittent/Erratic,62,P0
P0B8B,Hybrid/EV Battery Voltage Sense Q Circuit,41,P0
P0B8C,Hybrid/EV Battery Voltage Sense Q Circuit Range/Performance,59,P0
P0B8D,Hybrid/EV Battery Voltage Sense Q Circuit Low,45,P0
P0B8E,Hybrid/EV Battery Voltage Sense Q Circuit High,46,P0
P0B8F,Hybrid/EV Battery Voltage Sense Q Circuit Intermittent/Erratic,62,P0
P0B90,Hybrid/EV Battery Voltage Sense R Circuit,41,P0
P0B91,Hybrid/EV Battery Voltage Sense R Circuit Range/Performance,59,P0
P0B92,Hybrid/EV Battery Voltage Sense R Circuit Low,45,P0
P0B93,Hybrid/EV Battery Voltage Sense R Circuit High,46,P0
P0B94,Hybrid/EV Battery Voltage Sense R Circuit Intermittent/Erratic,62,P0
P0B95,Hybrid/EV Battery Voltage Sense S Circuit,41,P0
P0B96,Hybrid/EV Battery Voltage Sense S Circuit Range/Performance,59,P0
P0B97,Hybrid/EV Battery Voltage Sense S Circuit Low,45,P0
P0B98,Hybrid/EV Battery Voltage Sense S Circuit High,46,P0
P0B99,Hybrid/EV Battery Voltage Sense S Circuit Intermittent/Erratic,62,P0
P0B9A,Hybrid/EV Battery Voltage Sense T Circuit,41,P0
P0B9B,Hybrid/EV Battery Voltage Sense T Circuit Range/Performance,59,P0
P0B9C,Hybrid/EV Battery Voltage Sense T Circuit Low,45,P0
P0B9D,Hybrid/EV Battery Voltage Sense T Circuit High,46,P0
P0B9E,Hybrid/EV Battery Voltage Sense T Circuit Intermittent/Erratic,62,P0
P0B9F,Hybrid/EV Battery Voltage Sense U Circuit,41,P0
P0BA0,Hybrid/EV Battery Voltage Sense U Circuit Range/Performance,59,P0
P0BA1,Hybrid/EV Battery Voltage Sense U Circuit Low,45,P0
P0BA2,Hybrid/EV Battery Voltage Sense U Circuit High,46,P0
P0BA3,Hybrid/EV Battery Voltage Sense U Circuit Intermittent/Erratic,62,P0
P0BA4,Hybrid/EV Battery Voltage Sense V Circuit,41,P0
P0BA5,Hybrid/EV Battery Voltage Sense V Circuit Range/Performance,59,P0
P0BA6,Hybrid/EV Battery Voltage Sense V Circuit Low,45,P0
P0BA7,Hybrid/EV Battery Voltage Sense V Circuit High,46,P0
P0BA8,Hybrid/EV Battery Voltage Sense V Circuit Intermittent/Erratic,62,P0
P0BA9,Hybrid/EV Battery Voltage Sense W Circuit,41,P0
P0BAA,Hybrid/EV Battery Voltage Sense W Circuit Range/Performance,59,P0
P0BAB,Hybrid/EV Battery Voltage Sense W Circuit Low,45,P0
P0BAC,Hybrid/EV Battery Voltage Sense W Circuit High,46,P0
P0BAD,Hybrid/EV Battery Voltage Sense W Circuit Intermittent/Erratic,62,P0
P0BAE,Hybrid/EV Battery Voltage Sense X Circuit,41,P0
P0BAF,Hybrid/EV Battery Voltage Sense X Circuit Range/Performance,59,P0
P0BB0,Hybrid/EV Battery Voltage Sense X Circuit Low,45,P0
P0BB1,Hybrid/EV Battery Voltage Sense X Circuit High,46,P0
P0BB2,Hybrid/EV Battery Voltage Sense X Circuit Intermittent/Erratic,62,P0
P0BB3,Hybrid/EV Battery Voltage Sense Y Circuit,41,P0
P0BB4,Hybrid/EV Battery Voltage Sense Y Circuit Range/Performance,59,P0
P0BB5,Hybrid/EV Battery Voltage Sense Y Circuit Low,45,P0
P0BB6,Hybrid/EV Battery Voltage Sense Y Circuit High,46,P0
P0BB7,Hybrid/EV Battery Voltage Sense Y Circuit Intermittent/Erratic,62,P0
P0BB8,Hybrid/EV Battery Voltage Sense Z Circuit,41,P0
P0BB9,Hybrid/EV Battery Voltage Sense Z Circuit Range/Performance,59,P0
P0BBA,Hybrid/EV Battery Voltage Sense Z Circuit Low,45,P0
P0BBB,Hybrid/EV Battery Voltage Sense Z Circuit High,46,P0
P0BBC,Hybrid/EV Battery Voltage Sense Z Circuit Intermittent/Erratic,62,P0
P0BBD,Hybrid/EV Battery Pack Voltage Variation Exceeded Limit,55,P0
P0BBE,Hybrid/EV Battery Pack Voltage Variation,40,P0
P0BBF,Hybrid/EV Battery Pack Cooling Fan Supply Voltage Circuit/Open,62,P0
P0BC0,Hybrid/EV Battery Pack Cooling Fan Supply Voltage Circuit Low,61,P0
P0BC1,Hybrid/EV Battery Pack Cooling Fan Supply Voltage Circuit High,62,P0
P0BC2,Hybrid/EV Battery Temperature Sensor E Circuit,46,P0
P0BC3,Hybrid/EV Battery Temperature Sensor E Circuit Range/Performance,64,P0
P0BC4,Hybrid/EV Battery Temperature Sensor E Circuit Low,50,P0
P0BC5,Hybrid/EV Battery Temperature Sensor E Circuit High,51,P0
P0BC6,Hybrid/EV Battery Temperature Sensor E Circuit Intermittent/Erratic,67,P0
P0BC7,Hybrid/EV Battery Pack Cooling Fan 1 Sense Circuit/Open,55,P0
P0BC8,Hybrid/EV Battery Pack Cooling Fan 1 Sense Range/Performance,60,P0
P0BC9,Hybrid/EV Battery Pack Cooling Fan 1 Sense Circuit Low,54,P0
P0BCA,Hybrid/EV Battery Pack Cooling Fan 1 Sense Circuit High,55,P0
P0BCB,Hybrid/EV Battery Pack Cooling Fan 1 Sense Circuit Intermittent/Erratic,71,P0
P0BCC,Generator Inverter Temperature Sensor A Circuit,47,P0
P0BCD,Generator Inverter Temperature Sensor A Circuit Range/Performance,65,P0
P0BCE,Generator Inverter Temperature Sensor A Circuit Low,51,P0
P0BCF,Generator Inverter Temperature Sensor A Circuit High,52,P0
P0BD0,Generator Inverter Temperature Sensor A Circuit Intermittent/Erratic,68,P0
P0BD1,Drive Motor Inverter Temperature Sensor C Circuit,49,P0
P0BD2,Drive Motor Inverter Temperature Sensor C Circuit Range/Performance,67,P0
P0BD3,Drive Motor Inverter Temperature Sensor C Circuit Low,53,P0
P0BD4,Drive Motor Inverter Temperature Sensor C Circuit High,54,P0
P0BD5,Drive Motor Inverter Temperature Sensor C Circuit Intermittent/Erratic,70,P0
P0BD6,Drive Motor Inverter Temperature Sensor D Circuit,49,P0
P0BD7,Drive Motor Inverter Temperature Sensor D Circuit Range/Performance,67,P0
P0BD8,Drive Motor Inverter Temperature Sensor D Circuit Low,53,P0
P0BD9,Drive Motor Inverter Temperature Sensor D Circuit High,54,P0
P0BDA,Drive Motor Inverter Temperature Sensor D Circuit Intermittent/Erratic,70,P0
P0BDB,Drive Motor Inverter Temperature Sensor E Circuit,49,P0
P0BDC,Drive Motor Inverter Temperature Sensor E Circuit Range/Performance,67,P0
P0BDD,Drive Motor Inverter Temperature Sensor E Circuit Low,53,P0
P0BDE,Drive Motor Inverter Temperature Sensor E Circuit High,54,P0
P0BDF,Drive Motor Inverter Temperature Sensor E Circuit Intermittent/Erratic,70,P0
P0BE0,Drive Motor Inverter Temperature Sensor F Circuit,49,P0
P0BE1,Drive Motor Inverter Temperature Sensor F Circuit Range/Performance,67,P0
P0BE2,Drive Motor Inverter Temperature Sensor F Circuit Low,53,P0
P0BE3,Drive Motor Inverter Temperature Sensor F Circuit High,54,P0
P0BE4,Drive Motor Inverter Temperature Sensor F Circuit Intermittent/Erratic,70,P0
P0BE5,Drive Motor A Phase U Current Sensor Circuit,44,P0
P0BE6,Drive Motor A Phase U Current Sensor Circuit Range/Performance,62,P0
P0BE7,Drive Motor A Phase U Current Sensor Circuit Low,48,P0
P0BE8,Drive Motor A Phase U Current Sensor Circuit High,49,P0
P0BE9,Drive Motor A Phase V Current Sensor Circuit,44,P0
P0BEA,Drive Motor A Phase V Current Sensor Circuit Range/Performance,62,P0
P0BEB,Drive Motor A Phase V Current Sensor Circuit Low,48,P0
P0BEC,Drive Motor A Phase V Current Sensor Circuit High,49,P0
P0BED,Drive Motor A Phase W Current Sensor Circuit,44,P0
P0BEE,Drive Motor A Phase W Current Sensor Circuit Range/Performance,62,P0
P0BEF,Drive Motor A Phase W Current Sensor Circuit Low,48,P0
P0BF0,Drive Motor A Phase W Current Sensor Circuit High,49,P0
P0BF1,Drive Motor B Phase U Current Sensor Circuit,44,P0
P0BF2,Drive Motor B Phase U Current Sensor Circuit Range/Performance,62,P0
P0BF3,Drive Motor B Phase U Current Sensor Circuit Low,48,P0
P0BF4,Drive Motor B Phase U Current Sensor Circuit High,49,P0
P0BF5,Drive Motor B Phase V Current Sensor Circuit,44,P0
P0BF6,Drive Motor B Phase V Current Sensor Circuit Range/Performance,62,P0
P0BF7,Drive Motor B Phase V Current Sensor Circuit Low,48,P0
P0BF8,Drive Motor B Phase V Current Sensor Circuit High,49,P0
P0BF9,Drive Motor B Phase W Current Sensor Circuit,44,P0
P0BFA,Drive Motor B Phase W Current Sensor Circuit Range/Performance,62,P0
P0BFB,Drive Motor B Phase W Current Sensor Circuit Low,48,P0
P0BFC,Drive Motor B Phase W Current Sensor Circuit High,49,P0
P0BFD,Drive Motor A Phase U-V-W Current Sensor Correlation,52,P0
P0BFE,Drive Motor B Phase U-V-W Current Sensor Correlation,52,P0
P0BFF,Drive Motor A Current,21,P0
P0C00,Drive Motor A Current Low,25,P0
P0C01,Drive Motor A Current High,26,P0
P0C02,Drive Motor B Current,21,P0
P0C03,Drive Motor B Current Low,25,P0
P0C04,Drive Motor B Current High,26,P0
P0C05,Drive Motor A Phase U-V-W Circuit/Open,38,P0
P0C06,Drive Motor A Phase U-V-W Circuit Low,37,P0
P0C07,Drive Motor A Phase U-V-W Circuit High,38,P0
P0C08,Drive Motor B Phase U-V-W Circuit/Open,38,P0
P0C09,Drive Motor B Phase U-V-W Circuit Low,37,P0
P0C0A,Drive Motor B Phase U-V-W Circuit High,38,P0
P0C0B,Drive Motor A Inverter Power Supply Circuit/Open,48,P0
P0C0C,Drive Motor A Inverter Power Supply Circuit Low,47,P0
P0C0D,Drive Motor A Inverter Power Supply Circuit High,48,P0
P0C0E,Drive Motor B Inverter Power Supply Circuit/Open,48,P0
P0C0F,Drive Motor B Inverter Power Supply Circuit Low,47,P0
P0C10,Drive Motor B Inverter Power Supply Circuit High,48,P0
P0C11,Drive Motor A Inverter Phase U Over Temperature,47,P0
P0C12,Drive Motor A Inverter Phase V Over Temperature,47,P0
P0C13,Drive Motor A Inverter Phase W Over Temperature,47,P0
P0C14,Drive Motor B Inverter Phase U Over Temperature,47,P0
P0C15,Drive Motor B Inverter Phase V Over Temperature,47,P0
P0C16,Drive Motor B Inverter Phase W Over Temperature,47,P0
P0C17,Drive Motor A Position Sensor Not Learned,41,P0
P0C18,Drive Motor B Position Sensor Not Learned,41,P0
P0C19,Drive Motor A Torque Delivered Performance,42,P0
P0C1A,Drive Motor B Torque Delivered Performance,42,P0
P0C1B,Electric/Auxiliary Transmission Fluid Pump Control Module Internal Temperature Too High,87,P0
P0C1C,Electric/Auxiliary Transmission Fluid Pump Control Module Internal Temperature Sensor Circuit,93,P0
P0C1D,Electric/Auxiliary Transmission Fluid Pump Control Module Internal Temperature Sensor Circuit Range/Performance,111,P0
P0C1E,Electric/Auxiliary Transmission Fluid Pump Control Module Internal Temperature Sensor Circuit Low,97,P0
P0C1F,Electric/Auxiliary Transmission Fluid Pump Control Module Internal Temperature Sensor Circuit High,98,P0
P0C20,Electric/Auxiliary Transmission Fluid Pump Phase U-V-W Circuit/Open,67,P0
P0C21,Electric/Auxiliary Transmission Fluid Pump Phase U-V-W Circuit Low,66,P0
P0C22,Electric/Auxiliary Transmission Fluid Pump Phase U-V-W Circuit High,67,P0
P0C23,Electric/Auxiliary Transmission Fluid Pump Control Module Circuit/Open,70,P0
P0C24,Electric/Auxiliary Transmission Fluid Pump Control Module Circuit Low,69,P0
P0C25,Electric/Auxiliary Transmission Fluid Pump Control Module Circuit High,70,P0
P0C26,Electric/Auxiliary Transmission Fluid Pump A Motor Current,58,P0
P0C27,Electric/Auxiliary Transmission Fluid Pump A Motor Current Low,62,P0
P0C28,Electric/Auxiliary Transmission Fluid Pump A Motor Current High,63,P0
P0C29,Electric/Auxiliary Transmission Fluid Pump A Driver Circuit Performance,71,P0
P0C2A,Electric/Auxiliary Transmission Fluid Pump A Motor Stalled,58,P0
P0C2B,Electric/Auxiliary Transmission Fluid Pump Control Module Feedback Signal,73,P0
P0C2C,Electric/Auxiliary Transmission Fluid Pump Control Module Feedback Signal Range/Performance,91,P0
P0C2D,Electric/Auxiliary Transmission Fluid Pump Control Module Feedback Signal Low,77,P0
P0C2E,Electric/Auxiliary Transmission Fluid Pump Control Module Feedback Signal High,78,P0
P0C2F,Internal Control Module Drive Motor/Generator - Engine Speed Sensor Performance,79,P0
P0C30,Hybrid/EV Battery Pack State of Charge High,43,P0
P0C31,Inverter B Cooling System Performance,37,P0
P0C32,Hybrid/EV Battery Cooling System A Performance,46,P0
P0C33,Hybrid/EV Battery Temperature Sensor F Circuit,46,P0
P0C34,Hybrid/EV Battery Temperature Sensor F Circuit Range/Performance,64,P0
P0C35,Hybrid/EV Battery Temperature Sensor F Circuit Low,50,P0
P0C36,Hybrid/EV Battery Temperature Sensor F Circuit High,51,P0
P0C37,Hybrid/EV Battery Temperature Sensor F Circuit Intermittent/Erratic,67,P0
P0C38,DC/DC Converter Temperature Sensor A Circuit,44,P0
P0C39,DC/DC Converter Temperature Sensor A Range/Performance,54,P0
P0C3A,DC/DC Converter Temperature Sensor A Low,40,P0
P0C3B,DC/DC Converter Temperature Sensor A High,41,P0
P0C3C,DC/DC Converter Temperature Sensor A Intermittent/Erratic,57,P0
P0C3D,DC/DC Converter Temperature Sensor B Circuit,44,P0
P0C3E,DC/DC Converter Temperature Sensor B Range/Performance,54,P0
P0C3F,DC/DC Converter Temperature Sensor B Low,40,P0
P0C40,DC/DC Converter Temperature Sensor B High,41,P0
P0C41,DC/DC Converter Temperature Sensor B Intermittent/Erratic,57,P0
P0C42,Hybrid/EV Battery Pack Coolant Temperature Sensor A Circuit,59,P0
P0C43,Hybrid/EV Battery Pack Coolant Temperature Sensor A Circuit Range/Performance,77,P0
P0C44,Hybrid/EV Battery Pack Coolant Temperature Sensor A Circuit Low,63,P0
P0C45,Hybrid/EV Battery Pack Coolant Temperature Sensor A Circuit High,64,P0
P0C46,Hybrid/EV Battery Pack Coolant Temperature Sensor A Circuit Intermittent/Erratic,80,P0
P0C47,Hybrid/EV Battery Pack Coolant Pump A Control Circuit/Open,58,P0
P0C48,Hybrid/EV Battery Pack Coolant Pump A Control Circuit Low,57,P0
P0C49,Hybrid/EV Battery Pack Coolant Pump A Control Circuit High,58,P0
P0C4A,Hybrid/EV Battery Pack Coolant Pump A Control Performance,57,P0
P0C4B,Hybrid/EV Battery Pack Coolant Pump A Supply Voltage Circuit/Open,65,P0
P0C4C,Hybrid/EV Battery Pack Coolant Pump A Supply Voltage Circuit Low,64,P0
P0C4D,Hybrid/EV Battery Pack Coolant Pump A Supply Voltage Circuit High,65,P0
P0C4E,Drive Motor A Position Exceeded Learning Limit,46,P0
P0C4F,Drive Motor B Position Exceeded Learning Limit,46,P0
P0C50,Drive Motor A Position Sensor Circuit A,39,P0
P0C51,Drive Motor A Position Sensor Circuit A Range/Performance,57,P0
P0C52,Drive Motor A Position Sensor Circuit A Low,43,P0
P0C53,Drive Motor A Position Sensor Circuit A High,44,P0
P0C54,Drive Motor A Position Sensor Circuit A Intermittent/Erratic,60,P0
P0C55,Drive Motor B Position Sensor Circuit A,39,P0
P0C56,Drive Motor B Position Sensor Circuit A Range/Performance,57,P0
P0C57,Drive Motor B Position Sensor Circuit A Low,43,P0
P0C58,Drive Motor B Position Sensor Circuit A High,44,P0
P0C59,Drive Motor B Position Sensor Circuit A Intermittent/Erratic,60,P0
P0C5A,Drive Motor A Position Sensor Circuit B,39,P0
P0C5B,Drive Motor A Position Sensor Circuit B Range/Performance,57,P0
P0C5C,Drive Motor A Position Sensor Circuit B Low,43,P0
P0C5D,Drive Motor A Position Sensor Circuit B High,44,P0
P0C5E,Drive Motor A Position Sensor Circuit B Intermittent/Erratic,60,P0
P0C5F,Drive Motor B Position Sensor Circuit B,39,P0
P0C60,Drive Motor B Position Sensor Circuit B Range/Performance,57,P0
P0C61,Drive Motor B Position Sensor Circuit B Low,43,P0
P0C62,Drive Motor B Position Sensor Circuit B High,44,P0
P0C63,Drive Motor B Position Sensor Circuit B Intermittent/Erratic,60,P0
P0C64,Generator Position Sensor Circuit A,35,P0
P0C65,Generator Position Sensor Circuit A Range/Performance,53,P0
P0C66,Generator Position Sensor Circuit A Low,39,P0
P0C67,Generator Position Sensor Circuit A High,40,P0
P0C68,Generator Position Sensor Circuit A Intermittent/Erratic,56,P0
P0C69,Generator Position Sensor Circuit B,35,P0
P0C6A,Generator Position Sensor Circuit B Range/Performance,53,P0
P0C6B,Generator Position Sensor Circuit B Low,39,P0
P0C6C,Generator Position Sensor Circuit B High,40,P0
P0C6D,Generator Position Sensor Circuit B Intermittent/Erratic,56,P0
P0C6E,Hybrid/EV Battery Temperature Sensor A/B Correlation,52,P0
P0C6F,Hybrid/EV Battery Temperature Sensor B/C Correlation,52,P0
P0C70,Hybrid/EV Battery Temperature Sensor C/D Correlation,52,P0
P0C71,Hybrid/EV Battery Temperature Sensor D/E Correlation,52,P0
P0C72,Hybrid/EV Battery Temperature Sensor E/F Correlation,52,P0
P0C73,Motor Electronics Coolant Pump A Control Performance,52,P0
P0C74,Motor Electronics Coolant Pump B Control Performance,52,P0
P0C75,Hybrid/EV Battery System Discharge Time Too Short,49,P0
P0C76,Hybrid/EV Battery System Discharge Time Too Long,48,P0
P0C77,Hybrid/EV Battery System Precharge Time Too Short,49,P0
P0C78,Hybrid/EV Battery System Precharge Time Too Long,48,P0
P0C79,Drive Motor A Inverter Voltage Too High,39,P0
P0C7A,Drive Motor B Inverter Voltage Too High,39,P0
P0C7B,Generator Inverter Voltage Too High,35,P0
P0C7C,Hybrid/EV Battery Temperature Sensor G Circuit,46,P0
P0C7D,Hybrid/EV Battery Temperature Sensor G Circuit Range/Performance,64,P0
P0C7E,Hybrid/EV Battery Temperature Sensor G Circuit Low,50,P0
P0C7F,Hybrid/EV Battery Temperature Sensor G Circuit High,51,P0
P0C80,Hybrid/EV Battery Temperature Sensor G Circuit Intermittent/Erratic,67,P0
P0C81,Hybrid/EV Battery Temperature Sensor H Circuit,46,P0
P0C82,Hybrid/EV Battery Temperature Sensor H Circuit Range/Performance,64,P0
P0C83,Hybrid/EV Battery Temperature Sensor H Circuit Low,50,P0
P0C84,Hybrid/EV Battery Temperature Sensor H Circuit High,51,P0
P0C85,Hybrid/EV Battery Temperature Sensor H Circuit Intermittent/Erratic,67,P0
P0C86,Hybrid/EV Battery Temperature Sensor F/G Correlation,52,P0
P0C87,Hybrid/EV Battery Temperature Sensor G/H Correlation,52,P0
P0C88,Hybrid/EV Battery Temperature Sensor I Circuit,46,P0
P0C89,Hybrid/EV Battery Temperature Sensor I Range/Performance,56,P0
P0C8A,Hybrid/EV Battery Temperature Sensor I Circuit Low,50,P0
P0C8B,Hybrid/EV Battery Temperature Sensor I Circuit High,51,P0
P0C8C,Hybrid/EV Battery Temperature Sensor I Circuit Intermittent/Erratic,67,P0
P0C8D,Hybrid/EV Battery Temperature Sensor J Circuit,46,P0
P0C8E,Hybrid/EV Battery Temperature Sensor J Range/Performance,56,P0
P0C8F,Hybrid/EV Battery Temperature Sensor J Circuit Low,50,P0
P0C90,Hybrid/EV Battery Temperature Sensor J Circuit High,51,P0
P0C91,Hybrid/EV Battery Temperature Sensor J Circuit Intermittent/Erratic,67,P0
P0C92,Hybrid/EV Battery Temperature Sensor K Circuit,46,P0
P0C93,Hybrid/EV Battery Temperature Sensor K Range/Performance,56,P0
P0C94,Hybrid/EV Battery Temperature Sensor K Circuit Low,50,P0
P0C95,Hybrid/EV Battery Temperature Sensor K Circuit High,51,P0
P0C96,Hybrid/EV Battery Temperature Sensor K Circuit Intermittent/Erratic,67,P0
P0C97,Hybrid/EV Battery Temperature Sensor L Circuit,46,P0
P0C98,Hybrid/EV Battery Temperature Sensor L Range/Performance,56,P0
P0C99,Hybrid/EV Battery Temperature Sensor L Circuit Low,50,P0
P0C9A,Hybrid/EV Battery Temperature Sensor L Circuit High,51,P0
P0C9B,Hybrid/EV Battery Temperature Sensor L Circuit Intermittent/Erratic,67,P0
P0C9C,14 Volt Power Module Current Sensor B Circuit,45,P0
P0C9D,14 Volt Power Module Current Sensor B Circuit Range/Performance,63,P0
P0C9E,14 Volt Power Module Current Sensor B Circuit Low,49,P0
P0C9F,14 Volt Power Module Current Sensor B Circuit High,50,P0
P0CA0,14 Volt Power Module Current Sensor B Circuit Intermittent,58,P0
P0CA1,Drive Motor Control Module Requested MIL Illumination,53,P0
P0CA2,DC/DC Converter Step Down Voltage Performance,45,P0
P0CA3,DC/DC Converter Step Up Voltage Performance,43,P0
P0CA4,Hybrid/EV Battery Charging Voltage High,39,P0
P0CA5,Hybrid/EV Battery Discharging Voltage High,42,P0
P0CA6,Hybrid/EV Battery Charging Current High,39,P0
P0CA7,Hybrid/EV Battery Discharging Current High,42,P0
P0CA8,Hybrid/EV Battery Temperature Sensor M Circuit,46,P0
P0CA9,Hybrid/EV Battery Temperature Sensor M Circuit Range/Performance,64,P0
P0CAA,Hybrid/EV Battery Temperature Sensor M Circuit Low,50,P0
P0CAB,Hybrid/EV Battery Temperature Sensor M Circuit High,51,P0
P0CAC,Hybrid/EV Battery Temperature Sensor M Circuit Intermittent/Erratic,67,P0
P0CAD,Hybrid/EV Battery Temperature Sensor N Circuit,46,P0
P0CAE,Hybrid/EV Battery Temperature Sensor N Circuit Range/Performance,64,P0
P0CAF,Hybrid/EV Battery Temperature Sensor N Circuit Low,50,P0
P0CB0,Hybrid/EV Battery Temperature Sensor N Circuit High,51,P0
P0CB1,Hybrid/EV Battery Temperature Sensor N Circuit Intermittent/Erratic,67,P0
P0CB2,Hybrid/EV Battery Temperature Sensor O Circuit,46,P0
P0CB3,Hybrid/EV Battery Temperature Sensor O Circuit Range/Performance,64,P0
P0CB4,Hybrid/EV Battery Temperature Sensor O Circuit Low,50,P0
P0CB5,Hybrid/EV Battery Temperature Sensor O Circuit High,51,P0
P0CB6,Hybrid/EV Battery Temperature Sensor O Circuit Intermittent/Erratic,67,P0
P0CB7,Hybrid/EV Battery Temperature Sensor P Circuit,46,P0
P0CB8,Hybrid/EV Battery Temperature Sensor P Circuit Range/Performance,64,P0
P0CB9,Hybrid/EV Battery Temperature Sensor P Circuit Low,50,P0
P0CBA,Hybrid/EV Battery Temperature Sensor P Circuit High,51,P0
P0CBB,Hybrid/EV Battery Temperature Sensor P Circuit Intermittent/Erratic,67,P0
P0CBC,Drive Motor A Coolant Temperature Sensor Circuit,48,P0
P0CBD,Drive Motor A Coolant Temperature Sensor Circuit Range/Performance,66,P0
P0CBE,Drive Motor A Coolant Temperature Sensor Circuit Low,52,P0
P0CBF,Drive Motor A Coolant Temperature Sensor Circuit High,53,P0
P0CC0,Drive Motor A Coolant Temperature Sensor Circuit Intermittent,61,P0
P0CC1,Drive Motor A Coolant Pump Control Circuit/Open,47,P0
P0CC2,Drive Motor A Coolant Pump Control Circuit Range/Performance,60,P0
P0CC3,Drive Motor A Coolant Pump Control Circuit Low,46,P0
P0CC4,Drive Motor A Coolant Pump Control Circuit High,47,P0
P0CC5,14 Volt Power Module Current Sensor A/B Correlation,51,P0
P0CC6,Charge Port Door A Open Request Switch Wake-Up Circuit,54,P0
P0CC7,Charge Port Door A Open Request Switch Circuit,46,P0
P0CC8,Charge Port Door A Open Request Switch Circuit Performance,58,P0
P0CC9,Charge Port Door A Open Request Switch Circuit Low,50,P0
P0CCA,Charge Port Door A Open Request Switch Circuit High,51,P0
P0CCB,Charge Port Door A Open Request Switch Circuit Intermittent/Erratic,67,P0
P0CCC,Charge Port Door A Position Sensor Circuit,42,P0
P0CCD,Charge Port Door A Position Sensor Circuit Performance,54,P0
P0CCE,Charge Port Door A Position Sensor Circuit Low,46,P0
P0CCF,Charge Port Door A Position Sensor Circuit High,47,P0
P0CD0,Charge Port Door A Position Sensor Circuit Intermittent/Erratic,63,P0
P0CD1,Charge Port Door A Unlock Control Circuit,41,P0
P0CD2,Charge Port Door A Unlock Control Circuit Performance,53,P0
P0CD3,Charge Port Door A Unlock Control Circuit Low,45,P0
P0CD4,Charge Port Door A Unlock Control Circuit High,46,P0
P0CD5,Hybrid/EV Battery Pack Coolant Temperature Sensor B Circuit,59,P0
P0CD6,Hybrid/EV Battery Pack Coolant Temperature Sensor B Circuit Range/Performance,77,P0
P0CD7,Hybrid/EV Battery Pack Coolant Temperature Sensor B Circuit Low,63,P0
P0CD8,Hybrid/EV Battery Pack Coolant Temperature Sensor B Circuit High,64,P0
P0CD9,Hybrid/EV Battery Pack Coolant Temperature Sensor B Circuit Intermittent/Erratic,80,P0
P0CDA,Drive Motor A Position Sensor Circuit C,39,P0
P0CDB,Drive Motor A Position Sensor Circuit C Range/Performance,57,P0
P0CDC,Drive Motor A Position Sensor Circuit C Low,43,P0
P0CDD,Drive Motor A Position Sensor Circuit C High,44,P0
P0CDE,Drive Motor A Position Sensor Circuit C Intermittent/Erratic,60,P0
P0CDF,Hybrid/EV Battery Pack Coolant Control Valve A Control Circuit/Open,67,P0
P0CE0,Hybrid/EV Battery Pack Coolant Control Valve A Performance/Stuck Off,68,P0
P0CE1,Hybrid/EV Battery Pack Coolant Control Valve A Stuck On,55,P0
P0CE2,Hybrid/EV Battery Pack Coolant Control Valve A Control Circuit Low,66,P0
P0CE3,Hybrid/EV Battery Pack Coolant Control Valve A Control Circuit High,67,P0
P0CE4,Hybrid/EV Battery Pack Coolant Control Valve Position Sensor Circuit,68,P0
P0CE5,Hybrid/EV Battery Pack Coolant Control Valve Position Sensor Circuit Range/Performance,86,P0
P0CE6,Hybrid/EV Battery Pack Coolant Control Valve Position Sensor Circuit Low,72,P0
P0CE7,Hybrid/EV Battery Pack Coolant Control Valve Position Sensor Circuit High,73,P0
P0CE8,Hybrid/EV Battery Pack Coolant Control Valve Position Sensor Circuit Intermittent/Erratic,89,P0
P0CE9,Hybrid/EV Electronics Coolant Pump A Control Circuit/Open,57,P0
P0CEA,Hybrid/EV Electronics Coolant Pump A Performance,48,P0
P0CEB,Hybrid/EV Electronics Coolant Pump A Control Circuit Low,56,P0
P0CEC,Hybrid/EV Electronics Coolant Pump A Control Circuit High,57,P0
P0CED,Hybrid/EV Electronics Coolant Pump A Enable Circuit,51,P0
P0CEE,Hybrid/EV Electronics Coolant Temperature Sensor A Circuit,58,P0
P0CEF,Hybrid/EV Electronics Coolant Temperature Sensor A Circuit Range/Perfomance,75,P0
P0CF0,Hybrid/EV Electronics Coolant Temperature Sensor A Circuit Low,62,P0
P0CF1,Hybrid/EV Electronics Coolant Temperature Sensor A Circuit High,63,P0
P0CF2,Hybrid/EV Electronics Coolant Temperature Sensor A Circuit Intermittent/Erratic,79,P0
P0CF3,Control Pilot Circuit /Open,27,P0
P0CF4,Control Pilot Circuit Range/Performance,39,P0
P0CF5,Control Pilot Circuit Low,25,P0
P0CF6,Control Pilot Circuit High,26,P0
P0CF7,Control Pilot Circuit Intermittent/Erratic,42,P0
P0CF8,Control Pilot Charging Switch A Circuit/Open,44,P0
P0CF9,Control Pilot Charging Switch A Range/Performance,49,P0
P0CFA,Control Pilot Charging Switch A Circuit Low,43,P0
P0CFB,Control Pilot Charging Switch A Circuit High,44,P0
P0CFC,Control Pilot Charging Switch A Intermittent/Erratic,52,P0
P0CFD,Control Pilot Charging Switch A Stuck Off,41,P0
P0CFE,Control Pilot Charging Switch A Stuck On,40,P0
P0CFF,Hybrid/EV Battery Pack Coolant Pump A Stuck/Stalled,51,P0
P0D00,Control Pilot Charging Ventilation Switch Circuit/Open,54,P0
P0D01,Control Pilot Charging Ventilation Switch Range/Performance,59,P0
P0D02,Control Pilot Charging Ventilation Switch Circuit Low,53,P0
P0D03,Control Pilot Charging Ventilation Switch Circuit High,54,P0
P0D04,Control Pilot Charging Ventilation Switch Intermittent/Erratic,62,P0
P0D05,Control Pilot Charging Ventilation Switch Stuck Off,51,P0
P0D06,Control Pilot Charging Ventilation Switch Stuck On,50,P0
P0D07,Battery Charging System Positive Contactor A Circuit,52,P0
P0D08,Battery Charging System Positive Contactor A Stuck Closed,57,P0
P0D09,Battery Charging System Positive Contactor A Stuck Open,55,P0
P0D0A,Battery Charging System Positive Contactor A Control Circuit/Open,65,P0
P0D0B,Battery Charging System Positive Contactor A Control Circuit Range/Performance,78,P0
P0D0C,Battery Charging System Positive Contactor A Control Circuit Low,64,P0
P0D0D,Battery Charging System Positive Contactor A Control Circuit High,65,P0
P0D0E,Battery Charging System Negative Contactor A Circuit,52,P0
P0D0F,Battery Charging System Negative Contactor A Stuck Closed,57,P0
P0D10,Battery Charging System Negative Contactor A Stuck Open,55,P0
P0D11,Battery Charging System Negative Contactor A Control Circuit/Open,65,P0
P0D12,Battery Charging System Negative Contactor A Control Circuit Range/Performance,78,P0
P0D13,Battery Charging System Negative Contactor A Control Circuit Low,64,P0
P0D14,Battery Charging System Negative Contactor A Control Circuit High,65,P0
P0D15,Battery Charging System A High Voltage Interlock Circuit/Open,61,P0
P0D16,Battery Charging System A High Voltage Interlock Circuit Performance,68,P0
P0D17,Battery Charging System A High Voltage Interlock Circuit Low,60,P0
P0D18,Battery Charging System A High Voltage Interlock Circuit High,61,P0
P0D19,Battery Charging System A High Voltage Interlock Circuit Intermittent/Erratic,77,P0
P0D1A,Hybrid/EV Battery Pack Coolant Control Valve B Control Circuit/Open,67,P0
P0D1B,Hybrid/EV Battery Pack Coolant Control Valve B Performance/Stuck Off,68,P0
P0D1C,Hybrid/EV Battery Pack Coolant Control Valve B Stuck On,55,P0
P0D1D,Hybrid/EV Battery Pack Coolant Control Valve B Control Circuit Low,66,P0
P0D1E,Hybrid/EV Battery Pack Coolant Control Valve B Control Circuit High,67,P0
P0D1F,Control Module Date/Time Synchronization Error,46,P0
P0D20,Battery Charger A Output Voltage Performance,44,P0
P0D21,Battery Charger A Output Voltage Too Low,40,P0
P0D22,Battery Charger A Output Current Performance,44,P0
P0D23,Battery Charger A Output Shorted,32,P0
P0D24,Battery Charger A Temperature Too High,38,P0
P0D25,Battery Charger System Precharge Time Too Short,47,P0
P0D26,Battery Charger System Precharge Time Too Long,46,P0
P0D27,Battery Charger Input Voltage Too Low,37,P0
P0D28,Battery Charger Input Voltage Too High,38,P0
P0D29,Battery Charger Input Current Too Low,37,P0
P0D2A,Battery Charger Input Current Too High,38,P0
P0D2B,Control Pilot Indicator Control Circuit/Open,44,P0
P0D2C,Charge Status Indicator A Control Circuit/Open,46,P0
P0D2D,Drive Motor A Inverter Voltage Sensor A” Circuit,48,P0
P0D2E,Drive Motor A Inverter Voltage Sensor A” Circuit Range/Performance,66,P0
P0D2F,Drive Motor A Inverter Voltage Sensor A” Circuit Low,52,P0
P0D30,Drive Motor A Inverter Voltage Sensor A” Circuit High,53,P0
P0D31,Drive Motor A Inverter Voltage Sensor A” Circuit Intermittent/Erratic,69,P0
P0D32,DC/DC Converter A Over Temperature,34,P0
P0D33,DC/DC Converter Current High,28,P0
P0D34,Hybrid/EV Battery System Current,32,P0
P0D35,Hybrid/EV Battery System Current Unstable,41,P0
P0D36,Hybrid/EV Battery System Current Low,36,P0
P0D37,Hybrid/EV Battery System Current High,37,P0
P0D38,Battery Charger A Input Current Sensor Circuit,46,P0
P0D39,Battery Charger A Input Current Sensor Circuit Range/Performance,64,P0
P0D3A,Battery Charger A Input Current Sensor Circuit Low,50,P0
P0D3B,Battery Charger A Input Current Sensor Circuit High,51,P0
P0D3C,Battery Charger A Input Current Sensor Circuit Intermittent/Erratic,67,P0
P0D3D,Battery Charger A Input Voltage Sensor A Circuit,48,P0
P0D3E,Battery Charger A Input Voltage Sensor A Circuit Range/Performance,66,P0
P0D3F,Battery Charger A Input Voltage Sensor A Circuit Low,52,P0
P0D40,Battery Charger A Input Voltage Sensor A Circuit High,53,P0
P0D41,Battery Charger A Input Voltage Sensor A Circuit Intermittent/Erratic,69,P0
P0D42,Battery Charger 14 Volt Output Voltage Sensor Circuit,53,P0
P0D43,Battery Charger 14 Volt Output Voltage Sensor Circuit Range/Performance,71,P0
P0D44,Battery Charger 14 Volt Output Voltage Sensor Circuit Low,57,P0
P0D45,Battery Charger 14 Volt Output Voltage Sensor Circuit High,58,P0
P0D46,Battery Charger 14 Volt Output Voltage Sensor Circuit Intermittent/Erratic,74,P0
P0D47,Battery Charger 14 Volt Output Current Sensor Circuit,53,P0
P0D48,Battery Charger 14 Volt Output Current Sensor Circuit Range/Performance,71,P0
P0D49,Battery Charger 14 Volt Output Current Sensor Circuit Low,57,P0
P0D4A,Battery Charger 14 Volt Output Current Sensor Circuit High,58,P0
P0D4B,Battery Charger 14 Volt Output Current Sensor Circuit Intermittent/Erratic,74,P0
P0D4C,Battery Charger Hybrid/EV Battery Output Voltage Sensor Circuit,63,P0
P0D4D,Battery Charger Hybrid/EV Battery Output Voltage Sensor Circuit Range/Performance,81,P0
P0D4E,Battery Charger Hybrid/EV Battery Output Voltage Sensor Circuit Low,67,P0
P0D4F,Battery Charger Hybrid/EV Battery Output Voltage Sensor Circuit High,68,P0
P0D50,Battery Charger Hybrid/EV Battery Output Voltage Sensor Circuit Intermittent/Erratic,84,P0
P0D51,Battery Charger Hybrid/EV Battery Output Current Sensor Circuit,63,P0
P0D52,Battery Charger Hybrid/EV Battery Output Current Sensor Circuit Range/Performance,81,P0
P0D53,Battery Charger Hybrid/EV Battery Output Current Sensor Circuit Low,67,P0
P0D54,Battery Charger Hybrid/EV Battery Output Current Sensor Circuit High,68,P0
P0D55,Battery Charger Hybrid/EV Battery Output Current Sensor Circuit Intermittent/Erratic,84,P0
P0D56,Proximity Detection Circuit A,29,P0
P0D57,Proximity Detection Circuit A Range/Performance,47,P0
P0D58,Proximity Detection Circuit A Low,33,P0
P0D59,Proximity Detection Circuit A High,34,P0
P0D5A,Proximity Detection Circuit A Intermittent/Erratic,50,P0
P0D5B,Battery Charger 14 Volt Output Power Performance,48,P0
P0D5C,Battery Charger Hybrid/EV Battery Output Power Performance,58,P0
P0D5D,Battery Charger Hybrid/EV System Discharge Time Too Short,57,P0
P0D5E,Battery Charger Hybrid/EV System Discharge Time Too Long,56,P0
P0D5F,Hybrid/EV Battery Pack Cooling Fan 2 Sense Circuit/Open,55,P0
P0D60,Hybrid/EV Battery Pack Cooling Fan 2 Sense Range/Performance,60,P0
P0D61,Hybrid/EV Battery Pack Cooling Fan 2 Sense Circuit Low,54,P0
P0D62,Hybrid/EV Battery Pack Cooling Fan 2 Sense Circuit High,55,P0
P0D63,Hybrid/EV Battery Pack Cooling Fan 2 Sense Circuit Intermittent/Erratic,71,P0
P0D64,Hybrid/EV Battery Pack Cooling Fan Enable Circuit/Open,54,P0
P0D65,Hybrid/EV Battery Pack Cooling Fan Enable Circuit Low,53,P0
P0D66,Hybrid/EV Battery Pack Cooling Fan Enable Circuit High,54,P0
P0D67,Battery Charger Control Module A Performance,44,P0
P0D68,A/C Compressor Motor Voltage Sensor A Circuit,45,P0
P0D69,A/C Compressor Motor Voltage Sensor A Performance,49,P0
P0D6A,A/C Compressor Motor Voltage Sensor A Circuit High,50,P0
P0D6B,A/C Compressor Motor Voltage Sensor A Circuit Low,49,P0
P0D6C,A/C Compressor Motor Voltage Sensor A Circuit Intermittent/Erratic,66,P0
P0D6D,A/C Compressor Motor Voltage A Low,34,P0
P0D6E,A/C Compressor Motor Voltage A High,35,P0
P0D6F,A/C Compressor Motor Current High,33,P0
P0D70,A/C Compressor Control Module Internal Temperature Sensor A Circuit,67,P0
P0D71,A/C Compressor Control Module Internal Temperature Sensor A Performance,71,P0
P0D72,A/C Compressor Control Module Internal Temperature Sensor A Circuit High,72,P0
P0D73,A/C Compressor Control Module Internal Temperature Sensor A Circuit Low,71,P0
P0D74,A/C Compressor Control Module InternalTemperature Sensor A Circuit Intermittent/Erratic,87,P0
P0D75,A/C Compressor Control Module Output Driver Temperature Sensor Circuit,70,P0
P0D76,A/C Compressor Control Module Output Driver Temperature Sensor Performance,74,P0
P0D77,A/C Compressor Control Module Output Driver Temperature Sensor Circuit High,75,P0
P0D78,A/C Compressor Control Module Output Driver Temperature Sensor Circuit Low,74,P0
P0D79,A/C Compressor Control Module Output Driver Temperature Sensor Circuit Intermittent/Erratic,91,P0
P0D7A,A/C Compressor Motor Phase U Current Low,40,P0
P0D7B,A/C Compressor Motor Phase U Current High,41,P0
P0D7C,A/C Compressor Motor Phase V Current Low,40,P0
P0D7D,A/C Compressor Motor Phase V Current High,41,P0
P0D7E,A/C Compressor Motor Phase W Current Low,40,P0
P0D7F,A/C Compressor Motor Phase W Current High,41,P0
P0D80,Battery Charger Input Circuit/Open,34,P0
P0D81,Battery Charger Input Circuit Range/Performance,47,P0
P0D82,Battery Charger Input Circuit Low,33,P0
P0D83,Battery Charger Input Circuit High,34,P0
P0D84,Battery Charger Input Circuit Intermittent/Erratic,50,P0
P0D85,Battery Charging Output Voltage Too High,40,P0
P0D86,Battery Charger Coupler Status Indicator Control Circuit A/Open,63,P0
P0D87,Battery Charger Coupler Status Indicator Control Circuit A Low,62,P0
P0D88,Battery Charger Coupler Status Indicator Control Circuit A High,63,P0
P0D89,Battery Charger Coupler Status Indicator Control Circuit B/Open,63,P0
P0D8A,Battery Charger Coupler Status Indicator Control Circuit B Low,62,P0
P0D8B,Battery Charger Coupler Status Indicator Control Circuit B High,63,P0
P0D8C,Battery Charger Coupler Status Indicator Control Circuit C/Open,63,P0
P0D8D,Battery Charger Coupler Status Indicator Control Circuit C Low,62,P0
P0D8E,Battery Charger Coupler Status Indicator Control Circuit C High,63,P0
P0D8F,Battery Charger A Cooling System Performance,44,P0
P0D90,Battery Charger Input Frequency Incorrect,41,P0
P0D91,Battery Charger Coupler Lock Control Circuit/Open,49,P0
P0D92,Battery Charger Coupler Lock Control Circuit Low,48,P0
P0D93,Battery Charger Coupler Lock Control Circuit High,49,P0
P0D94,Battery Charger Coupler Lock Control Circuit Performance,56,P0
P0D95,Battery Charger Coupler Unlock Control Circuit/Open,51,P0
P0D96,Battery Charger Coupler Unlock Control Circuit Low,50,P0
P0D97,Battery Charger Coupler Unlock Control Circuit High,51,P0
P0D98,Battery Charger Coupler Unlock Control Circuit Performance,58,P0
P0D99,Battery Charger Coupler Temperature Sensor A Circuit,52,P0
P0D9A,Battery Charger Coupler Temperature Sensor A Circuit Range/Performance,70,P0
P0D9B,Battery Charger Coupler Temperature Sensor A Circuit Low,56,P0
P0D9C,Battery Charger Coupler Temperature Sensor A Circuit High,57,P0
P0D9D,Battery Charger Coupler Temperature Sensor A Circuit Intermittent/Erratic,73,P0
P0D9E,Battery Charger A Coupler Lock Position Sensor Circuit,54,P0
P0D9F,Battery Charger A Coupler Lock Position Sensor Circuit Range/Performance,72,P0
P0DA0,Battery Charger A Coupler Lock Position Sensor Circuit Low,58,P0
P0DA1,Battery Charger A Coupler Lock Position Sensor Circuit High,59,P0
P0DA2,Battery Charger A Coupler Lock Position Sensor Circuit Intermittent/Erratic,75,P0
P0DA3,Drive Motor B Inverter Voltage Sensor A” Circuit,48,P0
P0DA4,Drive Motor B Inverter Voltage Sensor A” Circuit Range/Performance,66,P0
P0DA5,Drive Motor B Inverter Voltage Sensor A” Circuit Low,52,P0
P0DA6,Drive Motor B Inverter Voltage Sensor A” Circuit High,53,P0
P0DA7,Drive Motor B Inverter Voltage Sensor A” Circuit Intermittent/Erratic,69,P0
P0DA8,Hybrid/EV Battery Voltage/Drive Motor A Inverter Voltage Correlation,68,P0
P0DA9,Hybrid/EV Battery Voltage/Drive Motor B Inverter Voltage Correlation,68,P0
P0DAA,Battery Charging System Isolation Fault,39,P0
P0DAB,Hybrid/EV Battery Cell Balancing Performance,44,P0
P0DAC,Hybrid/EV Battery Cell Balancing Circuit A,42,P0
P0DAD,Hybrid/EV Battery Cell Balancing Circuit A Stuck On,51,P0
P0DAE,Hybrid/EV Battery Cell Balancing Circuit A Stuck Off,52,P0
P0DAF,Hybrid/EV Battery Cell Balancing Circuit A Range/Performance,60,P0
P0DB0,Hybrid/EV Battery Cell Balancing Circuit B,42,P0
P0DB1,Hybrid/EV Battery Cell Balancing Circuit B Stuck On,51,P0
P0DB2,Hybrid/EV Battery Cell Balancing Circuit B Stuck Off,52,P0
P0DB3,Hybrid/EV Battery Cell Balancing Circuit B Range/Performance,60,P0
P0DB4,Hybrid/EV Battery Cell Balancing Circuit C,42,P0
P0DB5,Hybrid/EV Battery Cell Balancing Circuit C Stuck On,51,P0
P0DB6,Hybrid/EV Battery Cell Balancing Circuit C Stuck Off,52,P0
P0DB7,Hybrid/EV Battery Cell Balancing Circuit C Range/Performance,60,P0
P0DB8,Hybrid/EV Battery Cell Balancing Circuit D,42,P0
P0DB9,Hybrid/EV Battery Cell Balancing Circuit D Stuck On,51,P0
P0DBA,Hybrid/EV Battery Cell Balancing Circuit D Stuck Off,52,P0
P0DBB,Hybrid/EV Battery Cell Balancing Circuit D Range/Performance,60,P0
P0DBC,Hybrid/EV Battery Cell Balancing Circuit E,42,P0
P0DBD,Hybrid/EV Battery Cell Balancing Circuit E Stuck On,51,P0
P0DBE,Hybrid/EV Battery Cell Balancing Circuit E Stuck Off,52,P0
P0DBF,Hybrid/EV Battery Cell Balancing Circuit E Range/Performance,60,P0
P0DC0,Hybrid/EV Battery Cell Balancing Circuit F,42,P0
P0DC1,Hybrid/EV Battery Cell Balancing Circuit F Stuck On,51,P0
P0DC2,Hybrid/EV Battery Cell Balancing Circuit F Stuck Off,52,P0
P0DC3,Hybrid/EV Battery Cell Balancing Circuit F Range/Performance,60,P0
P0DC4,Hybrid/EV Battery Cell Balancing Circuit G,42,P0
P0DC5,Hybrid/EV Battery Cell Balancing Circuit G Stuck On,51,P0
P0DC6,Hybrid/EV Battery Cell Balancing Circuit G Stuck Off,52,P0
P0DC7,Hybrid/EV Battery Cell Balancing Circuit G Range/Performance,60,P0
P0DC8,Hybrid/EV Battery Cell Balancing Circuit H,42,P0
P0DC9,Hybrid/EV Battery Cell Balancing Circuit H Stuck On,51,P0
P0DCA,Hybrid/EV Battery Cell Balancing Circuit H Stuck Off,52,P0
P0DCB,Hybrid/EV Battery Cell Balancing Circuit H Range/Performance,60,P0
P0DCC,Hybrid/EV Battery Cell Balancing Circuit I,42,P0
P0DCD,Hybrid/EV Battery Cell Balancing Circuit I Stuck On,51,P0
P0DCE,Hybrid/EV Battery Cell Balancing Circuit I Stuck Off,52,P0
P0DCF,Hybrid/EV Battery Cell Balancing Circuit I Range/Performance,60,P0
P0DD0,Hybrid/EV Battery Cell Balancing Circuit J,42,P0
P0DD1,Hybrid/EV Battery Cell Balancing Circuit J Stuck On,51,P0
P0DD2,Hybrid/EV Battery Cell Balancing Circuit J Stuck Off,52,P0
P0DD3,Hybrid/EV Battery Cell Balancing Circuit J Range/Performance,60,P0
P0DD4,Hybrid/EV Battery Cell Balancing Circuit K,42,P0
P0DD5,Hybrid/EV Battery Cell Balancing Circuit K Stuck On,51,P0
P0DD6,Hybrid/EV Battery Cell Balancing Circuit K Stuck Off,52,P0
P0DD7,Hybrid/EV Battery Cell Balancing Circuit K Range/Performance,60,P0
P0DD8,Hybrid/EV Battery Cell Balancing Circuit L,42,P0
P0DD9,Hybrid/EV Battery Cell Balancing Circuit L Stuck On,51,P0
P0DDA,Hybrid/EV Battery Cell Balancing Circuit L Stuck Off,52,P0
P0DDB,Hybrid/EV Battery Cell Balancing Circuit L Range/Performance,60,P0
P0DDC,Hybrid/EV Battery Cell Balancing Circuit M,42,P0
P0DDD,Hybrid/EV Battery Cell Balancing Circuit M Stuck On,51,P0
P0DDE,Hybrid/EV Battery Cell Balancing Circuit M Stuck Off,52,P0
P0DDF,Hybrid/EV Battery Cell Balancing Circuit M Range/Performance,60,P0
P0DE0,Hybrid/EV Battery Cell Balancing Circuit N,42,P0
P0DE1,Hybrid/EV Battery Cell Balancing Circuit N Stuck On,51,P0
P0DE2,Hybrid/EV Battery Cell Balancing Circuit N Stuck Off,52,P0
P0DE3,Hybrid/EV Battery Cell Balancing Circuit N Range/Performance,60,P0
P0DE4,Electric/Auxiliary Transmission Fluid Pump A Motor Over Temperature,67,P0
P0DE5,Charge Status Indicator B Control Circuit/Open,46,P0
P0DE6,Hybrid/EV Battery Pack Cell Voltage Low,39,P0
P0DE7,Hybrid/EV Battery Pack Cell Voltage High,40,P0
P0DE8,Hybrid/EV Battery Pack Coolant Control Valve C Control Circuit/Open,67,P0
P0DE9,Hybrid/EV Battery Pack Coolant Control Valve C Performance/Stuck Off,68,P0
P0DEA,Hybrid/EV Battery Pack Coolant Control Valve C Stuck On,55,P0
P0DEB,Hybrid/EV Battery Pack Coolant Control Valve C Control Circuit Low,66,P0
P0DEC,Hybrid/EV Battery Pack Coolant Control Valve C Control Circuit High,67,P0
P0DED,Pedestrian Alert Control Module Circuit/Open,44,P0
P0DEE,Pedestrian Alert Control Module Circuit Low,43,P0
P0DEF,Pedestrian Alert Control Module Circuit High,44,P0
P0DF0,Generator Inverter Temperature Sensor B Circuit,47,P0
P0DF1,Generator Inverter Temperature Sensor B Circuit Intermittent/Erratic,68,P0
P0DF2,Generator Inverter Temperature Sensor C Circuit,47,P0
P0DF3,Generator Inverter Temperature Sensor C Circuit Intermittent/Erratic,68,P0
P0DF4,Generator Inverter Temperature Sensor B Circuit Range/Performance,65,P0
P0DF5,Generator Inverter Temperature Sensor B Circuit Low,51,P0
P0DF6,Generator Inverter Temperature Sensor B Circuit High,52,P0
P0DF7,Generator Inverter Temperature Sensor C Circuit Range/Performance,65,P0
P0DF8,Generator Inverter Temperature Sensor C Circuit Low,51,P0
P0DF9,Generator Inverter Temperature Sensor C Circuit High,52,P0
P0DFA,Generator Phase U-V-W Current Sensor Correlation,48,P0
P0DFB,Generator Position Exceeding Learn Limit,40,P0
P0DFC,Generator Position Sensor Not Learned,37,P0
P0DFD,Battery Charger Coolant Control Valve Control Circuit/Open,58,P0
P0DFE,Battery Charger Coolant Control Valve Control Circuit Low,57,P0
P0DFF,Battery Charger Coolant Control Valve Control Circuit High,58,P0
P0E00,Generator Phase U Current Sensor Circuit,40,P0
P0E01,Generator Phase U Current Sensor Circuit Range/Performance,58,P0
P0E02,Generator Phase U Current Sensor Circuit Low,44,P0
P0E03,Generator Phase U Current Sensor Circuit High,45,P0
P0E04,Generator Phase V Current Sensor Circuit,40,P0
P0E05,Generator Phase V Current Sensor Circuit Range/Performance,58,P0
P0E06,Generator Phase V Current Sensor Circuit Low,44,P0
P0E07,Generator Phase V Current Sensor Circuit High,45,P0
P0E08,Generator Phase W Current Sensor Circuit,40,P0
P0E09,Generator Phase W Current Sensor Circuit Range/Performance,58,P0
P0E0A,Generator Phase W Current Sensor Circuit Low,44,P0
P0E0B,Generator Phase W Current Sensor Circuit High,45,P0
P0E0C,Generator Phase U-V-W Circuit/Open,34,P0
P0E0D,Generator Phase U-V-W Circuit Low,33,P0
P0E0E,Generator Phase U-V-W Circuit High,34,P0
P0E0F,Generator Inverter Power Supply A Circuit/Open,46,P0
P0E10,Generator Inverter Power Supply A Circuit Low,45,P0
P0E11,Generator Inverter Power Supply A Circuit High,46,P0
P0E12,Hybrid/EV Battery Pack Coolant Heater A Control Circuit/Open,60,P0
P0E13,Hybrid/EV Battery Pack Coolant Heater A Control Circuit Low,59,P0
P0E14,Hybrid/EV Battery Pack Coolant Heater A Control Circuit High,60,P0
P0E15,Hybrid/EV Battery Pack Coolant Heater A Control Performance,59,P0
P0E16,Hybrid/EV Battery Pack Coolant Heater B Control Circuit/Open,60,P0
P0E17,Hybrid/EV Battery Pack Coolant Heater B Control Circuit Low,59,P0
P0E18,Hybrid/EV Battery Pack Coolant Heater B Control Circuit High,60,P0
P0E19,Hybrid/EV Battery Pack Coolant Heater B Control Performance,59,P0
P0E1A,Hybrid/EV Battery Pack Coolant Pump B Control Circuit/Open,58,P0
P0E1B,Hybrid/EV Battery Pack Coolant Pump B Control Circuit Low,57,P0
P0E1C,Hybrid/EV Battery Pack Coolant Pump B Control Circuit High,58,P0
P0E1D,Hybrid/EV Battery Pack Coolant Pump B Control Performance,57,P0
P0E1E,Hybrid/EV Battery Pack Coolant Pump B Control Circuit Driver Current/Temperature Too High,89,P0
P0E1F,Hybrid/EV Battery Pack Coolant Pump A Control Circuit Driver Current/Temperature Too High,89,P0
P0E20,Hybrid/EV Battery Pack Coolant Control Valve A Control Circuit Driver Current/Temperature Too High,98,P0
P0E21,Hybrid/EV Battery Pack Coolant Control Valve B Control Circuit Driver Current/Temperature Too High,98,P0
P0E22,Hybrid/EV Battery Pack Coolant Control Valve C Control Circuit Driver Current/Temperature Too High,98,P0
P0E23,Drive Motor Inverter Temperature Sensor G Circuit,49,P0
P0E24,Drive Motor Inverter Temperature Sensor G Circuit Range/Performance,67,P0
P0E25,Drive Motor Inverter Temperature Sensor G Circuit Low,53,P0
P0E26,Drive Motor Inverter Temperature Sensor G Circuit High,54,P0
P0E27,Drive Motor Inverter Temperature Sensor G Circuit Intermittent/Erratic,70,P0
P0E28,Drive Motor Inverter Temperature Sensor H Circuit,49,P0
P0E29,Drive Motor Inverter Temperature Sensor H Circuit Range/Performance,67,P0
P0E2A,Drive Motor Inverter Temperature Sensor H Circuit Low,53,P0
P0E2B,Drive Motor Inverter Temperature Sensor H Circuit High,54,P0
P0E2C,Drive Motor Inverter Temperature Sensor H Circuit Intermittent/Erratic,70,P0
P0E2D,Internal Control Module Hybrid/EV Battery Monitor Performance,61,P0
P0E2E,Battery Charger A Fuse,22,P0
P0E2F,High Voltage Fuse B,19,P0
P0E30,High Voltage Fuse C,19,P0
P0E31,DC/DC Converter Voltage Sensor A Circuit,40,P0
P0E32,DC/DC Converter Voltage Sensor A Range/Performance,50,P0
P0E33,DC/DC Converter Voltage Sensor A Low,36,P0
P0E34,DC/DC Converter Voltage Sensor A High,37,P0
P0E35,DC/DC Converter Voltage Sensor A Intermittent/Erratic,53,P0
P0E36,DC/DC Converter Voltage Sensor BCircuit,39,P0
P0E37,DC/DC Converter Voltage Sensor B Range/Performance,50,P0
P0E38,DC/DC Converter Voltage Sensor B Low,36,P0
P0E39,DC/DC Converter Voltage Sensor B High,37,P0
P0E3A,DC/DC Converter Voltage Sensor B Intermittent/Erratic,53,P0
P0E3B,Hybrid/EV Battery Coolant Pump Overspeed,40,P0
P0E3C,Hybrid/EV Battery Coolant Pump Underspeed,41,P0
P0E3D,Control Pilot Indicator Control Circuit Low,43,P0
P0E3E,Control Pilot Indicator Control Circuit High,44,P0
P0E3F,Charge Status Indicator A Control Circuit Low,45,P0
P0E40,Charge Status Indicator A Control Circuit High,46,P0
P0E41,Charge Status Indicator B Control Circuit Low,45,P0
P0E42,Charge Status Indicator B Control Circuit High,46,P0
P0E43,Hybrid/EV Powertrain Control Module B,37,P0
P0E44,Hybrid/EV Battery Pack Voltage Sense E Circuit,46,P0
P0E45,Hybrid/EV Battery Pack Voltage Sense E Circuit Range/Performance,64,P0
P0E46,Hybrid/EV Battery Pack Voltage Sense E Circuit Low,50,P0
P0E47,Hybrid/EV Battery Pack Voltage Sense E Circuit High,51,P0
P0E48,Hybrid/EV Battery Pack Voltage Sense E Circuit Intermittent/Erratic,67,P0
P0E49,Hybrid/EV Battery Pack Voltage Sense F Circuit,46,P0
P0E4A,Hybrid/EV Battery Pack Voltage Sense F Circuit Range/Performance,64,P0
P0E4B,Hybrid/EV Battery Pack Voltage Sense F Circuit Low,50,P0
P0E4C,Hybrid/EV Battery Pack Voltage Sense F Circuit High,51,P0
P0E4D,Hybrid/EV Battery Pack Voltage Sense F Circuit Intermittent/Erratic,67,P0
P0E4E,Engine Failed to Crank,22,P0
P0E4F,Motor Electronics Coolant Pump A Control Circuit Intermittent/Erratic,69,P0
P0E50,Motor Electronics Coolant Pump B Control Circuit Intermittent/Erratic,69,P0
P0E51,DC/DC Converter Current Sensor A Circuit,40,P0
P0E52,DC/DC Converter Current Sensor A Circuit Range/Performance,58,P0
P0E53,DC/DC Converter Current Sensor A Circuit Low,44,P0
P0E54,DC/DC Converter Current Sensor A Circuit High,45,P0
P0E55,DC/DC Converter Current Sensor A Circuit Intermittent/Erratic,61,P0
P0E56,DC/DC Converter Input Voltage Too Low,37,P0
P0E57,DC/DC Converter Input Voltage Too High,38,P0
P0E58,DC/DC Converter Temperature Sensor C Circuit,44,P0
P0E59,DC/DC Converter Temperature Sensor C Circuit Range/Performance,62,P0
P0E5A,DC/DC Converter Temperature Sensor C Circuit Low,48,P0
P0E5B,DC/DC Converter Temperature Sensor C Circuit High,49,P0
P0E5C,DC/DC Converter Temperature Sensor C Circuit Intermittent/Erratic,65,P0
P0E5D,DC/DC Converter Enable Circuit intermittent/Erratic,51,P0
P0E5E,Battery Charger Control Module A Processor Performance,54,P0
P0E5F,Battery Charger Coupler Temperature A Too High,46,P0
P0E60,Battery Charge Mode Control Circuit Range/Performance,53,P0
P0E61,Battery Charger A Enable Circuit/Open,37,P0
P0E62,Battery Charger A Enable Circuit Low,36,P0
P0E63,Battery Charger A Enable Circuit High,37,P0
P0E64,Battery Charger A Enable Circuit Range/Performance,50,P0
P0E65,Battery Charger Control Circuit/Open,36,P0
P0E66,Battery Charger Control Circuit Low,35,P0
P0E67,Battery Charger Control Circuit High,36,P0
P0E68,Battery Charger Control Circuit Range/Performance,49,P0
P0E69,Control Pilot Indicator Control Circuit Range/Performance,57,P0
P0E6A,Battery Charging System Precharge Contactor Circuit,51,P0
P0E6B,Battery Charging System Precharge Contactor Circuit Stuck Closed,64,P0
P0E6C,Battery Charging System Precharge Contactor Circuit Stuck Open,62,P0
P0E6D,Battery Charging System Precharge Contactor Control Circuit/Open,64,P0
P0E6E,Battery Charging System Precharge Contactor Control Circuit Range/Performance,77,P0
P0E6F,Battery Charging System Precharge Contactor Control Circuit Low,63,P0
P0E70,Battery Charging System Precharge Contactor Control Circuit High,64,P0
P0E71,Generator Torque Delivered Performance,38,P0
P0E72,Control Pilot Signal Low Frequency,34,P0
P0E73,Control Pilot Signal High Frequency,35,P0
P0E74,Hybrid/EV Battery Voltage Internal Isolation Fault,50,P0
P0E75,Coolant Bypass Valve A Control Circuit/Open,43,P0
P0E76,Coolant Bypass Valve A Control Circuit Low,42,P0
P0E77,Coolant Bypass Valve A Control Circuit High,43,P0
P0E78,Coolant Bypass Valve A Control Circuit Range/Performance,56,P0
P0E79,Coolant Bypass Valve A Control Stuck/Open,41,P0
P0E7A,Coolant Bypass Valve A Control Stuck Closed,43,P0
P0E7B,Coolant Bypass Valve B Control Circuit/Open,43,P0
P0E7C,Coolant Bypass Valve B Control Circuit Low,42,P0
P0E7D,Coolant Bypass Valve B Control Circuit High,43,P0
P0E7E,Coolant Bypass Valve B Control Circuit Range/Performance,56,P0
P0E7F,Coolant Bypass Valve B Control Stuck/Open,41,P0
P0E80,Coolant Bypass Valve B Control Stuck Closed,43,P0
P0E81,Auxiliary Cooling System Coolant Temperature Sensor A Circuit,61,P0
P0E82,Auxiliary Cooling System Coolant Temperature Sensor A Circuit Range/Performance,79,P0
P0E83,Auxiliary Cooling System Coolant Temperature Sensor A Circuit Low,65,P0
P0E84,Auxiliary Cooling System Coolant Temperature Sensor A Circuit High,66,P0
P0E85,Battery Charger B Temperature Too High,38,P0
P0E86,Battery Charger B Input Voltage Too Low,39,P0
P0E87,Battery Charger B Input Voltage Too High,40,P0
P0E88,Battery Charger B Input Current Too Low,39,P0
P0E89,Battery Charger B Input Current Too High,40,P0
P0E8A,Battery Charger B Input Current Sensor Circuit,46,P0
P0E8B,Battery Charger B Input Voltage Sensor Circuit,46,P0
P0E8C,Drive Motor A Inverter Voltage Sensor B” Circuit,48,P0
P0E8D,Drive Motor A Inverter Voltage Sensor B” Circuit Range/Performance,66,P0
P0E8E,Drive Motor A Inverter Voltage Sensor B” Circuit Low,52,P0
P0E8F,Drive Motor A Inverter Voltage Sensor B” Circuit High,53,P0
P0E90,Drive Motor A Inverter Voltage Sensor B” Circuit Intermittent/Erratic,69,P0
P0E91,Drive Motor B Inverter Voltage Sensor B” Circuit,48,P0
P0E92,Drive Motor B Inverter Voltage Sensor B” Circuit Range/Performance,66,P0
P0E93,Drive Motor B Inverter Voltage Sensor B” Circuit Low,52,P0
P0E94,Drive Motor B Inverter Voltage Sensor B” Circuit High,53,P0
P0E95,Drive Motor B Inverter Voltage Sensor B” Circuit Intermittent/Erratic,69,P0
P0E96,DC/DC Converter Voltage Sensor C Circuit,40,P0
P0E97,DC/DC Converter Voltage Sensor C Circuit Range/Performance,58,P0
P0E98,DC/DC Converter Voltage Sensor C Circuit Low,44,P0
P0E99,DC/DC Converter Voltage Sensor C Circuit High,45,P0
P0E9A,DC/DC Converter Voltage Sensor C Circuit Intermittent/Erratic,61,P0
P0E9B,DC/DC Converter Current Sensor B Circuit,40,P0
P0E9C,DC/DC Converter Current Sensor B Circuit Range/Performance,58,P0
P0E9D,DC/DC Converter Current Sensor B Circuit Low,44,P0
P0E9E,DC/DC Converter Current Sensor B Circuit High,45,P0
P0E9F,DC/DC Converter Current Sensor B Circuit Intermittent/Erratic,61,P0
P0EA0,DC/DC Converter Current Sensor C Circuit,40,P0
P0EA1,DC/DC Converter Current Sensor C Circuit Range/Performance,58,P0
P0EA2,DC/DC Converter Current Sensor C Circuit Low,44,P0
P0EA3,DC/DC Converter Current Sensor C Circuit High,45,P0
P0EA4,DC/DC Converter Current Sensor C Circuit Intermittent/Erratic,61,P0
P0EA5,DC/DC Converter B Performance,29,P0
P0EA6,DC/DC Converter B Over Temperature,34,P0
P0EA7,Auxiliary Cooling System Performance,36,P0
P0EA8,A/C Compressor Motor Voltage Sensor B Circuit,45,P0
P0EA9,A/C Compressor Motor Voltage Sensor B Circuit Performance,57,P0
P0EAA,A/C Compressor Motor Voltage Sensor B Circuit High,50,P0
P0EAB,A/C Compressor Motor Voltage Sensor B Circuit Low,49,P0
P0EAC,A/C Compressor Motor Voltage Sensor B Circuit Intermittent/Erratic,66,P0
P0EAD,A/C Compressor Motor Current Sensor Circuit,43,P0
P0EAE,A/C Compressor Motor Current Sensor Range/Performance,53,P0
P0EAF,A/C Compressor Motor Current Sensor Circuit Low,47,P0
P0EB0,A/C Compressor Motor Current Sensor Circuit High,48,P0
P0EB1,A/C Compressor Motor Phase U Current Sensor Circuit,51,P0
P0EB2,A/C Compressor Motor Phase U Current Sensor Circuit High,56,P0
P0EB3,A/C Compressor Motor Phase U Current Sensor Circuit Low,55,P0
P0EB4,A/C Compressor Motor Phase U Current Sensor Range/Performance,61,P0
P0EB5,A/C Compressor Motor Phase V Current Sensor Circuit High,56,P0
P0EB6,A/C Compressor Motor Phase V Current Sensor Circuit Low,55,P0
P0EB7,A/C Compressor Motor Phase V Current Sensor Range/Performance,61,P0
P0EB8,A/C Compressor Motor Phase W Current Sensor Circuit High,56,P0
P0EB9,A/C Compressor Motor Phase W Current Sensor Circuit Low,55,P0
P0EBA,A/C Compressor Motor Phase W Current Sensor Range/Performace,60,P0
P0EBB,A/C Compressor Motor Phase V Current Sensor Circuit,51,P0
P0EBC,A/C Refrigerant Temperature Sensor A Circuit,44,P0
P0EBD,A/C Refrigerant Temperature Sensor A Circuit High,49,P0
P0EBE,A/C Refrigerant Temperature Sensor A Circuit Low,48,P0
P0EBF,A/C Refrigerant Temperature Sensor A Range/Performance,54,P0
P0EC0,A/C Compressor Motor Phase W Current Sensor Circuit,51,P0
P0EC1,A/C Refrigerant Temperature Sensor B Circuit,44,P0
P0EC2,A/C Refrigerant Temperature Sensor B Circuit High,49,P0
P0EC3,A/C Refrigerant Temperature Sensor B Circuit Low,48,P0
P0EC4,A/C Refrigerant Temperature Sensor B Range/Performance,54,P0
P0EC5,A/C Compressor Motor Speed Sensor Range/Performance,51,P0
P0EC6,A/C Power Supply Relay Control Circuit/Open,43,P0
P0EC7,A/C Power Supply Relay Control Circuit Low,42,P0
P0EC8,A/C Power Supply Relay Control Circuit High,43,P0
P0EC9,A/C Refrigerant Distribution Valve A Stuck/Open,47,P0
P0ECA,Hybrid/EV Battery Temperature Sensor System - Multiple Sensor Correlation,73,P0
P0ECB,Hybrid/EV Battery Voltage Sensor System - Multiple Sensor Correlation,69,P0
P0ECC,Hybrid/EV Battery E Voltage,27,P0
P0ECD,Hybrid/EV Battery E Voltage Unstable,36,P0
P0ECE,Hybrid/EV Battery E Voltage Low,31,P0
P0ECF,Hybrid/EV Battery E Voltage High,32,P0
P0ED0,Hybrid/EV Battery F Voltage,27,P0
P0ED1,Hybrid/EV Battery F Voltage Unstable,36,P0
P0ED2,Hybrid/EV Battery F Voltage Low,31,P0
P0ED3,Hybrid/EV Battery F Voltage High,32,P0
P0ED4,Generator Phase X Current,25,P0
P0ED5,Generator Phase X Current Low,29,P0
P0ED6,Generator Phase X Current High,30,P0
P0ED7,Generator Phase Y Current,25,P0
P0ED8,Generator Phase Y Current Low,29,P0
P0ED9,Generator Phase Y Current High,30,P0
P0EDA,Generator Phase Z Current,25,P0
P0EDB,Generator Phase Z Current Low,29,P0
P0EDC,Generator Phase Z Current High,30,P0
P0EDD,Hybrid/EV Battery Pack B Deterioration,38,P0
P0EDE,Hybrid/EV Battery Pack C Deterioration,38,P0
P0EDF,Hybrid/EV Battery Pack D Deterioration,38,P0
P0EE0,Hybrid/EV Battery Pack E Deterioration,38,P0
P0EE1,Hybrid/EV Battery Pack F Deterioration,38,P0
P0EE2,A/C Refrigerant Distribution Valve B Stuck/Open,47,P0
P0EE3,A/C Refrigerant Distribution Valve B Control Circuit/Open,57,P0
P0EE4,A/C Refrigerant Distribution Valve B Control Circuit Low,56,P0
P0EE5,A/C Refrigerant Distribution Valve B Control Circuit High,57,P0
P0EE6,A/C Refrigerant Distribution Valve B Control Circuit Driver Current/Temperature Too High,88,P0
P0EE7,Battery Charger Coupler Temperature Sensor B Circuit,52,P0
P0EE8,Battery Charger Coupler Temperature Sensor B Circuit Range/Performance,70,P0
P0EE9,Battery Charger Coupler Temperature Sensor B Circuit Low,56,P0
P0EEA,Battery Charger Coupler Temperature Sensor B Circuit High,57,P0
P0EEB,Battery Charger Coupler Temperature Sensor B Circuit Intermittent/Erratic,73,P0
P0EEC,Battery Energy Control Module B Performance,43,P0
P0EED,Hybrid/EV Battery System Discharge Circuit Performance,54,P0
P0EEE,Battery Charger Coupler Temperature B Too High,46,P0
P0EEF,Drive Motor A Control Module Overtemperature,44,P0
P0EF0,Battery Charger Coupler Unlock Disabled - High Voltage Present,62,P0
P0EF1,Drive Motor C Temperature Sensor Circuit,40,P0
P0EF2,Drive Motor C Temperature Sensor Range/Performance,50,P0
P0EF3,Drive Motor C Temperature Sensor Circuit Low,44,P0
P0EF4,Drive Motor C Temperature Sensor Circuit High,45,P0
P0EF5,Drive Motor C Temperature Sensor Circuit Intermittent/Erratic,61,P0
P0EF6,Drive Motor C Temperature Sensor Over Temperature,49,P0
P0EF7,Battery Charger A Input Voltage Sensor B Circuit,48,P0
P0EF8,Battery Charger A Input Voltage Sensor B Circuit Range/Performance,66,P0
P0EF9,Battery Charger A Input Voltage Sensor B Circuit Low,52,P0
P0EFA,Battery Charger A Input Voltage Sensor B Circuit High,53,P0
P0EFB,Battery Charger A Input Voltage Sensor C Circuit,48,P0
P0EFC,Battery Charger A Input Voltage Sensor C Circuit Range/Performance,66,P0
P0EFD,Battery Charger A Input Voltage Sensor C Circuit Low,52,P0
P0EFE,Battery Charger A Input Voltage Sensor C Circuit High,53,P0
P1000,Manufacturer Controlled DTC,27,P1
P1101,MAF Sensor Out Of Self Test Range./KOER Not Able To Complete KOER Aborted,73,P1
P1130,Lack Of HO2S Switch - Adaptive Fuel At Limit,44,P1
P1131,Lack Of HO2S Switch - Sensor Indicates Lean,43,P1
P1133,HO2S Insufficient Switching Sensor 1,36,P1
P1135,Pedal Position Sensor A Circuit Intermittent,44,P1
P1148,Closed Loop Control Function Bank 1,35,P1
P1151,Lack Of HO2S21 Switch - Sensor Indicates Lean,45,P1
P1153,Bank 2 Fuel Control Shifted Lean,32,P1
P1174,Cam Sensor Fault,16,P1
P1258,Pedal Correlation PDS1 and PDS2,31,P1
P1259,Immobilizer to PCM Signal Error,31,P1
P1298,IDM Failure,11,P1
P1299,Cylinder Head Overtemperature Protection Active,47,P1
P1345,SGC (Cam Position) Sensor Circuit Malfunction/ Crankshaft Position - Camshaft Position Correlation,98,P1
P1391,Glow Plug Circuit Low Input (Bank #1),37,P1
P1399,"Glow Plug Circuit High Side, High Input",39,P1
P1401,DPFE Circuit High Input,23,P1
P1404,IAT - B Circuit Malfunction/ Exhaust Gas Recirculation Closed Position Performance,82,P1
P1440,Purge Valve Stuck Open,22,P1
P1443,Evaporative Emission Control System Control Valve,49,P1
P1450,Unable To Bleed Up Fuel Tank Vacuum,35,P1
P1456,Fuel Tank Temperature Sensor Circuit Malfunction,48,P1
P1457,Unable To Pull Vacuum In Tank,29,P1
P1491,Secondary Switch Solenoid Circuit Malfunction,45,P1
P1494,SPCUT Solenoid Circuit Malfunction,34,P1
P1516,IMRC Input Error (Bank 1),25,P1
P1682,P1684,5,P1
P1682,Metering Oil Pump Malfunction,29,P1
P1684,Metering Oil Pump Position Sensor Circuit Malfunction,53,P1
P1800,Transmission Clutch Interlock Safety Switch Circuit Failure,59,P1
P1870,Transmission Component Slipping/ Transmission Mechanical Transfer Case 4x4 Switch Circuit Failure,97,P1
P1911,VFS B Pressure Output Failed Low,32,P1
P2000,NOx Adsorber Efficiency Below Threshold Bank 1,46,P2
P2001,NOx Adsorber Efficiency Below Threshold Bank 2,46,P2
P2002,Particulate Filter Efficiency Below Threshold Bank 1,52,P2
P2003,Particulate Filter Efficiency Below Threshold Bank 2,52,P2
P2004,Intake Manifold Runner Control Stuck Open Bank 1,48,P2
P2005,Intake Manifold Runner Control Stuck Open Bank 2,48,P2
P2006,Intake Manifold Runner Control Stuck Closed Bank 1,50,P2
P2007,Intake Manifold Runner Control Stuck Closed Bank 2,50,P2
P2008,Intake Manifold Runner Control Circuit/Open Bank 1,50,P2
P2009,Intake Manifold Runner Control Circuit Low Bank 1,49,P2
P200A,Intake Manifold Runner Performance Bank 1,41,P2
P200B,Intake Manifold Runner Performance Bank 2,41,P2
P200C,Particulate Filter Over Temperature Bank 1,42,P2
P200D,Particulate Filter Over Temperature Bank 2,42,P2
P200E,Catalyst System Over Temperature Bank 1,39,P2
P200F,Catalyst System Over Temperature Bank 2,39,P2
P2010,Intake Manifold Runner Control Circuit High Bank 1,50,P2
P2011,Intake Manifold Runner Control Circuit/Open Bank 2,50,P2
P2012,Intake Manifold Runner Control Circuit Low Bank 2,49,P2
P2013,Intake Manifold Runner Control Circuit High Bank 2,50,P2
P2014,Intake Manifold Runner Position Sensor/Switch Circuit Bank 1,60,P2
P2015,Intake Manifold Runner Position Sensor/Switch Circuit Range/Performance Bank 1,78,P2
P2016,Intake Manifold Runner Position Sensor/Switch Circuit Low Bank 1,64,P2
P2017,Intake Manifold Runner Position Sensor/Switch Circuit High Bank 1,65,P2
P2018,Intake Manifold Runner Position Sensor/Switch Circuit Intermittent Bank 1,73,P2
P2019,Intake Manifold Runner Position Sensor/Switch Circuit Bank 2,60,P2
P201A,Reductant Injection Valve Circuit Range/Performance Bank 2 Unit 1,65,P2
P201B,Intake Manifold Runner Control Actuator Supply Voltage Low Bank 1,65,P2
P201C,Intake Manifold Runner Control Actuator Supply Voltage Low Bank 2,65,P2
P201D,Intake Manifold Runner Control Actuator Internal Performance Bank 1,67,P2
P201E,Intake Manifold Runner Control Actuator Internal Performance Bank 2,67,P2
P201F,Reductant Pump A Stuck On,25,P2
P2020,Intake Manifold Runner Position Sensor/Switch Circuit Range/Performance Bank 2,78,P2
P2021,Intake Manifold Runner Position Sensor/Switch Circuit Low Bank 2,64,P2
P2022,Intake Manifold Runner Position Sensor/Switch Circuit High Bank 2,65,P2
P2023,Intake Manifold Runner Position Sensor/Switch Circuit Intermittent Bank 2,73,P2
P2024,EVAP Fuel Vapor Temperature Sensor Circuit,42,P2
P2025,EVAP Fuel Vapor Temperature Sensor Performance,46,P2
P2026,EVAP Fuel Vapor Temperature Sensor Circuit Low Voltage,54,P2
P2027,EVAP Fuel Vapor Temperature Sensor Circuit High Voltage,55,P2
P2028,EVAP Fuel Vapor Temperature Sensor Circuit Intermittent,55,P2
P2029,Fuel Fired Heater Disabled,26,P2
P202A,Reductant Tank Heater Control Circuit/Open,42,P2
P202B,Reductant Tank Heater Control Circuit Low,41,P2
P202C,Reductant Tank Heater Control Circuit High,42,P2
P202D,Reductant Leakage,17,P2
P202E,Reductant Injection Valve Circuit Range/Performance Bank 1 Unit 1,65,P2
P202F,Reductant/Regeneration Supply Control Circuit Range/Performance,63,P2
P2030,Fuel Fired Heater Performance,29,P2
P2031,Exhaust Gas Temperature Sensor Circuit Bank 1 Sensor 2,54,P2
P2032,Exhaust Gas Temperature Sensor Circuit Low Bank 1 Sensor 2,58,P2
P2033,Exhaust Gas Temperature Sensor Circuit High Bank 1 Sensor 2,59,P2
P2034,Exhaust Gas Temperature Sensor Circuit Bank 2 Sensor 2,54,P2
P2035,Exhaust Gas Temperature Sensor Circuit Low Bank 2 Sensor 2,58,P2
P2036,Exhaust Gas Temperature Sensor Circuit High Bank 2 Sensor 2,59,P2
P2037,Reductant Injection Air Pressure Sensor A Circuit,49,P2
P2038,Reductant Injection Air Pressure Sensor A Circuit Range/Performance,67,P2
P2039,Reductant Injection Air Pressure Sensor A Circuit Low,53,P2
P203A,Reductant Level Sensor A Circuit,32,P2
P203B,Reductant Level Sensor A Circuit Range/Performance,50,P2
P203C,Reductant Level Sensor A Circuit Low,36,P2
P203D,Reductant Level Sensor A Circuit High,37,P2
P203E,Reductant Level Sensor A Circuit Intermittent/Erratic,53,P2
P203F,Reductant Level Too Low,23,P2
P2040,Reductant Injection Air Pressure Sensor A Circuit High,54,P2
P2041,Reductant Injection Air Pressure Sensor A Circuit Intermittent,62,P2
P2042,Reductant Temperature Sensor A Circuit,38,P2
P2043,Reductant Temperature Sensor A Circuit Range/Performance,56,P2
P2044,Reductant Temperature Sensor A Circuit Low,42,P2
P2045,Reductant Temperature Sensor A Circuit High,43,P2
P2046,Reductant Temperature Sensor A Circuit Intermittent,51,P2
P2047,Reductant Injection Valve Circuit/Open Bank 1 Unit 1,52,P2
P2048,Reductant Injection Valve Circuit Low Bank 1 Unit 1,51,P2
P2049,Reductant Injection Valve Circuit High Bank 1 Unit 1,52,P2
P204A,Reductant Pressure Sensor Circuit,33,P2
P204B,Reductant Pressure Sensor Circuit Range/Performance,51,P2
P204C,Reductant Pressure Sensor Circuit Low,37,P2
P204D,Reductant Pressure Sensor Circuit High,38,P2
P204E,Reductant Pressure Sensor Circuit Intermittent/Erratic,54,P2
P204F,Reductant System Performance Bank 1,35,P2
P2050,Reductant Injection Valve Circuit/Open Bank 2 Unit 1,52,P2
P2051,Reductant Injection Valve Circuit Low Bank 2 Unit 1,51,P2
P2052,Reductant Injection Valve Circuit High Bank 2 Unit 1,52,P2
P2053,Reductant Injection Valve Circuit/Open Bank 1 Unit 2,52,P2
P2054,Reductant Injection Valve Circuit Low Bank 1 Unit 2,51,P2
P2055,Reductant Injection Valve Circuit High Bank 1 Unit 2,52,P2
P2056,Reductant Injection Valve Circuit/Open Bank 2 Unit 2,52,P2
P2057,Reductant Injection Valve Circuit Low Bank 2 Unit 2,51,P2
P2058,Reductant Injection Valve Circuit High Bank 2 Unit 2,52,P2
P2059,Reductant Injection Air Pump Control Circuit/Open,49,P2
P205A,Reductant Tank Temperature Sensor A Circuit,43,P2
P205B,Reductant Tank Temperature Sensor A Circuit Range/Performance,61,P2
P205C,Reductant Tank Temperature Sensor A Circuit Low,47,P2
P205D,Reductant Tank Temperature Sensor A Circuit High,48,P2
P205E,Reductant Tank Temperature Sensor A Circuit Intermittent/Erratic,64,P2
P205F,Reductant System Performance Bank 2,35,P2
P2060,Reductant Injection Air Pump Control Circuit Low,48,P2
P2061,Reductant Injection Air Pump Control Circuit High,49,P2
P2062,Reductant/Regeneration Supply Control Circuit/Open,50,P2
P2063,Reductant/Regeneration Supply Control Circuit Low,49,P2
P2064,Reductant/Regeneration Supply Control Circuit High,50,P2
P2065,Fuel Level Sensor B Circuit,27,P2
P2066,Fuel Level Sensor B Performance,31,P2
P2067,Fuel Level Sensor B Circuit Low,31,P2
P2068,Fuel Level Sensor B Circuit High,32,P2
P2069,Fuel Level Sensor B Circuit Intermittent,40,P2
P206A,Reductant Quality Sensor Circuit,32,P2
P206B,Reductant Quality Sensor Circuit Range/Performance,50,P2
P206C,Reductant Quality Sensor Circuit Low,36,P2
P206D,Reductant Quality Sensor Circuit High,37,P2
P206E,Intake Manifold Tuning (IMT) Valve Stuck Open Bank 2,52,P2
P206F,Intake Manifold Tuning (IMT) Valve Stuck Closed Bank 2,54,P2
P2070,Intake Manifold Tuning (IMT) Valve Stuck Open Bank 1,52,P2
P2071,Intake Manifold Tuning (IMT) Valve Stuck Closed Bank 1,54,P2
P2072,Throttle Actuator Control System - Ice Blockage Bank 1,54,P2
P2073,Manifold Absolute Pressure/Mass Air Flow - Throttle Position Correlation at Idle,80,P2
P2074,Manifold Absolute Pressure/Mass Air Flow - Throttle Position Correlation at Higher Load,87,P2
P2075,Intake Manifold Tuning (IMT) Valve Position Sensor/Switch Circuit Bank 1,72,P2
P2076,Intake Manifold Tuning (IMT) Valve Position Sensor/Switch Circuit Range/Performance Bank 1,90,P2
P2077,Intake Manifold Tuning (IMT) Valve Position Sensor/Switch Circuit Low Bank 1,76,P2
P2078,Intake Manifold Tuning (IMT) Valve Position Sensor/Switch Circuit High Bank 1,77,P2
P2079,Intake Manifold Tuning (IMT) Valve Position Sensor/Switch Circuit Intermittent Bank 1,85,P2
P207A,Intake Manifold Tuning (IMT) Valve Position Sensor/Switch Circuit Bank 2,72,P2
P207B,Intake Manifold Tuning (IMT) Valve Position Sensor/Switch Circuit Range/Performance Bank 2,90,P2
P207C,Intake Manifold Tuning (IMT) Valve Position Sensor/Switch Circuit Low Bank 2,76,P2
P207D,Intake Manifold Tuning (IMT) Valve Position Sensor/Switch Circuit High Bank 2,77,P2
P207E,Intake Manifold Tuning (IMT) Valve Position Sensor/Switch Circuit Intermittent Bank 2,85,P2
P207F,Reductant Quality Performance,29,P2
P2080,Exhaust Gas Temperature Sensor Circuit Range/Performance Bank 1 Sensor 1,72,P2
P2081,Exhaust Gas Temperature Sensor Circuit Intermittent Bank 1 Sensor 1,67,P2
P2082,Exhaust Gas Temperature Sensor Circuit Range/Performance Bank 2 Sensor 1,72,P2
P2083,Exhaust Gas Temperature Sensor Circuit Intermittent Bank 2 Sensor 1,67,P2
P2084,Exhaust Gas Temperature Sensor Circuit Range/Performance Bank 1 Sensor 2,72,P2
P2085,Exhaust Gas Temperature Sensor Circuit Intermittent Bank 1 Sensor 2,67,P2
P2086,Exhaust Gas Temperature Sensor Circuit Range/Performance Bank 2 Sensor 2,72,P2
P2087,Exhaust Gas Temperature Sensor Circuit Intermittent Bank 2 Sensor 2,67,P2
P2088,A Camshaft Position Actuator Control Circuit Low Bank 1,55,P2
P2089,A Camshaft Position Actuator Control Circuit High Bank 1,56,P2
P208A,Reductant Pump A Control Circuit/Open,37,P2
P208B,Reductant Pump A Control Performance/Stuck Off,46,P2
P208C,Reductant Pump A Control Circuit Low,36,P2
P208D,Reductant Pump A Control Circuit High,37,P2
P208E,Reductant Injection Valve Stuck Closed Bank 1 Unit 1,52,P2
P208F,Reductant Injection Valve Stuck Closed Bank 2 Unit 1,52,P2
P2090,B Camshaft Position Actuator Control Circuit Low Bank 1,55,P2
P2091,B Camshaft Position Actuator Control Circuit High Bank 1,56,P2
P2092,A Camshaft Position Actuator Control Circuit Low Bank 2,55,P2
P2093,A Camshaft Position Actuator Control Circuit High Bank 2,56,P2
P2094,B Camshaft Position Actuator Control Circuit Low Bank 2,55,P2
P2095,B Camshaft Position Actuator Control Circuit High Bank 2,56,P2
P2096,Post Catalyst Fuel Trim System Too Lean Bank 1,46,P2
P2097,Post Catalyst Fuel Trim System Too Rich Bank 1,46,P2
P2098,Post Catalyst Fuel Trim System Too Lean Bank 2,46,P2
P2099,Post Catalyst Fuel Trim System Too Rich Bank 2,46,P2
P209A,Reductant Injection Air Pressure Sensor B Circuit,49,P2
P209B,Reductant Injection Air Pressure Sensor B Circuit Range/Performance,67,P2
P209C,Reductant Injection Air Pressure Sensor B Circuit Low,53,P2
P209D,Reductant Injection Air Pressure Sensor B Circuit High,54,P2
P209E,Reductant Injection Air Pressure Sensor A/B Correlation,55,P2
P209F,Reductant Tank Heater Control Circuit Performance,49,P2
P20A0,Reductant Purge Control Valve A Circuit /Open,45,P2
P20A1,Reductant Purge Control Valve A Performance,43,P2
P20A2,Reductant Purge Control Valve A Circuit Low,43,P2
P20A3,Reductant Purge Control Valve A Circuit High,44,P2
P20A4,Reductant Purge Control Valve A Stuck Open,42,P2
P20A5,Reductant Purge Control Valve A Stuck Closed,44,P2
P20A6,Reductant Injection Air Pressure Control Valve Circuit/Open,59,P2
P20A7,Reductant Injection Air Pressure Control Valve Performance,58,P2
P20A8,Reductant Injection Air Pressure Control Valve Circuit Low,58,P2
P20A9,Reductant Injection Air Pressure Control Valve Circuit High,59,P2
P20AA,Reductant Injection Air Pressure Control Valve Stuck Open,57,P2
P20AB,Reductant Injection Air Pressure Control Valve Stuck Closed,59,P2
P20AC,Reductant Metering Unit Temperature Sensor Circuit,50,P2
P20AD,Reductant Metering Unit Temperature Sensor Circuit Range/Performance,68,P2
P20AE,Reductant Metering Unit Temperature Sensor Circuit Low,54,P2
P20AF,Reductant Metering Unit Temperature Sensor Circuit High,55,P2
P20B0,Reductant Metering Unit Temperature Sensor Circuit Intermittent/Erratic,71,P2
P20B1,Reductant Heater Coolant Control Valve Circuit/Open,51,P2
P20B2,Reductant Heater Coolant Control Valve Performance/Stuck Open,61,P2
P20B3,Reductant Heater Coolant Control Valve Circuit Low,50,P2
P20B4,Reductant Heater Coolant Control Valve Circuit High,51,P2
P20B5,Reductant Metering Unit Heater Control Circuit/Open,51,P2
P20B6,Reductant Metering Unit Heater Control Circuit Performance,58,P2
P20B7,Reductant Metering Unit Heater Control Circuit Low,50,P2
P20B8,Reductant Metering Unit Heater Control Circuit High,51,P2
P20B9,Reductant Heater A Control Circuit/Open,39,P2
P20BA,Reductant Heater A Control Circuit Performance,46,P2
P20BB,Reductant Heater A Control Circuit Low,38,P2
P20BC,Reductant Heater A Control Circuit High,39,P2
P20BD,Reductant Heater B Control Circuit/Open,39,P2
P20BE,Reductant Heater B Control Circuit Performance,46,P2
P20BF,Reductant Heater B Control Circuit Low,38,P2
P20C0,Reductant Heater B Control Circuit High,39,P2
P20C1,Reductant Heater C Control Circuit/Open,39,P2
P20C2,Reductant Heater C Control Circuit Performance,46,P2
P20C3,Reductant Heater C Control Circuit Low,38,P2
P20C4,Reductant Heater C Control Circuit High,39,P2
P20C5,Reductant Heater D Control Circuit/Open,39,P2
P20C6,Reductant Heater D Control Circuit Performance,46,P2
P20C7,Reductant Heater D Control Circuit Low,38,P2
P20C8,Reductant Heater D Control Circuit High,39,P2
P20C9,Reductant Control Module Requested MIL Illumination,51,P2
P20CA,Reductant Injection Air Pressure Leakage,40,P2
P20CB,Exhaust Aftertreatment Fuel Injector A Control Circuit/Open,59,P2
P20CC,Exhaust Aftertreatment Fuel Injector A Control Performance,58,P2
P20CD,Exhaust Aftertreatment Fuel Injector A Control Circuit Low,58,P2
P20CE,Exhaust Aftertreatment Fuel Injector A Control Circuit High,59,P2
P20CF,Exhaust Aftertreatment Fuel Injector A Stuck Open,49,P2
P20D0,Exhaust Aftertreatment Fuel Injector A Stuck Closed,51,P2
P20D1,Exhaust Aftertreatment Fuel Injector B Control Circuit/Open,59,P2
P20D2,Exhaust Aftertreatment Fuel Injector B Control Performance,58,P2
P20D3,Exhaust Aftertreatment Fuel Injector B Control Circuit Low,58,P2
P20D4,Exhaust Aftertreatment Fuel Injector B Control Circuit High,59,P2
P20D5,Exhaust Aftertreatment Fuel Injector B Stuck Open,49,P2
P20D6,Exhaust Aftertreatment Fuel Injector B Stuck Closed,51,P2
P20D7,Exhaust Aftertreatment Fuel Supply Control Circuit/Open,55,P2
P20D8,Exhaust Aftertreatment Fuel Supply Control Performance,54,P2
P20D9,Exhaust Aftertreatment Fuel Supply Control Circuit Low,54,P2
P20DA,Exhaust Aftertreatment Fuel Supply Control Circuit High,55,P2
P20DB,Exhaust Aftertreatment Fuel Supply Control Stuck Open,53,P2
P20DC,Exhaust Aftertreatment Fuel Supply Control Stuck Closed,55,P2
P20DD,Exhaust Aftertreatment Fuel Pressure Sensor Circuit,51,P2
P20DE,Exhaust Aftertreatment Fuel Pressure Sensor Circuit Range/Performance,69,P2
P20DF,Exhaust Aftertreatment Fuel Pressure Sensor Circuit Low,55,P2
P20E0,Exhaust Aftertreatment Fuel Pressure Sensor Circuit High,56,P2
P20E1,Exhaust Aftertreatment Fuel Pressure Sensor Circuit Intermittent/Erratic,72,P2
P20E2,Exhaust Gas Temperature Sensor 1/2 Correlation Bank 1,53,P2
P20E3,Exhaust Gas Temperature Sensor 1/3 Correlation Bank 1,53,P2
P20E4,Exhaust Gas Temperature Sensor 2/3 Correlation Bank 1,53,P2
P20E5,Exhaust Gas Temperature Sensor 1/2 Correlation Bank 2,53,P2
P20E6,Reductant Injection Air Pressure Too Low,40,P2
P20E7,Reductant Injection Air Pressure Too High,41,P2
P20E8,Reductant Pressure Too Low,26,P2
P20E9,Reductant Pressure Too High,27,P2
P20EA,Reductant Control Module Power Relay De-Energized Performance - Too Early,73,P2
P20EB,Reductant Control Module Power Relay De-Energized Performance - Too Late,72,P2
P20EC,SCR NOx Catalyst - Over Temperature Bank 1,42,P2
P20ED,SCR NOx Pre-Catalyst - Over Temperature Bank 1,46,P2
P20EE,SCR NOx Catalyst Efficiency Below Threshold Bank 1 Catalyst 1,61,P2
P20EF,SCR NOx Pre- Catalyst Efficiency Below Threshold Bank 1,55,P2
P20F0,SCR NOx Catalyst - Over Temperature Bank 2,42,P2
P20F1,SCR NOx Pre-Catalyst - Over Temperature Bank 2,46,P2
P20F2,SCR NOx Catalyst Efficiency Below Threshold Bank 2,50,P2
P20F3,SCR NOx Pre- Catalyst Efficiency Below Threshold Bank 2,55,P2
P20F4,Reductant Consumption Too Low,29,P2
P20F5,Reductant Consumption Too High,30,P2
P20F6,Reductant Injection Valve Stuck Open Bank 1 Unit 1,50,P2
P20F7,Reductant Injection Valve Stuck Open Bank 2 Unit 1,50,P2
P20F8,Intake Manifold Runner Control Circuit Performance Bank 1,57,P2
P20F9,Intake Manifold Runner Control Circuit Performance Bank 2,57,P2
P20FA,Reductant Pump B Control Circuit/Open,37,P2
P20FB,Reductant Pump B Control Performance/Stuck Off,46,P2
P20FC,Reductant Pump B Control Circuit Low,36,P2
P20FD,Reductant Pump B Control Circuit High,37,P2
P20FE,Reductant Metering Unit 1 Performance,37,P2
P20FF,Reductant Control Module Performance,36,P2
P2100,Throttle Actuator A Control Motor Circuit/Open,46,P2
P2101,Throttle Actuator A Control Motor Circuit Range/Performance,59,P2
P2102,Throttle Actuator A Control Motor Circuit Low,45,P2
P2103,Throttle Actuator A Control Motor Circuit High,46,P2
P2104,Throttle Actuator Control System - Forced Idle,46,P2
P2105,Throttle Actuator Control System - Forced Engine Shutdown,57,P2
P2106,Throttle Actuator Control System - Forced Limited Power,55,P2
P2107,Throttle Actuator A Control Module Processor,44,P2
P2108,Throttle Actuator A Control Module Performance,46,P2
P2109,Throttle/Pedal Position Sensor A Minimum Stop Performance,57,P2
P210A,Throttle Actuator B Control Motor Circuit/Open,46,P2
P210B,Throttle Actuator B Control Motor Circuit Range/Performance,59,P2
P210C,Throttle Actuator B Control Motor Circuit Low,45,P2
P210D,Throttle Actuator B Control Motor Circuit High,46,P2
P210E,Throttle/Pedal Position Sensor/Switch C/F Voltage Correlation,61,P2
P210F,Throttle Actuator B Control System - Forced Limited RPM,55,P2
P2110,Throttle Actuator A Control System - Forced Limited RPM,55,P2
P2111,Throttle Actuator A Control System - Stuck Open,47,P2
P2112,Throttle Actuator A Control System - Stuck Closed,49,P2
P2113,Throttle/Pedal Position Sensor B Minimum Stop Performance,57,P2
P2114,Throttle/Pedal Position Sensor C Minimum Stop Performance,57,P2
P2115,Throttle/Pedal Position Sensor D Minimum Stop Performance,57,P2
P2116,Throttle/Pedal Position Sensor E Minimum Stop Performance,57,P2
P2117,Throttle/Pedal Position Sensor F Minimum Stop Performance,57,P2
P2118,Throttle Actuator A Control Motor Current Range/Performance,59,P2
P2119,Throttle Actuator A Control Throttle Body Range/Performance,59,P2
P211A,Throttle Actuator B Control System - Stuck Open,47,P2
P211B,Throttle Actuator B Control System - Stuck Close,48,P2
P211C,Throttle Actuator B Control Motor Current Range/Performance,59,P2
P211D,Throttle Actuator B Control Throttle Body Range/Performance,59,P2
P211E,Throttle Actuator B Control Module Processor,44,P2
P211F,Throttle Actuator B Control Module Performance,46,P2
P2120,Throttle/Pedal Position Sensor/Switch D Circuit,47,P2
P2121,Throttle/Pedal Position Sensor/Switch D Circuit Range/Performance,65,P2
P2122,Throttle/Pedal Position Sensor/Switch D Circuit Low,51,P2
P2123,Throttle/Pedal Position Sensor/Switch D Circuit High,52,P2
P2124,Throttle/Pedal Position Sensor/Switch D Circuit Intermittent,60,P2
P2125,Throttle/Pedal Position Sensor/Switch E Circuit,47,P2
P2126,Throttle/Pedal Position Sensor/Switch E Circuit Range/Performance,65,P2
P2127,Throttle/Pedal Position Sensor/Switch E Circuit Low,51,P2
P2128,Throttle/Pedal Position Sensor/Switch E Circuit High,52,P2
P2129,Throttle/Pedal Position Sensor/Switch E Circuit Intermittent,60,P2
P212A,Throttle Position Sensor/Switch G Circuit,41,P2
P212B,Throttle Position Sensor/Switch G Circuit Range/Performance,59,P2
P212C,Throttle Position Sensor/Switch G Circuit Low,45,P2
P212D,Throttle Position Sensor/Switch G Circuit High,46,P2
P212E,Throttle Position Sensor/Switch G Circuit Intermittent,54,P2
P212F,Throttle/Pedal Position Sensor/Switch F/G Voltage Correlation,61,P2
P2130,Throttle/Pedal Position Sensor/Switch F Circuit,47,P2
P2131,Throttle/Pedal Position Sensor/Switch F Circuit Range/Performance,65,P2
P2132,Throttle/Pedal Position Sensor/Switch F Circuit Low,51,P2
P2133,Throttle/Pedal Position Sensor/Switch F Circuit High,52,P2
P2134,Throttle/Pedal Position Sensor/Switch F Circuit Intermittent,60,P2
P2135,Throttle/Pedal Position Sensor/Switch A/B Voltage Correlation,61,P2
P2136,Throttle/Pedal Position Sensor/Switch A/C Voltage Correlation,61,P2
P2137,Throttle/Pedal Position Sensor/Switch B/C Voltage Correlation,61,P2
P2138,Throttle/Pedal Position Sensor/Switch D/E Voltage Correlation,61,P2
P2139,Throttle/Pedal Position Sensor/Switch D/F Voltage Correlation,61,P2
P213A,EGR Throttle Control Circuit B /Open,36,P2
P213B,EGR Throttle Control Circuit B Range/Performance,48,P2
P213C,EGR Throttle Control Circuit B Low,34,P2
P213D,EGR Throttle Control Circuit B High,35,P2
P213E,Fuel Injection System Fault - Forced Engine Shutdown,52,P2
P213F,Fuel Pump System Fault - Forced Engine Shutdown,47,P2
P2140,Throttle/Pedal Position Sensor/Switch E/F Voltage Correlation,61,P2
P2141,EGR Throttle Control Circuit A Low,34,P2
P2142,EGR Throttle Control Circuit A High,35,P2
P2143,EGR Vent Control Circuit/Open,29,P2
P2144,EGR Vent Control Circuit Low,28,P2
P2145,EGR Vent Control Circuit High,29,P2
P2146,Fuel Injector Group A Supply Voltage Circuit/Open,49,P2
P2147,Fuel Injector Group A Supply Voltage Circuit Low,48,P2
P2148,Fuel Injector Group A Supply Voltage Circuit High,49,P2
P2149,Fuel Injector Group B Supply Voltage Circuit/Open,49,P2
P214A,SCR NOx Catalyst Inlet Temperature Too High,43,P2
P214B,SCR NOx Catalyst Inlet Temperature Too High During Particulate Filter Regeneration,82,P2
P214C,SCR NOx Catalyst Outlet Temperature Too High,44,P2
P214D,SCR NOx Catalyst Outlet Temperature Too High During Particulate Filter Regeneration,83,P2
P214E,Reductant Pump A Current Too High,33,P2
P214F,Reductant Heater A Current Too High,35,P2
P2150,Fuel Injector Group B Supply Voltage Circuit Low,48,P2
P2151,Fuel Injector Group B Supply Voltage Circuit High,49,P2
P2152,Fuel Injector Group C Supply Voltage Circuit/Open,49,P2
P2153,Fuel Injector Group C Supply Voltage Circuit Low,48,P2
P2154,Fuel Injector Group C Supply Voltage Circuit High,49,P2
P2155,Fuel Injector Group D Supply Voltage Circuit/Open,49,P2
P2156,Fuel Injector Group D Supply Voltage Circuit Low,48,P2
P2157,Fuel Injector Group D Supply Voltage Circuit High,49,P2
P2158,Vehicle Speed Sensor B Circuit,30,P2
P2159,Vehicle Speed Sensor B Circuit Range/Performance,48,P2
P215A,Vehicle Speed - Wheel Speed Correlation,39,P2
P215B,Vehicle Speed - Output Shaft Speed Correlation,46,P2
P215C,Output Shaft Speed - Wheel Speed Correlation,44,P2
P215D,Reductant Pump B Stuck On,25,P2
P215E,Reductant Heater D Current Too Low,34,P2
P215F,Reductant Heater D Current Too High,35,P2
P2160,Vehicle Speed Sensor B Circuit Low,34,P2
P2161,Vehicle Speed Sensor B Circuit Intermittent/Erratic/High,56,P2
P2162,Vehicle Speed Sensor A/B Correlation,36,P2
P2163,Throttle/Pedal Position Sensor A Maximum Stop Performance,57,P2
P2164,Throttle/Pedal Position Sensor B Maximum Stop Performance,57,P2
P2165,Throttle/Pedal Position Sensor C Maximum Stop Performance,57,P2
P2166,Throttle/Pedal Position Sensor D Maximum Stop Performance,57,P2
P2167,Throttle/Pedal Position Sensor E Maximum Stop Performance,57,P2
P2168,Throttle/Pedal Position Sensor F Maximum Stop Performance,57,P2
P2169,Exhaust Pressure Regulator Vent Solenoid Control Circuit/Open,61,P2
P216A,Fuel Injector Group E Supply Voltage Circuit/Open,49,P2
P216B,Fuel Injector Group E Supply Voltage Circuit Low,48,P2
P216C,Fuel Injector Group E Supply Voltage Circuit High,49,P2
P216D,Fuel Injector Group F Supply Voltage Circuit/Open,49,P2
P216E,Fuel Injector Group F Supply Voltage Circuit Low,48,P2
P216F,Fuel Injector Group F Supply Voltage Circuit High,49,P2
P2170,Exhaust Pressure Regulator Vent Solenoid Control Circuit Low,60,P2
P2171,Exhaust Pressure Regulator Vent Solenoid Control Circuit High,61,P2
P2172,Throttle Actuator Control System - Sudden High Air Flow Detected,64,P2
P2173,Throttle Actuator Control System - High Air Flow Detected,57,P2
P2174,Throttle Actuator Control System - Sudden Low Air Flow Detected,63,P2
P2175,Throttle Actuator Control System - Low Air Flow Detected,56,P2
P2176,Throttle Actuator A Control System - Idle Position Not Learned,62,P2
P2177,System Too Lean Off Idle Bank 1,31,P2
P2178,System Too Rich Off Idle Bank 1,31,P2
P2179,System Too Lean Off Idle Bank 2,31,P2
P217A,Fuel Injector Group G Supply Voltage Circuit/Open,49,P2
P217B,Fuel Injector Group G Supply Voltage Circuit Low,48,P2
P217C,Fuel Injector Group G Supply Voltage Circuit High,49,P2
P217D,Fuel Injector Group H Supply Voltage Circuit/Open,49,P2
P217E,Fuel Injector Group H Supply Voltage Circuit Low,48,P2
P217F,Fuel Injector Group H Supply Voltage Circuit High,49,P2
P2180,System Too Rich Off Idle Bank 2,31,P2
P2181,Cooling System Performance,26,P2
P2182,Engine Coolant Temperature Sensor 2 Circuit,43,P2
P2183,Engine Coolant Temperature Sensor 2 Circuit Range/Performance,61,P2
P2184,Engine Coolant Temperature Sensor 2 Circuit Low,47,P2
P2185,Engine Coolant Temperature Sensor 2 Circuit High,48,P2
P2186,Engine Coolant Temperature Sensor 2 Circuit Intermittent/Erratic,64,P2
P2187,System Too Lean at Idle Bank 1,30,P2
P2188,System Too Rich at Idle Bank 1,30,P2
P2189,System Too Lean at Idle Bank 2,30,P2
P218A,Throttle Actuator B Control System - Idle Position Not Learned,62,P2
P218B,Throttle/Fuel Inhibit B Circuit,31,P2
P218C,Throttle/Fuel Inhibit B Circuit Range/Performance,49,P2
P218D,Throttle/Fuel Inhibit B Circuit Low,35,P2
P218E,Throttle/Fuel Inhibit B Circuit High,36,P2
P218F,Reductant No Flow Detected,26,P2
P2190,System Too Rich at Idle Bank 2,30,P2
P2191,System Too Lean at Higher Load Bank 1,37,P2
P2192,System Too Rich at Higher Load Bank 1,37,P2
P2193,System Too Lean at Higher Load Bank 2,37,P2
P2194,System Too Rich at Higher Load Bank 2,37,P2
P2195,O2 Sensor Signal Biased/Stuck Lean Bank 1 Sensor 1,50,P2
P2196,O2 Sensor Signal Biased/Stuck Rich Bank 1 Sensor 1,50,P2
P2197,O2 Sensor Signal Biased/Stuck Lean Bank 2 Sensor 1,50,P2
P2198,O2 Sensor Signal Biased/Stuck Rich Bank 2 Sensor 1,50,P2
P2199,Intake Air Temperature Sensor 1/2 Correlation,45,P2
P219A,Bank 1 Air-Fuel Ratio Imbalance,31,P2
P219B,Bank 2 Air-Fuel Ratio Imbalance,31,P2
P219C,Cylinder 1 Air-Fuel Ratio Imbalance,35,P2
P219D,Cylinder 2 Air-Fuel Ratio Imbalance,35,P2
P219E,Cylinder 3 Air-Fuel Ratio Imbalance,35,P2
P219F,Cylinder 4 Air-Fuel Ratio Imbalance,35,P2
P21A0,Cylinder 5 Air-Fuel Ratio Imbalance,35,P2
P21A1,Cylinder 6 Air-Fuel Ratio Imbalance,35,P2
P21A2,Cylinder 7 Air-Fuel Ratio Imbalance,35,P2
P21A3,Cylinder 8 Air-Fuel Ratio Imbalance,35,P2
P21A4,Cylinder 9 Air-Fuel Ratio Imbalance,35,P2
P21A5,Cylinder 10 Air-Fuel Ratio Imbalance,36,P2
P21A6,Cylinder 11 Air-Fuel Ratio Imbalance,36,P2
P21A7,Cylinder 12 Air-Fuel Ratio Imbalance,36,P2
P21A8,Reductant Level Sensor B Circuit,32,P2
P21A9,Reductant Level Sensor B Circuit Range/Performance,50,P2
P21AA,Reductant Level Sensor B Circuit Low,36,P2
P21AB,Reductant Level Sensor B Circuit High,37,P2
P21AC,Reductant Level Sensor B Circuit Intermittent/Erratic,53,P2
P21AD,Reductant Level Sensor C Circuit,32,P2
P21AE,Reductant Level Sensor C Circuit Range/Performance,50,P2
P21AF,Reductant Level Sensor C Circuit Low,36,P2
P21B0,Reductant Level Sensor C Circuit High,37,P2
P21B1,Reductant Level Sensor C Circuit Intermittent/Erratic,53,P2
P21B2,Excessive Time To Enter Closed Loop NOx Adsorber Control,56,P2
P21B3,Closed Loop NOx Adsorber Control At Limit - Too High,52,P2
P21B4,NOx Adsorber - Over Temperature Bank 1,38,P2
P21B5,NOx Adsorber - Over Temperature Bank 2,38,P2
P21B6,Cold Start Cylinder 1 Injection Timing,38,P2
P21B7,Cold Start Cylinder 2 Injection Timing,38,P2
P21B8,Cold Start Cylinder 3 Injection Timing,38,P2
P21B9,Cold Start Cylinder 4 Injection Timing,38,P2
P21BA,Cold Start Cylinder 5 Injection Timing,38,P2
P21BB,Cold Start Cylinder 6 Injection Timing,38,P2
P21BC,Cold Start Cylinder 7 Injection Timing,38,P2
P21BD,Cold Start Cylinder 8 Injection Timing,38,P2
P21BE,Cold Start Cylinder 9 Injection Timing,38,P2
P21BF,Cold Start Cylinder 10 Injection Timing,39,P2
P21C0,Cold Start Cylinder 11 Injection Timing,39,P2
P21C1,Cold Start Cylinder 12 Injection Timing,39,P2
P21C2,Reductant Heater Relay Control Circuit/Open,43,P2
P21C3,Reductant Heater Relay Control Circuit Low,42,P2
P21C4,Reductant Heater Relay Control Circuit High,43,P2
P21C5,Reductant Level Sensor A Stuck,30,P2
P21C6,Reductant Level Sensor B Stuck,30,P2
P21C7,Reductant Control Module Power Relay/Relays Control Circuit/Open,64,P2
P21C8,Reductant Control Module Power Relay/Relays Control Circuit Low,63,P2
P21C9,Reductant Control Module Power Relay/Relays Control Circuit High,64,P2
P21CA,Reductant Control Module Supply Voltage Circuit,47,P2
P21CB,Reductant Control Module Supply Voltage Low,43,P2
P21CC,Reductant Control Module Supply Voltage High,44,P2
P21CD,Reductant Quality Module Supply Voltage Low,43,P2
P21CE,Reductant Quality Module Performance,36,P2
P21CF,Cylinder 1 Injector B Circuit/Open,34,P2
P21D0,Cylinder 2 Injector B Circuit/Open,34,P2
P21D1,Cylinder 3 Injector B Circuit/Open,34,P2
P21D2,Cylinder 4 Injector B Circuit/Open,34,P2
P21D3,Cylinder 5 Injector B Circuit/Open,34,P2
P21D4,Cylinder 6 Injector B Circuit/Open,34,P2
P21D5,Cylinder 7 Injector B Circuit/Open,34,P2
P21D6,Cylinder 8 Injector B Circuit/Open,34,P2
P21D7,Cylinder 9 Injector B Circuit/Open,34,P2
P21D8,Cylinder 10 Injector B Circuit/Open,35,P2
P21D9,Cylinder 11 Injector B Circuit/Open,35,P2
P21DA,Cylinder 12 Injector B Circuit/Open,35,P2
P21DB,Cylinder 1 Injector B Circuit Low,33,P2
P21DC,Cylinder 1 Injector B Circuit High,34,P2
P21DD,Reductant Heater A Current Too Low,34,P2
P21DE,Cylinder 2 Injector B Circuit Low,33,P2
P21DF,Cylinder 2 Injector B Circuit High,34,P2
P21E0,Cylinder 3 Injector B Circuit Low,33,P2
P21E1,Cylinder 3 Injector B Circuit High,34,P2
P21E2,Cylinder 4 Injector B Circuit Low,33,P2
P21E3,Cylinder 4 Injector B Circuit High,34,P2
P21E4,Cylinder 5 Injector B Circuit Low,33,P2
P21E5,Cylinder 5 Injector B Circuit High,34,P2
P21E6,Cylinder 6 Injector B Circuit Low,33,P2
P21E7,Cylinder 6 Injector B Circuit High,34,P2
P21E8,Cylinder 7 Injector B Circuit Low,33,P2
P21E9,Cylinder 7 Injector B Circuit High,34,P2
P21EA,Cylinder 8 Injector B Circuit Low,33,P2
P21EB,Cylinder 8 Injector B Circuit High,34,P2
P21EC,Cylinder 9 Injector B Circuit Low,33,P2
P21ED,Cylinder 9 Injector B Circuit High,34,P2
P21EE,Cylinder 10 Injector B Circuit Low,34,P2
P21EF,Cylinder 10 Injector B Circuit High,35,P2
P21F0,Cylinder 11 Injector B Circuit Low,34,P2
P21F1,Cylinder 11 Injector B Circuit High,35,P2
P21F2,Cylinder 12 Injector B Circuit Low,34,P2
P21F3,Cylinder 12 Injector B Circuit High,35,P2
P21F4,Fuel Control System B Too Lean Off Idle Bank 1,46,P2
P21F5,Fuel Control System B Too Rich Off Idle Bank 1,46,P2
P21F6,Fuel Control System B Too Lean Off Idle Bank 2,46,P2
P21F7,Fuel Control System B Too Rich Off Idle Bank 2,46,P2
P21F8,Fuel Control System B Too Lean at Idle Bank 1,45,P2
P21F9,Fuel Control System B Too Rich at Idle Bank 1,45,P2
P21FA,Fuel Control System B Too Lean at Idle Bank 2,45,P2
P21FB,Fuel Control System B Too Rich at Idle Bank 2,45,P2
P21FC,Fuel Control System B Too Lean at Higher Load Bank 1,52,P2
P21FD,Fuel Control System B Too Rich at Higher Load Bank 1,52,P2
P21FE,Fuel Control System B Too Lean at Higher Load Bank 2,52,P2
P21FF,Fuel Control System B Too Rich at Higher Load Bank 2,52,P2
P2200,NOx Sensor Circuit Bank 1 Sensor 1,34,P2
P2201,NOx Sensor Circuit Range/Performance Bank 1 Sensor 1,52,P2
P2202,NOx Sensor Circuit Low Bank 1 Sensor 1,38,P2
P2203,NOx Sensor Circuit High Bank 1 Sensor 1,39,P2
P2204,NOx Sensor Circuit Intermittent Bank 1 Sensor 1,47,P2
P2205,NOx Sensor Heater Control Circuit/Open Bank 1 Sensor 1,54,P2
P2206,NOx Sensor Heater Control Circuit Low Bank 1 Sensor 1,53,P2
P2207,NOx Sensor Heater Control Circuit High Bank 1 Sensor 1,54,P2
P2208,NOx Sensor Heater Sense Circuit Bank 1 Sensor 1,47,P2
P2209,NOx Sensor Heater Sense Circuit Range/Performance Bank 1 Sensor 1,65,P2
P220A,NOx Sensor Supply Voltage Circuit Bank 1 Sensor 1,49,P2
P220B,NOx Sensor Supply Voltage Circuit Bank 1 Sensor 2,49,P2
P220C,NOx Sensor Supply Voltage Circuit Bank 2 Sensor 1,49,P2
P220D,NOx Sensor Supply Voltage Circuit Bank 2 Sensor 2,49,P2
P220E,NOx Sensor Heater Control Circuit Range/Performance Bank 1 Sensor 1,67,P2
P220F,NOx Sensor Heater Control Circuit Range/Performance Bank 1 Sensor 2,67,P2
P2210,NOx Sensor Heater Sense Circuit Low Bank 1 Sensor 1,51,P2
P2211,NOx Sensor Heater Sense Circuit High Bank 1 Sensor 1,52,P2
P2212,NOx Sensor Heater Sense Circuit Intermittent Bank 1 Sensor 1,60,P2
P2213,NOx Sensor Circuit Bank 2,25,P2
P2214,NOx Sensor Circuit Range/Performance Bank 2,43,P2
P2215,NOx Sensor Circuit Low Bank 2,29,P2
P2216,NOx Sensor Circuit High Bank 2,30,P2
P2217,NOx Sensor Circuit Intermittent Bank 2,38,P2
P2218,NOx Sensor Heater Control Circuit/Open Bank 2,45,P2
P2219,NOx Sensor Heater Control Circuit Low Bank 2,44,P2
P221A,NOx Sensor 1/2 Correlation Bank 1,33,P2
P221B,NOx Sensor 1/2 Correlation Bank 2,33,P2
P221C,Reductant Heater B Current Too Low,34,P2
P221D,Reductant Heater B Current Too High,35,P2
P221E,Reductant Heater C Current Too Low,34,P2
P221F,Reductant Heater C Current Too High,35,P2
P2220,NOx Sensor Heater Control Circuit High Bank 2,45,P2
P2221,NOx Sensor Heater Sense Circuit Bank 2,38,P2
P2222,NOx Sensor Heater Sense Circuit Range/Performance Bank 2,56,P2
P2223,NOx Sensor Heater Sense Circuit Low Bank 2,42,P2
P2224,NOx Sensor Heater Sense Circuit High Bank 2,43,P2
P2225,NOx Sensor Heater Sense Circuit Intermittent Bank 2,51,P2
P2226,Barometric Pressure Sensor A Circuit,36,P2
P2227,Barometric Pressure Sensor A Circuit Range/Performance,54,P2
P2228,Barometric Pressure Sensor A Circuit Low,40,P2
P2229,Barometric Pressure Sensor A Circuit High,41,P2
P222A,Barometric Pressure Sensor B Circuit,36,P2
P222B,Barometric Pressure Sensor B Circuit Range/Performance,54,P2
P222C,Barometric Pressure Sensor B Circuit Low,40,P2
P222D,Barometric Pressure Sensor B Circuit High,41,P2
P222E,Barometric Pressure Sensor B Circuit Intermittent/Erratic,57,P2
P222F,Barometric Pressure Sensor A/B Correlation,42,P2
P2230,Barometric Pressure Sensor A Circuit Intermittent/Erratic,57,P2
P2231,O2 Sensor Signal Circuit Shorted to Heater Circuit Bank 1 Sensor 1,66,P2
P2232,O2 Sensor Signal Circuit Shorted to Heater Circuit Bank 1 Sensor 2,66,P2
P2233,O2 Sensor Signal Circuit Shorted to Heater Circuit Bank 1 Sensor 3,66,P2
P2234,O2 Sensor Signal Circuit Shorted to Heater Circuit Bank 2 Sensor 1,66,P2
P2235,O2 Sensor Signal Circuit Shorted to Heater Circuit Bank 2 Sensor 2,66,P2
P2236,O2 Sensor Signal Circuit Shorted to Heater Circuit Bank 2 Sensor 3,66,P2
P2237,O2 Sensor Positive Current Control Circuit/Open Bank 1 Sensor 1,63,P2
P2238,O2 Sensor Positive Current Control Circuit Low Bank 1 Sensor 1,62,P2
P2239,O2 Sensor Positive Current Control Circuit High Bank 1 Sensor 1,63,P2
P223A,Reductant Heater E Control Circuit,34,P2
P223B,Reductant Heater F Control Circuit,34,P2
P223C,O2 Sensor Pumping Current Range/Performance Bank 1,50,P2
P223D,O2 Sensor Pumping Current Range/Performance Bank 2,50,P2
P223E,O2 Sensor Reference Resistance Out Of Range Bank 1,50,P2
P223F,O2 Sensor Reference Resistance Out Of Range Bank 2,50,P2
P2240,O2 Sensor Positive Current Control Circuit/Open Bank 2 Sensor 1,63,P2
P2241,O2 Sensor Positive Current Control Circuit Low Bank 2 Sensor 1,62,P2
P2242,O2 Sensor Positive Current Control Circuit High Bank 2 Sensor 1,63,P2
P2243,O2 Sensor Reference Voltage Circuit/Open Bank 1 Sensor 1,56,P2
P2244,O2 Sensor Reference Voltage Performance Bank 1 Sensor 1,55,P2
P2245,O2 Sensor Reference Voltage Circuit Low Bank 1 Sensor 1,55,P2
P2246,O2 Sensor Reference Voltage Circuit High Bank 1 Sensor 1,56,P2
P2247,O2 Sensor Reference Voltage Circuit/Open Bank 2 Sensor 1,56,P2
P2248,O2 Sensor Reference Voltage Performance Bank 2 Sensor 1,55,P2
P2249,O2 Sensor Reference Voltage Circuit Low Bank 2 Sensor 1,55,P2
P224A,NOx Sensor Heater Resistance Bank 1 Sensor 1,44,P2
P224B,NOx Sensor Heater Resistance Bank 1 Sensor 2,44,P2
P224C,Alternative Fuel Tank Shutoff Valve A Control Circuit/Open,58,P2
P224D,Alternative Fuel Tank Shutoff Valve A Control Circuit Performance/Stuck Off,75,P2
P224E,Alternative Fuel Tank Shutoff Valve A Control Circuit Low,57,P2
P224F,Alternative Fuel Tank Shutoff Valve A Control Circuit High,58,P2
P2250,O2 Sensor Reference Voltage Circuit High Bank 2 Sensor 1,56,P2
P2251,O2 Sensor Negative Current Control Circuit/Open Bank 1 Sensor 1,63,P2
P2252,O2 Sensor Negative Current Control Circuit Low Bank 1 Sensor 1,62,P2
P2253,O2 Sensor Negative Current Control Circuit High Bank 1 Sensor 1,63,P2
P2254,O2 Sensor Negative Current Control Circuit/Open Bank 2 Sensor 1,63,P2
P2255,O2 Sensor Negative Current Control Circuit Low Bank 2 Sensor 1,62,P2
P2256,O2 Sensor Negative Current Control Circuit High Bank 2 Sensor 1,63,P2
P2257,AIR System Control A Circuit Low,32,P2
P2258,AIR System Control A Circuit High,33,P2
P2259,AIR System Control B Circuit Low,32,P2
P225A,NOx Sensor Calibration Memory Bank 1 Sensor 1,45,P2
P225B,NOx Sensor Calibration Memory Bank 1 Sensor 2,45,P2
P225C,NOx Sensor Performance - Signal Biased/Stuck High Bank 1 Sensor 1,65,P2
P225D,NOx Sensor Performance - Signal Biased/Stuck Low Bank 1 Sensor 1,64,P2
P225E,NOx Sensor Performance - Signal Biased/Stuck High Bank 1 Sensor 2,65,P2
P225F,NOx Sensor Performance - Signal Biased/Stuck Low Bank 1 Sensor 2,64,P2
P2260,AIR System Control B Circuit High,33,P2
P2261,Turbocharger/Supercharger Bypass Valve A - Mechanical,53,P2
P2262,Turbocharger/Supercharger Boost Pressure A Not Detected - Mechanical,68,P2
P2263,Turbocharger/Supercharger A Boost System Performance,52,P2
P2264,Water in Fuel Sensor A Circuit,30,P2
P2265,Water in Fuel Sensor A Circuit Range/Performance,48,P2
P2266,Water in Fuel Sensor A Circuit Low,34,P2
P2267,Water in Fuel Sensor A Circuit High,35,P2
P2268,Water in Fuel Sensor A Circuit Intermittent,43,P2
P2269,Water in Fuel Condition - Sensor A,34,P2
P226A,Water in Fuel Lamp Control Circuit,34,P2
P226B,Turbocharger/Supercharger A Boost Pressure Too High - Mechanical,64,P2
P226C,Turbocharger Boost Control A Slow Response,42,P2
P226D,Particulate Filter Deteriorated/Missing Substrate Bank 1,56,P2
P226E,Particulate Filter Deteriorated/Missing Substrate Bank 2,56,P2
P226F,Turbocharger Boost Control B Slow Response,42,P2
P2270,O2 Sensor Signal Biased/Stuck Lean Bank 1 Sensor 2,50,P2
P2271,O2 Sensor Signal Biased/Stuck Rich Bank 1 Sensor 2,50,P2
P2272,O2 Sensor Signal Biased/Stuck Lean Bank 2 Sensor 2,50,P2
P2273,O2 Sensor Signal Biased/Stuck Rich Bank 2 Sensor 2,50,P2
P2274,O2 Sensor Signal Biased/Stuck Lean Bank 1 Sensor 3,50,P2
P2275,O2 Sensor Signal Biased/Stuck Rich Bank 1 Sensor 3,50,P2
P2276,O2 Sensor Signal Biased/Stuck Lean Bank 2 Sensor 3,50,P2
P2277,O2 Sensor Signal Biased/Stuck Rich Bank 2 Sensor 3,50,P2
P2278,O2 Sensor Signals Swapped Bank 1 Sensor 3/Bank 2 Sensor 3,57,P2
P2279,Intake Air System Leak Bank 1,29,P2
P227A,Barometric Pressure Sensor C Circuit,36,P2
P227B,Barometric Pressure Sensor C Circuit Range/Performance,54,P2
P227C,Barometric Pressure Sensor C Circuit Low,40,P2
P227D,Barometric Pressure Sensor C Circuit High,41,P2
P227E,Barometric Pressure Sensor C Circuit Intermittent/Erratic,57,P2
P227F,Air Flow Restriction/Air Leak Between Air Filter and MAF Bank 2,63,P2
P2280,Air Flow Restriction/Air Leak Between Air Filter and MAF Bank 1,63,P2
P2281,Air Leak Between MAF and Throttle Body,38,P2
P2282,Air Leak Between Throttle Body and Intake Valves,48,P2
P2283,Injector Control Pressure Sensor Circuit,40,P2
P2284,Injector Control Pressure Sensor Circuit Range/Performance,58,P2
P2285,Injector Control Pressure Sensor Circuit Low,44,P2
P2286,Injector Control Pressure Sensor Circuit High,45,P2
P2287,Injector Control Pressure Sensor Circuit Intermittent,53,P2
P2288,Injector Control Pressure Too High,34,P2
P2289,Injector Control Pressure Too High - Engine Off,47,P2
P228A,Fuel Pressure Regulator A - Forced Engine Shutdown,50,P2
P228B,Fuel Pressure Regulator B - Forced Engine Shutdown,50,P2
P228C,Fuel Pressure Regulator A Exceeded Control Limits - Pressure Too Low,68,P2
P228D,Fuel Pressure Regulator A Exceeded Control Limits - Pressure Too High,69,P2
P228E,Fuel Pressure Regulator A Exceeded Learning Limits - Too Low,60,P2
P228F,Fuel Pressure Regulator A Exceeded Learning Limits - Too High,61,P2
P2290,Injector Control Pressure Too Low,33,P2
P2291,Injector Control Pressure Too Low - Engine Cranking,51,P2
P2292,Injector Control Pressure Erratic,33,P2
P2293,Fuel Pressure Regulator B Performance,37,P2
P2294,Fuel Pressure Regulator B Control Circuit/Open,46,P2
P2295,Fuel Pressure Regulator B Control Circuit Low,45,P2
P2296,Fuel Pressure Regulator B Control Circuit High,46,P2
P2297,O2 Sensor Out of Range During Deceleration Bank 1 Sensor 1,58,P2
P2298,O2 Sensor Out of Range During Deceleration Bank 2 Sensor 1,58,P2
P2299,Brake Pedal Position/Accelerator Pedal Position Incompatible,60,P2
P229A,Fuel Pressure Regulator B Exceeded Control Limits - Pressure Too Low,68,P2
P229B,Fuel Pressure Regulator B Exceeded Control Limits - Pressure Too High,69,P2
P229C,Fuel Pressure Regulator B Exceeded Learning Limits - Too Low,60,P2
P229D,Fuel Pressure Regulator B Exceeded Learning Limits - Too High,61,P2
P229E,NOx Sensor Circuit Bank 1 Sensor 2,34,P2
P229F,NOx Sensor Circuit Range/Performance Bank 1 Sensor 2,52,P2
P22A0,NOx Sensor Circuit Low Bank 1 Sensor 2,38,P2
P22A1,NOx Sensor Circuit High Bank 1 Sensor 2,39,P2
P22A2,NOx Sensor Circuit Intermittent Bank 1 Sensor 2,47,P2
P22A3,NOx Sensor Heater Control Circuit/Open Bank 1 Sensor 2,54,P2
P22A4,NOx Sensor Heater Control Circuit Low Bank 1 Sensor 2,53,P2
P22A5,NOx Sensor Heater Control Circuit High Bank 1 Sensor 2,54,P2
P22A6,NOx Sensor Heater Sense Circuit Bank 1 Sensor 2,47,P2
P22A7,NOx Sensor Heater Sense Circuit Range/Performance Bank 1 Sensor 2,65,P2
P22A8,NOx Sensor Heater Sense Circuit Low Bank 1 Sensor 2,51,P2
P22A9,NOx Sensor Heater Sense Circuit High Bank 1 Sensor 2,52,P2
P22AA,NOx Sensor Heater Sense Circuit Intermittent Bank 1 Sensor 2,60,P2
P22AB,O2 Sensor Positive Current Control Circuit/Open Bank 1 Sensor 2,63,P2
P22AC,O2 Sensor Positive Current Control Circuit Low Bank 1 Sensor 2,62,P2
P22AD,O2 Sensor Positive Current Control Circuit High Bank 1 Sensor 2,63,P2
P22AE,O2 Sensor Reference Voltage Circuit/Open Bank 1 Sensor 2,56,P2
P22AF,O2 Sensor Reference Voltage Performance Bank 1 Sensor 2,55,P2
P22B0,O2 Sensor Reference Voltage Circuit Low Bank 1 Sensor 2,55,P2
P22B1,O2 Sensor Reference Voltage Circuit High Bank 1 Sensor 2,56,P2
P22B2,O2 Sensor Negative Current Control Circuit/Open Bank 1 Sensor 2,63,P2
P22B3,O2 Sensor Negative Current Control Circuit Low Bank 1 Sensor 2,62,P2
P22B4,O2 Sensor Negative Current Control Circuit High Bank 1 Sensor 2,63,P2
P22B5,O2 Sensor Pumping Current Trim Circuit/Open Bank 1 Sensor 2,59,P2
P22B6,O2 Sensor Pumping Current Trim Circuit Low Bank 1 Sensor 2,58,P2
P22B7,O2 Sensor Pumping Current Trim Circuit High Bank 1 Sensor 2,59,P2
P22B8,O2 Sensor Positive Current Control Circuit/Open Bank 2 Sensor 2,63,P2
P22B9,O2 Sensor Positive Current Control Circuit Low Bank 2 Sensor 2,62,P2
P22BA,O2 Sensor Positive Current Control Circuit High Bank 2 Sensor 2,63,P2
P22BB,O2 Sensor Reference Voltage Circuit/Open Bank 2 Sensor 2,56,P2
P22BC,O2 Sensor Reference Voltage Performance Bank 2 Sensor 2,55,P2
P22BD,O2 Sensor Reference Voltage Circuit Low Bank 2 Sensor 2,55,P2
P22BE,O2 Sensor Reference Voltage Circuit High Bank 2 Sensor 2,56,P2
P22BF,O2 Sensor Negative Current Control Circuit/Open Bank 2 Sensor 2,63,P2
P22C0,O2 Sensor Negative Current Control Circuit Low Bank 2 Sensor 2,62,P2
P22C1,O2 Sensor Negative Current Control Circuit High Bank 2 Sensor 2,63,P2
P22C2,O2 Sensor Pumping Current Trim Circuit/Open Bank 2 Sensor 2,59,P2
P22C3,O2 Sensor Pumping Current Trim Circuit Low Bank 2 Sensor 2,58,P2
P22C4,O2 Sensor Pumping Current Trim Circuit High Bank 2 Sensor 2,59,P2
P22C5,Turbocharger Compressor Outlet Valve Control Circuit/Open,57,P2
P22C6,Turbocharger Compressor Outlet Valve Control Circuit Low,56,P2
P22C7,Turbocharger Compressor Outlet Valve Control Circuit High,57,P2
P22C8,Turbocharger Compressor Outlet Valve Stuck Open,47,P2
P22C9,Turbocharger Compressor Outlet Valve Stuck Closed,49,P2
P22CA,Turbocharger Compressor Outlet Switching Valve Control Circuit/Open,67,P2
P22CB,Turbocharger Compressor Outlet Switching Valve Control Circuit Low,66,P2
P22CC,Turbocharger Compressor Outlet Switching Valve Control Circuit High,67,P2
P22CD,Turbocharger Compressor Outlet Switching Valve Stuck Open,57,P2
P22CE,Turbocharger Compressor Outlet Switching Valve Stuck Closed,59,P2
P22CF,Turbocharger Turbine Inlet Valve Control Circuit/Open,53,P2
P22D0,Turbocharger Turbine Inlet Valve Control Circuit Low,52,P2
P22D1,Turbocharger Turbine Inlet Valve Control Circuit High,53,P2
P22D2,Turbocharger Turbine Inlet Valve Stuck Open,43,P2
P22D3,Turbocharger Turbine Inlet Valve Stuck Closed,45,P2
P22D4,Turbocharger Turbine Inlet Valve Position Sensor Circuit,56,P2
P22D5,Turbocharger Turbine Inlet Valve Position Sensor Circuit Range/Performance,74,P2
P22D6,Turbocharger Turbine Inlet Valve Position Sensor Circuit Low,60,P2
P22D7,Turbocharger Turbine Inlet Valve Position Sensor Circuit High,61,P2
P22D8,Turbocharger Turbine Inlet Valve Position Sensor Circuit Intermittent/Erratic,77,P2
P22D9,Cylinder 1 Alternative Fuel Injector Control Circuit/Open,57,P2
P22DA,Cylinder 1 Alternative Fuel Injector Control Circuit Low,56,P2
P22DB,Cylinder 1 Alternative Fuel Injector Control Circuit High,57,P2
P22DC,Cylinder 1 Alternative Fuel Injector Control Circuit Range/Performance,70,P2
P22DD,Cylinder 2 Alternative Fuel Injector Control Circuit/Open,57,P2
P22DE,Cylinder 2 Alternative Fuel Injector Control Circuit Low,56,P2
P22DF,Cylinder 2 Alternative Fuel Injector Control Circuit High,57,P2
P22E0,Cylinder 2 Alternative Fuel Injector Control Circuit Range/Performance,70,P2
P22E1,Cylinder 3 Alternative Fuel Injector Control Circuit/Open,57,P2
P22E2,Cylinder 3 Alternative Fuel Injector Control Circuit Low,56,P2
P22E3,Cylinder 3 Alternative Fuel Injector Control Circuit High,57,P2
P22E4,Cylinder 3 Alternative Fuel Injector Control Circuit Range/Performance,70,P2
P22E5,Cylinder 4 Alternative Fuel Injector Control Circuit/Open,57,P2
P22E6,Cylinder 4 Alternative Fuel Injector Control Circuit Low,56,P2
P22E7,Cylinder 4 Alternative Fuel Injector Control Circuit High,57,P2
P22E8,Cylinder 4 Alternative Fuel Injector Control Circuit Range/Performance,70,P2
P22E9,Cylinder 5 Alternative Fuel Injector Control Circuit/Open,57,P2
P22EA,Cylinder 5 Alternative Fuel Injector Control Circuit Low,56,P2
P22EB,Cylinder 5 Alternative Fuel Injector Control Circuit High,57,P2
P22EC,Cylinder 5 Alternative Fuel Injector Control Circuit Range/Performance,70,P2
P22ED,Cylinder 6 Alternative Fuel Injector Control Circuit/Open,57,P2
P22EE,Cylinder 6 Alternative Fuel Injector Control Circuit Low,56,P2
P22EF,Cylinder 6 Alternative Fuel Injector Control Circuit High,57,P2
P22F0,Cylinder 6 Alternative Fuel Injector Control Circuit Range/Performance,70,P2
P22F1,Cylinder 7 Alternative Fuel Injector Control Circuit/Open,57,P2
P22F2,Cylinder 7 Alternative Fuel Injector Control Circuit Low,56,P2
P22F3,Cylinder 7 Alternative Fuel Injector Control Circuit High,57,P2
P22F4,Cylinder 7 Alternative Fuel Injector Control Circuit Range/Performance,70,P2
P22F5,Cylinder 8 Alternative Fuel Injector Control Circuit/Open,57,P2
P22F6,Cylinder 8 Alternative Fuel Injector Control Circuit Low,56,P2
P22F7,Cylinder 8 Alternative Fuel Injector Control Circuit High,57,P2
P22F8,Cylinder 8 Alternative Fuel Injector Control Circuit Range/Performance,70,P2
P22F9,NOx Sensor Performance - Slow Response Low to High Bank 1 Sensor 1,66,P2
P22FA,NOx Sensor Performance - Slow Response High to Low Bank 1 Sensor 1,66,P2
P22FB,NOx Sensor Performance - Sensing Element Bank 1 Sensor 1,56,P2
P22FC,NOx Sensor Performance - Slow Response Low to High Bank 1 Sensor 2,66,P2
P22FD,NOx Sensor Performance - Slow Response High to Low Bank 1 Sensor 2,66,P2
P22FE,NOx Sensor Performance - Sensing Element Bank 1 Sensor 2,56,P2
P22FF,SCR NOx Catalyst Inlet Temperature Too Low,42,P2
P2300,Ignition Coil A Primary Control Circuit Low,43,P2
P2301,Ignition Coil A Primary Control Circuit High,44,P2
P2302,Ignition Coil A Secondary Circuit,33,P2
P2303,Ignition Coil B Primary Control Circuit Low,43,P2
P2304,Ignition Coil B Primary Control Circuit High,44,P2
P2305,Ignition Coil B Secondary Circuit,33,P2
P2306,Ignition Coil C Primary Control Circuit Low,43,P2
P2307,Ignition Coil C Primary Control Circuit High,44,P2
P2308,Ignition Coil C Secondary Circuit,33,P2
P2309,Ignition Coil D Primary Control Circuit Low,43,P2
P230A,Cylinder 1 Air-Fuel Ratio Imbalance - Adjustment At Limit During Balance,72,P2
P230B,Cylinder 2 Air-Fuel Ratio Imbalance - Adjustment At Limit During Balance,72,P2
P230C,Cylinder 3 Air-Fuel Ratio Imbalance - Adjustment At Limit During Balance,72,P2
P230D,Cylinder 4 Air-Fuel Ratio Imbalance - Adjustment At Limit During Balance,72,P2
P230E,Cylinder 5 Air-Fuel Ratio Imbalance - Adjustment At Limit During Balance,72,P2
P230F,Cylinder 6 Air-Fuel Ratio Imbalance - Adjustment At Limit During Balance,72,P2
P2310,Ignition Coil D Primary Control Circuit High,44,P2
P2311,Ignition Coil D Secondary Circuit,33,P2
P2312,Ignition Coil E Primary Control Circuit Low,43,P2
P2313,Ignition Coil E Primary Control Circuit High,44,P2
P2314,Ignition Coil E Secondary Circuit,33,P2
P2315,Ignition Coil F Primary Control Circuit Low,43,P2
P2316,Ignition Coil F Primary Control Circuit High,44,P2
P2317,Ignition Coil F Secondary Circuit,33,P2
P2318,Ignition Coil G Primary Control Circuit Low,43,P2
P2319,Ignition Coil G Primary Control Circuit High,44,P2
P231A,Cylinder 7 Air-Fuel Ratio Imbalance - Adjustment At Limit During Balance,72,P2
P231B,Cylinder 8 Air-Fuel Ratio Imbalance - Adjustment At Limit During Balance,72,P2
P231C,Cylinder 9 Air-Fuel Ratio Imbalance - Adjustment At Limit During Balance,72,P2
P231D,Cylinder 10 Air-Fuel Ratio Imbalance - Adjustment At Limit During Balance,73,P2
P231E,Cylinder 11 Air-Fuel Ratio Imbalance - Adjustment At Limit During Balance,73,P2
P231F,Cylinder 12 Air-Fuel Ratio Imbalance - Adjustment At Limit During Balance,73,P2
P2320,Ignition Coil G Secondary Circuit,33,P2
P2321,Ignition Coil H Primary Control Circuit Low,43,P2
P2322,Ignition Coil H Primary Control Circuit High,44,P2
P2323,Ignition Coil H Secondary Circuit,33,P2
P2324,Ignition Coil I Primary Control Circuit Low,43,P2
P2325,Ignition Coil I Primary Control Circuit High,44,P2
P2326,Ignition Coil I Secondary Circuit,33,P2
P2327,Ignition Coil J Primary Control Circuit Low,43,P2
P2328,Ignition Coil J Primary Control Circuit High,44,P2
P2329,Ignition Coil J Secondary Circuit,33,P2
P232A,TCM Request - Forced Engine Shutdown,36,P2
P232B,Cylinder 11 Fuel Injector A Offset Learning At Min Limit,56,P2
P232C,Cylinder 11 Fuel Injector A Offset Learning At Max Limit,56,P2
P232D,Cylinder 12 Fuel Injector A Offset Learning At Min Limit,56,P2
P232E,Cylinder 12 Fuel Injector A Offset Learning At Max Limit,56,P2
P232F,O2 Sensor Out of Range During Deceleration Bank 1 Sensor 2,58,P2
P2330,Ignition Coil K Primary Control Circuit Low,43,P2
P2331,Ignition Coil K Primary Control Circuit High,44,P2
P2332,Ignition Coil K Secondary Circuit,33,P2
P2333,Ignition Coil L Primary Control Circuit Low,43,P2
P2334,Ignition Coil L Primary Control Circuit High,44,P2
P2335,Ignition Coil L Secondary Circuit,33,P2
P2336,Cylinder 1 Above Knock/Combustion Vibration Sensor Threshold,60,P2
P2337,Cylinder 2 Above Knock/Combustion Vibration Sensor Threshold,60,P2
P2338,Cylinder 3 Above Knock/Combustion Vibration Sensor Threshold,60,P2
P2339,Cylinder 4 Above Knock/Combustion Vibration Sensor Threshold,60,P2
P233A,Fuel Pressure Regulator C Control Circuit/Open,46,P2
P233B,Fuel Pressure Regulator C Control Circuit Low,45,P2
P233C,Fuel Pressure Regulator C Control Circuit High,46,P2
P233D,Fuel Pressure Regulator B Solenoid Supply Voltage Control Circuit/Open,70,P2
P233E,Fuel Pressure Regulator B Solenoid Supply Voltage Control Circuit Low,69,P2
P233F,Fuel Pressure Regulator B Solenoid Supply Voltage Control Circuit High,70,P2
P2340,Cylinder 5 Above Knock/Combustion Vibration Sensor Threshold,60,P2
P2341,Cylinder 6 Above Knock/Combustion Vibration Sensor Threshold,60,P2
P2342,Cylinder 7 Above Knock/Combustion Vibration Sensor Threshold,60,P2
P2343,Cylinder 8 Above Knock/Combustion Vibration Sensor Threshold,60,P2
P2344,Cylinder 9 Above Knock/Combustion Vibration Sensor Threshold,60,P2
P2345,Cylinder 10 Above Knock/Combustion Vibration Sensor Threshold,61,P2
P2346,Cylinder 11 Above Knock/Combustion Vibration Sensor Threshold,61,P2
P2347,Cylinder 12 Above Knock/Combustion Vibration Sensor Threshold,61,P2
P2348,Cylinder 9 Pressure Sensor Circuit,34,P2
P2349,Cylinder 9 Pressure Sensor Circuit Range/Performance,52,P2
P234A,Cylinder 9 Pressure Sensor Circuit Low,38,P2
P234B,Cylinder 9 Pressure Sensor Circuit High,39,P2
P234C,Cylinder 9 Pressure Sensor Circuit Intermittent/Erratic,55,P2
P234D,Cylinder 9 Pressure Too Low,27,P2
P234E,Cylinder 9 Pressure Too High,28,P2
P234F,Cylinder 9 Pressure Variation Low,33,P2
P2350,Cylinder 9 Pressure Variation High,34,P2
P2351,Cylinder 9 Combustion Performance,33,P2
P2352,Cylinder 10 Pressure Sensor Circuit,35,P2
P2353,Cylinder 10 Pressure Sensor Circuit Range/Performance,53,P2
P2354,Cylinder 10 Pressure Sensor Circuit Low,39,P2
P2355,Cylinder 10 Pressure Sensor Circuit High,40,P2
P2356,Cylinder 10 Pressure Sensor Circuit Intermittent/Erratic,56,P2
P2357,Cylinder 10 Pressure Too Low,28,P2
P2358,Cylinder 10 Pressure Too High,29,P2
P2359,Cylinder 10 Pressure Variation Low,34,P2
P235A,Cylinder 10 Pressure Variation High,35,P2
P235B,Cylinder 10 Combustion Performance,34,P2
P235C,Cylinder 11 Pressure Sensor Circuit,35,P2
P235D,Cylinder 11 Pressure Sensor Circuit Range/Performance,53,P2
P235E,Cylinder 11 Pressure Sensor Circuit Low,39,P2
P235F,Cylinder 11 Pressure Sensor Circuit High,40,P2
P2360,Cylinder 11 Pressure Sensor Circuit Intermittent/Erratic,56,P2
P2361,Cylinder 11 Pressure Too Low,28,P2
P2362,Cylinder 11 Pressure Too High,29,P2
P2363,Cylinder 11 Pressure Variation Low,34,P2
P2364,Cylinder 11 Pressure Variation High,35,P2
P2365,Cylinder 11 Combustion Performance,34,P2
P2366,Cylinder 12 Pressure Sensor Circuit,35,P2
P2367,Cylinder 12 Pressure Sensor Circuit Range/Performance,53,P2
P2368,Cylinder 12 Pressure Sensor Circuit Low,39,P2
P2369,Cylinder 12 Pressure Sensor Circuit High,40,P2
P236A,Cylinder 12 Pressure Sensor Circuit Intermittent/Erratic,56,P2
P236B,Cylinder 12 Pressure Too Low,28,P2
P236C,Cylinder 12 Pressure Too High,29,P2
P236D,Cylinder 12 Pressure Variation Low,34,P2
P236E,Cylinder 12 Pressure Variation High,35,P2
P236F,Cylinder 12 Combustion Performance,34,P2
P2370,Fuel Volume Regulator B Control Circuit/Open,44,P2
P2371,Fuel Volume Regulator B Control Circuit Performance,51,P2
P2372,Fuel Volume Regulator B Control Circuit Low,43,P2
P2373,Fuel Volume Regulator B Control Circuit High,44,P2
P2374,Turbocharger/Supercharger Inlet Pressure Sensor B Circuit,57,P2
P2375,Turbocharger/Supercharger Inlet Pressure Sensor B Circuit Range/Performance,75,P2
P2376,Turbocharger/Supercharger Inlet Pressure Sensor B Circuit Low,61,P2
P2377,Turbocharger/Supercharger Inlet Pressure Sensor B Circuit High,62,P2
P2378,Turbocharger/Supercharger Inlet Pressure Sensor B Circuit Intermittent/Erratic,78,P2
P2379,O2 Sensor Out of Range During Deceleration Bank 2 Sensor 2,58,P2
P237A,O2 Sensor Exhaust Sample Error Bank 1 Sensor 2,46,P2
P237B,O2 Sensor Exhaust Sample Error Bank 2 Sensor 2,46,P2
P237C,Exhaust Heat Exchanger Exhaust Bypass Valve A Control Circuit/Open,66,P2
P237D,Exhaust Heat Exchanger Exhaust Bypass Valve A Control Circuit Low,65,P2
P237E,Exhaust Heat Exchanger Exhaust Bypass Valve A Control Circuit High,66,P2
P237F,Exhaust Heat Exchanger Exhaust Bypass Valve A Control Performance,65,P2
P2380,EGR Sensor D Circuit,20,P2
P2381,EGR Sensor D Circuit High,25,P2
P2382,EGR Sensor D Circuit Low,24,P2
P2383,EGR Sensor D Circuit Range/Performance,38,P2
P2384,EGR Sensor D Circuit Intermittent,33,P2
P2385,EGR Sensor E Circuit,20,P2
P2386,EGR Sensor E Circuit High,25,P2
P2387,EGR Sensor E Circuit Low,24,P2
P2388,EGR Sensor E Circuit Range/Performance,38,P2
P2389,EGR Sensor E Circuit Intermittent,33,P2
P238A,Water in Fuel Sensor B Circuit,30,P2
P238B,Water in Fuel Sensor B Circuit Range/Performance,48,P2
P238C,Water in Fuel Sensor B Circuit Low,34,P2
P238D,Water in Fuel Sensor B Circuit High,35,P2
P238E,Water in Fuel Sensor B Circuit Intermittent,43,P2
P238F,Water in Fuel Condition - Sensor B,34,P2
P2390,Diesel Intake Air Flow B Control Circuit/Open,45,P2
P2391,Diesel Intake Air Flow B Control Performance,44,P2
P2392,Diesel Intake Air Flow B Control Circuit Low,44,P2
P2393,Diesel Intake Air Flow B Control Circuit High,45,P2
P2394,Diesel Intake Air Flow B Control Stuck Open,43,P2
P2395,Diesel Intake Air Flow B Control Stuck Closed,45,P2
P2396,Diesel Intake Air Flow B Position Sensor Circuit,48,P2
P2397,Diesel Intake Air Flow B Position Sensor Range/Performance,58,P2
P2398,Diesel Intake Air Flow B Position Sensor Circuit Low,52,P2
P2399,Diesel Intake Air Flow B Position Sensor Circuit High,53,P2
P239A,Diesel Intake Air Flow B Position Sensor Circuit Intermittent/Erratic,69,P2
P239B,Diesel Intake Air Flow B Control Motor Current Range/Performance,64,P2
P239C,Diesel Intake Air Flow B Control System - High Air Flow Detected,64,P2
P239D,Diesel Intake Air Flow B Control System - Low Air Flow Detected,63,P2
P239E,O2 Sensor Out of Range During Deceleration Bank 1 Sensor 2,58,P2
P239F,O2 Sensor Out of Range During Deceleration Bank 2 Sensor 2,58,P2
P23A0,O2 Sensor Exhaust Sample Error Bank 1 Sensor 2,46,P2
P23A1,O2 Sensor Exhaust Sample Error Bank 2 Sensor 2,46,P2
P23A2,Exhaust Heat Exchanger Exhaust Bypass Valve B Control Circuit/Open,66,P2
P23A3,Exhaust Heat Exchanger Exhaust Bypass Valve B Control Circuit Low,65,P2
P23A4,Exhaust Heat Exchanger Exhaust Bypass Valve B Control Circuit High,66,P2
P23A5,Exhaust Heat Exchanger Exhaust Bypass Valve B Control Performance,65,P2
P23A6,Exhaust Heat Exchanger Exhaust Bypass Valve B Stuck Open,56,P2
P23A7,Exhaust Heat Exchanger Exhaust Bypass Valve B Stuck Closed,58,P2
P23A8,Exhaust Heat Exchanger Exhaust Bypass Valve B Position Sensor Stop Performance,78,P2
P23A9,Communication Fault – Forced Engine Shutdown,44,P2
P23AA,Turbocharger/Supercharger Bypass Valve A Stuck,46,P2
P23AB,NOx Sensor Processor Performance Bank 1 Sensor 3,48,P2
P23AC,NOx Sensor Circuit Bank 1 Sensor 3,34,P2
P23AD,NOx Sensor Circuit Range/Performance Bank 1 Sensor 3,52,P2
P23AE,NOx Sensor Circuit Low Bank 1 Sensor 3,38,P2
P23AF,NOx Sensor Circuit High Bank 1 Sensor 3,39,P2
P23B0,NOx Sensor Circuit Intermittent Bank 1 Sensor 3,47,P2
P23B1,NOx Sensor Heater Control Circuit/Open Bank 1 Sensor 3,54,P2
P23B2,NOx Sensor Heater Control Circuit Low Bank 1 Sensor 3,53,P2
P23B3,NOx Sensor Heater Control Circuit High Bank 1 Sensor 3,54,P2
P23B4,NOx Sensor Heater Sense Circuit Bank 1 Sensor 3,47,P2
P23B5,NOx Sensor Heater Sense Circuit Range/Performance Bank 1 Sensor 3,65,P2
P23B6,NOx Sensor Supply Voltage Circuit Bank 1 Sensor 3,49,P2
P23B7,NOx Sensor Heater Control Circuit Range/Performance Bank 1 Sensor 3,67,P2
P23B8,NOx Sensor Heater Sense Circuit Low Bank 1 Sensor 3,51,P2
P23B9,NOx Sensor Heater Sense Circuit High Bank 1 Sensor 3,52,P2
P23BA,NOx Sensor Heater Sense Circuit Intermittent Bank 1 Sensor 3,60,P2
P23BB,NOx Sensor Heater Resistance Bank 1 Sensor 3,44,P2
P23BC,NOx Sensor Calibration Memory Bank 1 Sensor 3,45,P2
P23BD,NOx Sensor Performance - Signal Biased/Stuck High Bank 1 Sensor 3,65,P2
P23BE,NOx Sensor Performance - Signal Biased/Stuck Low Bank 1 Sensor 3,64,P2
P23BF,NOx Sensor Performance - Slow Response Low to High Bank 1 Sensor 3,66,P2
P23C0,NOx Sensor Performance - Slow Response High to Low Bank 1 Sensor 3,66,P2
P23C1,NOx Sensor Performance - Sensing Element Bank 1 Sensor 3,56,P2
P23C2,NOx Sensor Delayed Response - High to Low Bank 1 Sensor 3,57,P2
P23C3,Engine Coolant Bypass Valve C Position Sensor Circuit,53,P2
P23C4,Engine Coolant Bypass Valve C Position Sensor Circuit Low,57,P2
P23C5,Engine Coolant Bypass Valve C Position Sensor Circuit High,58,P2
P23C6,Engine Coolant Bypass Valve C Control Circuit Driver Current/Temperature Too High,81,P2
P23C7,Fuel Heater Control Module Power Control Circuit/Open,53,P2
P23C8,Fuel Heater Control Module Power Control Circuit Low,52,P2
P23C9,Fuel Heater Control Module Power Control Circuit High,53,P2
P23CA,Fuel Rail Heater Control Circuit/Open,37,P2
P23CB,Fuel Rail Heater Control Circuit Low,36,P2
P23CC,Fuel Rail Heater Control Circuit High,37,P2
P23CD,Fuel Heater Control Module Feedback Signal/Open,47,P2
P23CE,Fuel Heater Control Module Feedback Signal Performance,54,P2
P23CF,Fuel Heater Control Module Feedback Signal Circuit Low,54,P2
P23D0,Fuel Heater Control Module Feedback Signal Circuit High,55,P2
P23D1,Cylinder 1 Fuel Heater Control Circuit/Open,43,P2
P23D2,Cylinder 1 Fuel Heater Control Circuit High,43,P2
P23D3,Cylinder 1 Fuel Heater Control Circuit Low,42,P2
P23D4,Cylinder 1 Fuel Heater Performance,34,P2
P23D5,Cylinder 2 Fuel Heater Control Circuit/Open,43,P2
P23D6,Cylinder 2 Fuel Heater Control Circuit High,43,P2
P23D7,Cylinder 2 Fuel Heater Control Circuit Low,42,P2
P23D8,Cylinder 2 Fuel Heater Performance,34,P2
P23D9,Cylinder 3 Fuel Heater Control Circuit/Open,43,P2
P23DA,Cylinder 3 Fuel Heater Control Circuit High,43,P2
P23DB,Cylinder 3 Fuel Heater Control Circuit Low,42,P2
P23DC,Cylinder 3 Fuel Heater Performance,34,P2
P23DD,Cylinder 4 Fuel Heater Control Circuit/Open,43,P2
P23DE,Cylinder 4 Fuel Heater Control Circuit High,43,P2
P23DF,Cylinder 4 Fuel Heater Control Circuit Low,42,P2
P23E0,Cylinder 4 Fuel Heater Performance,34,P2
P23E1,EGR C Control Circuit/Open,26,P2
P23E2,EGR C Control Circuit Performance,33,P2
P23E3,EGR C Control Circuit Low,25,P2
P23E4,EGR C Control Circuit High,26,P2
P23E5,EGR C Control Stuck Open,24,P2
P23E6,EGR C Control Stuck Closed,26,P2
P23E7,EGR C Flow Insufficient Detected,32,P2
P23E8,EGR C Flow Excessive Detected,29,P2
P23E9,Camshaft A Position Signal Output Circuit/Open Bank 2,53,P2
P23EA,Camshaft A Position Signal Output Circuit Low Bank 2,52,P2
P23EB,Camshaft A Position Signal Output Circuit High Bank 2,53,P2
P23EC,Camshaft B Position Signal Output Circuit/Open Bank 1,53,P2
P23ED,Camshaft B Position Signal Output Circuit Low Bank 1,52,P2
P23EE,Camshaft B Position Signal Output Circuit High Bank 1,53,P2
P23EF,Camshaft B Position Signal Output Circuit/Open Bank 2,53,P2
P23F0,Camshaft B Position Signal Output Circuit Low Bank 2,52,P2
P23F1,Camshaft B Position Signal Output Circuit High Bank 2,53,P2
P23F2,Cylinder 1 Injector B Air-Fuel Ratio Imbalance,46,P2
P23F3,Cylinder 2 Injector B Air-Fuel Ratio Imbalance,46,P2
P23F4,Cylinder 3 Injector B Air-Fuel Ratio Imbalance,46,P2
P23F5,Cylinder 4 Injector B Air-Fuel Ratio Imbalance,46,P2
P23F6,Cylinder 5 Injector B Air-Fuel Ratio Imbalance,46,P2
P23F7,Cylinder 6 Injector B Air-Fuel Ratio Imbalance,46,P2
P23F8,Cylinder 7 Injector B Air-Fuel Ratio Imbalance,46,P2
P23F9,Cylinder 8 Injector B Air-Fuel Ratio Imbalance,46,P2
P23FA,Cylinder 9 Injector B Air-Fuel Ratio Imbalance,46,P2
P23FB,Cylinder 10 Injector B Air-Fuel Ratio Imbalance,47,P2
P23FC,Cylinder 11 Injector B Air-Fuel Ratio Imbalance,47,P2
P23FD,Cylinder 12 Injector B Air-Fuel Ratio Imbalance,47,P2
P23FE,Bank 1 System B Air-Fuel Ratio Imbalance,40,P2
P23FF,Bank 2 System B Air-Fuel Ratio Imbalance,40,P2
P2400,EVAP System Leak Detection Pump Control Circuit/Open,52,P2
P2401,EVAP System Leak Detection Pump Control Circuit Low,51,P2
P2402,EVAP System Leak Detection Pump Control Circuit High,52,P2
P2403,EVAP System Leak Detection Pump Sense Circuit/Open,50,P2
P2404,EVAP System Leak Detection Pump Sense Circuit Range/Performance,63,P2
P2405,EVAP System Leak Detection Pump Sense Circuit Low,49,P2
P2406,EVAP System Leak Detection Pump Sense Circuit High,50,P2
P2407,EVAP System Leak Detection Pump Sense Circuit Intermittent/Erratic,66,P2
P2408,Fuel Cap Sensor/Switch Circuit,30,P2
P2409,Fuel Cap Sensor/Switch Circuit Range/Performance,48,P2
P240A,EVAP System Leak Detection Pump Heater Control Circuit/Open,59,P2
P240B,EVAP System Leak Detection Pump Heater Control Circuit Low,58,P2
P240C,EVAP System Leak Detection Pump Heater Control Circuit High,59,P2
P240D,Alternative Fuel Low Pressure System Leak,41,P2
P240E,Alternative Fuel High Pressure System Leak,42,P2
P240F,EGR Slow Response,17,P2
P2410,Fuel Cap Sensor/Switch Circuit Low,34,P2
P2411,Fuel Cap Sensor/Switch Circuit High,35,P2
P2412,Fuel Cap Sensor/Switch Circuit Intermittent/Erratic,51,P2
P2413,EGR System Performance,22,P2
P2414,O2 Sensor Exhaust Sample Error Bank 1 Sensor 1,46,P2
P2415,O2 Sensor Exhaust Sample Error Bank 2 Sensor 1,46,P2
P2416,O2 Sensor Signals Swapped Bank 1 Sensor 2/Bank 1 Sensor 3,57,P2
P2417,O2 Sensor Signals Swapped Bank 2 Sensor 2/Bank 2 Sensor 3,57,P2
P2418,EVAP System Switching Valve Control Circuit/Open,48,P2
P2419,EVAP System Switching Valve Control Circuit Low,47,P2
P241A,O2 Sensor Signals Swapped Bank 1 Sensor 1/Bank 1 Sensor 2,57,P2
P241B,O2 Sensor Signals Swapped Bank 2 Sensor 1/Bank 2 Sensor 2,57,P2
P241C,Throttle Actuator Control System - Ice Blockage Bank 2,54,P2
P241D,SCR Inducement - Forced Engine Shutdown,39,P2
P241E,Reductant Heater Coolant Control Valve Stuck Closed,51,P2
P241F,EGR Cooler B Efficiency Below Threshold,39,P2
P2420,EVAP System Switching Valve Control Circuit High,48,P2
P2421,EVAP System Vent Valve Stuck Open,33,P2
P2422,EVAP System Vent Valve Stuck Closed,35,P2
P2423,HC Adsorption Catalyst Efficiency Below Threshold Bank 1,56,P2
P2424,HC Adsorption Catalyst Efficiency Below Threshold Bank 2,56,P2
P2425,EGR Cooling Valve Control Circuit/Open,38,P2
P2426,EGR Cooling Valve Control Circuit Low,37,P2
P2427,EGR Cooling Valve Control Circuit High,38,P2
P2428,Exhaust Gas Temperature Too High Bank 1,39,P2
P2429,Exhaust Gas Temperature Too High Bank 2,39,P2
P242A,Exhaust Gas Temperature Sensor Circuit Bank 1 Sensor 3,54,P2
P242B,Exhaust Gas Temperature Sensor Circuit Range/Performance Bank 1 Sensor 3,72,P2
P242C,Exhaust Gas Temperature Sensor Circuit Low Bank 1 Sensor 3,58,P2
P242D,Exhaust Gas Temperature Sensor Circuit High Bank 1 Sensor 3,59,P2
P242E,Exhaust Gas Temperature Sensor Circuit Intermittent/Erratic Bank 1 Sensor 3,75,P2
P242F,Particulate Filter Restriction - Ash Accumulation Bank 1,56,P2
P2430,AIR System Air Flow/Pressure Sensor Circuit Bank 1,50,P2
P2431,AIR System Air Flow/Pressure Sensor Circuit Range/Performance Bank 1,68,P2
P2432,AIR System Air Flow/Pressure Sensor Circuit Low Bank 1,54,P2
P2433,AIR System Air Flow/Pressure Sensor Circuit High Bank 1,55,P2
P2434,AIR System Air Flow/Pressure Sensor Circuit Intermittent/Erratic Bank 1,71,P2
P2435,AIR System Air Flow/Pressure Sensor Circuit Bank 2,50,P2
P2436,AIR System Air Flow/Pressure Sensor Circuit Range/Performance Bank 2,68,P2
P2437,AIR System Air Flow/Pressure Sensor Circuit Low Bank 2,54,P2
P2438,AIR System Air Flow/Pressure Sensor Circuit High Bank 2,55,P2
P2439,AIR System Air Flow/Pressure Sensor Circuit Intermittent/Erratic Bank 2,71,P2
P243A,Particulate Filter Restriction - Ash Accumulation Bank 2,56,P2
P243B,Particulate Filter Restriction - Forced Limited Power Bank 2,60,P2
P243C,Particulate Filter Regeneration Frequency Bank 2,48,P2
P243D,Particulate Filter Regeneration Duration Bank 2,47,P2
P243E,Particulate Filter Regeneration Incomplete Bank 2,49,P2
P243F,Particulate Filter Restriction - Soot Accumulation Too High Bank 2,66,P2
P2440,AIR System Switching Valve Stuck Open Bank 1,44,P2
P2441,AIR System Switching Valve Stuck Closed Bank 1,46,P2
P2442,AIR System Switching Valve Stuck Open Bank 2,44,P2
P2443,AIR System Switching Valve Stuck Closed Bank 2,46,P2
P2444,AIR System Pump Stuck On Bank 1,31,P2
P2445,AIR System Pump Stuck Off Bank 1,32,P2
P2446,AIR System Pump Stuck On Bank 2,31,P2
P2447,AIR System Pump Stuck Off Bank 2,32,P2
P2448,AIR System High Air Flow Bank 1,31,P2
P2449,AIR System High Air Flow Bank 2,31,P2
P244A,Particulate Filter Differential Pressure Too Low Bank 1,55,P2
P244B,Particulate Filter Differential Pressure Too High Bank 1,56,P2
P244C,Exhaust Temperature Too Low For Particulate Filter Regeneration Bank 1,70,P2
P244D,Exhaust Temperature Too High For Particulate Filter Regeneration Bank 1,71,P2
P244E,Exhaust Temperature Too Low For Particulate Filter Regeneration Bank 2,70,P2
P244F,Exhaust Temperature Too High For Particulate Filter Regeneration Bank 2,71,P2
P2450,EVAP System Switching Valve Performance/Stuck Open,50,P2
P2451,EVAP System Switching Valve Stuck Closed,40,P2
P2452,Particulate Filter Pressure Sensor A Circuit,44,P2
P2453,Particulate Filter Pressure Sensor A Circuit Range/Performance,62,P2
P2454,Particulate Filter Pressure Sensor A Circuit Low,48,P2
P2455,Particulate Filter Pressure Sensor A Circuit High,49,P2
P2456,Particulate Filter Pressure Sensor A Circuit Intermittent/Erratic,65,P2
P2457,EGR Cooler A Efficiency Below Threshold,39,P2
P2458,Particulate Filter Regeneration Duration Bank 1,47,P2
P2459,Particulate Filter Regeneration Frequency Bank 1,48,P2
P245A,EGR Cooler Bypass Control Circuit/Open Bank 1,45,P2
P245B,EGR Cooler Bypass Control Circuit Range/Performance Bank 1,58,P2
P245C,EGR Cooler Bypass Control Circuit Low Bank 1,44,P2
P245D,EGR Cooler Bypass Control Circuit High Bank 1,45,P2
P245E,Particulate Filter Pressure Sensor B Circuit,44,P2
P245F,Particulate Filter Pressure Sensor B Circuit Range/Performance,62,P2
P2460,Particulate Filter Pressure Sensor B Circuit Low,48,P2
P2461,Particulate Filter Pressure Sensor B Circuit High,49,P2
P2462,Particulate Filter Pressure Sensor B Circuit Intermittent/Erratic,65,P2
P2463,Particulate Filter Restriction - Soot Accumulation Bank 1,57,P2
P2464,Particulate Filter Differential Pressure Too Low Bank 2,55,P2
P2465,Particulate Filter Differential Pressure Too High Bank 2,56,P2
P2466,Exhaust Gas Temperature Sensor Circuit Bank 2 Sensor 3,54,P2
P2467,Exhaust Gas Temperature Sensor Circuit Range/Performance Bank 2 Sensor 3,72,P2
P2468,Exhaust Gas Temperature Sensor Circuit Low Bank 2 Sensor 3,58,P2
P2469,Exhaust Gas Temperature Sensor Circuit High Bank 2 Sensor 3,59,P2
P246A,Exhaust Gas Temperature Sensor Circuit Intermittent/Erratic Bank 2 Sensor 3,75,P2
P246B,Vehicle Conditions Incorrect for Particulate Filter Regeneration,64,P2
P246C,Particulate Filter Restriction - Forced Limited Power Bank 1,60,P2
P246D,Particulate Filter Pressure Sensor A/B Correlation,50,P2
P246E,Exhaust Gas Temperature Sensor Circuit Bank 1 Sensor 4,54,P2
P246F,Exhaust Gas Temperature Sensor Circuit Range/Performance Bank 1 Sensor 4,72,P2
P2470,Exhaust Gas Temperature Sensor Circuit Low Bank 1 Sensor 4,58,P2
P2471,Exhaust Gas Temperature Sensor Circuit High Bank 1 Sensor 4,59,P2
P2472,Exhaust Gas Temperature Sensor Circuit Intermittent/Erratic Bank 1 Sensor 4,75,P2
P2473,Exhaust Gas Temperature Sensor Circuit Bank 2 Sensor 4,54,P2
P2474,Exhaust Gas Temperature Sensor Circuit Range/Performance Bank 2 Sensor 4,72,P2
P2475,Exhaust Gas Temperature Sensor Circuit Low Bank 2 Sensor 4,58,P2
P2476,Exhaust Gas Temperature Sensor Circuit High Bank 2 Sensor 4,59,P2
P2477,Exhaust Gas Temperature Sensor Circuit Intermittent/Erratic Bank 2 Sensor 4,75,P2
P2478,Exhaust Gas Temperature Out of Range Bank 1 Sensor 1,52,P2
P2479,Exhaust Gas Temperature Out of Range Bank 1 Sensor 2,52,P2
P247A,Exhaust Gas Temperature Out of Range Bank 1 Sensor 3,52,P2
P247B,Exhaust Gas Temperature Out of Range Bank 1 Sensor 4,52,P2
P247C,Exhaust Gas Temperature Out of Range Bank 2 Sensor 1,52,P2
P247D,Exhaust Gas Temperature Out of Range Bank 2 Sensor 2,52,P2
P247E,Exhaust Gas Temperature Out of Range Bank 2 Sensor 3,52,P2
P247F,Exhaust Gas Temperature Out of Range Bank 2 Sensor 4,52,P2
P2480,Exhaust Gas Temperature Sensor Circuit/Open Bank 1 Sensor 5,59,P2
P2481,Exhaust Gas Temperature Sensor Circuit Low Bank 1 Sensor 5,58,P2
P2482,Exhaust Gas Temperature Sensor Circuit High Bank 1 Sensor 5,59,P2
P2483,Exhaust Gas Temperature Sensor Circuit Range/Performance Bank 1 Sensor 5,72,P2
P2484,Exhaust Gas Temperature Sensor Circuit Intermittent/Erratic Bank 1 Sensor 5,75,P2
P2485,Exhaust Gas Temperature Sensor Circuit/Open Bank 2 Sensor 5,59,P2
P2486,Exhaust Gas Temperature Sensor Circuit Low Bank 2 Sensor 5,58,P2
P2487,Exhaust Gas Temperature Sensor Circuit High Bank 2 Sensor 5,59,P2
P2488,Exhaust Gas Temperature Sensor Circuit Range/Performance Bank 2 Sensor 5,72,P2
P2489,Exhaust Gas Temperature Sensor Circuit Intermittent/Erratic Bank 2 Sensor 5,75,P2
P248A,Reductant Heater A Sense Circuit Low,36,P2
P248B,Reductant Heater A Sense Circuit High,37,P2
P248C,Reductant Heater B Sense Circuit Low,36,P2
P248D,Reductant Heater B Sense Circuit High,37,P2
P248E,EGR Cooler Bypass Control Circuit/Open Bank 2,45,P2
P248F,EGR Cooler Bypass Control Circuit Range/Performance Bank 2,58,P2
P2490,EGR Cooler Bypass Control Circuit Low Bank 2,44,P2
P2491,EGR Cooler Bypass Control Circuit High Bank 2,45,P2
P2492,EGR Cooler Bypass Position Sensor Circuit Bank 1,48,P2
P2493,EGR Cooler Bypass Position Sensor Range/Performance Bank 1,58,P2
P2494,EGR Cooler Bypass Position Sensor Circuit Low Bank 1,52,P2
P2495,EGR Cooler Bypass Position Sensor Circuit High Bank 1,53,P2
P2496,EGR Cooler Bypass Position Sensor Circuit Intermittent/Erratic Bank 1,69,P2
P2497,EGR Cooler Bypass Position Sensor Circuit Bank 2,48,P2
P2498,EGR Cooler Bypass Position Sensor Range/Performance Bank 2,58,P2
P2499,EGR Cooler Bypass Position Sensor Circuit Low Bank 2,52,P2
P249A,EGR Cooler Bypass Position Sensor Circuit High Bank 2,53,P2
P249B,EGR Cooler Bypass Position Sensor Circuit Intermittent/Erratic Bank 2,69,P2
P249C,Excessive Time To Enter Closed Loop Reductant Injection Control,63,P2
P249D,Closed Loop Reductant Injection Control At Limit - Flow Too Low,63,P2
P249E,Closed Loop Reductant Injection Control At Limit - Flow Too High,64,P2
P249F,Excessive Time To Enter Closed Loop Particulate Filter Regeneration Control,75,P2
P24A0,Closed Loop Particulate Filter Regeneration Control At Limit - Temperature Too Low,82,P2
P24A1,Closed Loop Particulate Filter Regeneration Control At Limit - Temperature Too High,83,P2
P24A2,Particulate Filter Regeneration Incomplete Bank 1,49,P2
P24A3,Particulate Filter Restriction - Soot Accumulation Bank 2,57,P2
P24A4,Particulate Filter Restriction - Soot Accumulation Too High Bank 1,66,P2
P24A5,EGR Cooler Bypass Control Stuck/Open Bank 1,43,P2
P24A6,EGR Cooler Bypass Control Stuck/Open Bank 2,43,P2
P24A7,EGR Cooler Coolant Pump Control Circuit/Open,44,P2
P24A8,EGR Cooler Coolant Pump Performance/Stuck Off,45,P2
P24A9,EGR Cooler Coolant Pump Control Circuit Low,43,P2
P24AA,EGR Cooler Coolant Pump Control Circuit High,44,P2
P24AB,EGR Cooler Coolant Pump Stuck On,32,P2
P24AC,EGR Cooler Coolant Pump Feedback Circuit Low,44,P2
P24AD,EGR Cooler Coolant Pump Feedback Circuit High,45,P2
P24AE,Particulate Matter Sensor Circuit,33,P2
P24AF,Particulate Matter Sensor Circuit Range/Performance,51,P2
P24B0,Particulate Matter Sensor Circuit Low,37,P2
P24B1,Particulate Matter Sensor Circuit High,38,P2
P24B2,Particulate Matter Sensor Circuit Intermittent,46,P2
P24B3,Particulate Matter Sensor Heater Control Circuit/Open,53,P2
P24B4,Particulate Matter Sensor Heater Control Circuit Range/Performance,66,P2
P24B5,Particulate Matter Sensor Heater Control Circuit Low,52,P2
P24B6,Particulate Matter Sensor Heater Control Circuit High,53,P2
P24B7,Particulate Matter Sensor Heater Resistance,43,P2
P24B8,EVAP System Leak Detection Pump Pressure Sensor Circuit,55,P2
P24B9,EVAP System Leak Detection Pump Pressure Sensor Circuit Range/Performance,73,P2
P24BA,EVAP System Leak Detection Pump Pressure Sensor Circuit Low,59,P2
P24BB,EVAP System Leak Detection Pump Pressure Sensor Circuit High,60,P2
P24BC,EVAP System Leak Detection Pump Pressure Sensor Circuit Intermittent,68,P2
P24BD,EVAP System Leak Detection Pump Switching Valve Control Circuit/Open,68,P2
P24BE,EVAP System Leak Detection Pump Switching Valve Control Circuit Low,67,P2
P24BF,EVAP System Leak Detection Pump Switching Valve Control Circuit High,68,P2
P24C0,EVAP System Leak Detection Pump Switching Valve Stuck On,56,P2
P24C1,EVAP System Leak Detection Pump Switching Valve Performance/Stuck Off,69,P2
P24C2,Exhaust Gas Temperature Measurement System - Multiple Sensor Correlation Bank 1,79,P2
P24C3,Exhaust Gas Temperature Measurement System - Multiple Sensor Correlation Bank 2,79,P2
P24C4,EGR Cooler Bypass Position Sensor Exceeded Learning Limit Bank 1,64,P2
P24C5,EGR Cooler Bypass Position Sensor Exceeded Learning Limit Bank 2,64,P2
P24C6,Particulate Matter Sensor Temperature Circuit,45,P2
P24C7,Particulate Matter Sensor Temperature Circuit Range/performance,63,P2
P24C8,Particulate Matter Sensor Temperature Circuit Low,49,P2
P24C9,Particulate Matter Sensor Temperature Circuit High,50,P2
P24CA,Particulate Matter Sensor Temperature Circuit Intermittent,58,P2
P24CB,Reductant Tank Cap Switch Circuit,33,P2
P24CC,Reductant Tank Cap Switch Circuit Range/Performance,51,P2
P24CD,Reductant Tank Cap Switch Circuit Low,37,P2
P24CE,Reductant Tank Cap Switch Circuit High,38,P2
P24CF,Reductant Tank Cap Switch Circuit Intermittent/Erratic,54,P2
P24D0,Particulate Matter Sensor Supply Voltage Circuit Low,52,P2
P24D1,Particulate Matter Sensor Regeneration Incomplete,49,P2
P24D2,Reductant Heater A Sense Circuit,32,P2
P24D3,Reductant Heater B Sense Circuit,32,P2
P24D4,EGR Cooler Coolant Pump Feedback Circuit,40,P2
P24D5,EVAP System Pressure Sensor/Switch B Circuit,44,P2
P24D6,EVAP System Pressure Sensor/Switch B Circuit Range/Performance,62,P2
P24D7,EVAP System Pressure Sensor/Switch B Circuit Low,48,P2
P24D8,EVAP System Pressure Sensor/Switch B Circuit High,49,P2
P24D9,EVAP System Pressure Sensor/Switch B Circuit Intermittent,57,P2
P24DA,Particulate Matter Sensor Exhaust Sample Error Bank 1,53,P2
P24DB,Reductant Purge Control Valve B Circuit /Open,45,P2
P24DC,Reductant Purge Control Valve B Performance,43,P2
P24DD,Reductant Purge Control Valve B Circuit Low,43,P2
P24DE,Reductant Purge Control Valve B Circuit High,44,P2
P24DF,Reductant Purge Control Valve B Stuck Open,42,P2
P24E0,Reductant Purge Control Valve B Stuck Closed,44,P2
P24E1,NH3 Sensor Circuit,18,P2
P24E2,NH3 Sensor Circuit Range/Performance,36,P2
P24E3,NH3 Sensor Circuit Low,22,P2
P24E4,NH3 Sensor Circuit High,23,P2
P24E5,NH3 Sensor Circuit Intermittent/Erratic,39,P2
P24E6,NH3 Sensor Heater Circuit/Open,30,P2
P24E7,NH3 Sensor Heater Circuit Low,29,P2
P24E8,NH3 Sensor Heater Circuit High,30,P2
P24E9,NH3 Sensor Heater Circuit Performance,37,P2
P24EA,NH3 Sensor Supply Voltage Circuit,33,P2
P24EB,NH3 Sensor Supply Voltage Circuit Low,37,P2
P24EC,NH3 Sensor Supply Voltage Circuit High,38,P2
P24ED,NH3 Sensor Calibration Memory,29,P2
P24EE,NH3 Sensor Processor Performance,32,P2
P24EF,Control Module Wake-up Circuit/Open,35,P2
P24F0,Control Module Wake-up Circuit Low,34,P2
P24F1,Control Module Wake-up Circuit High,35,P2
P24F2,EGR Temperature/Charge Air Cooler Temperature Correlation,57,P2
P24F3,Reductant Tank Temperature/Fuel Temperature Correlation,55,P2
P24F4,NOx Sensor Delayed Response - High to Low Bank 1 Sensor 1,57,P2
P24F5,NOx Sensor Delayed Response - High to Low Bank 1 Sensor 2,57,P2
P24F6,Exhaust Aftertreatment Fuel Air Purge Valve Stuck Open,54,P2
P24F7,Exhaust Aftertreatment Fuel Air Purge Valve Stuck Closed,56,P2
P24F8,Exhaust Aftertreatment Fuel Air Purge Valve Control Circuit,59,P2
P24F9,Exhaust Aftertreatment Fuel Air Purge Valve Control Circuit Range/Performance,77,P2
P24FA,Exhaust Aftertreatment Fuel Air Purge Valve Control Circuit Low,63,P2
P24FB,Exhaust Aftertreatment Fuel Air Purge Valve Control Circuit High,64,P2
P24FC,Particulate Matter Sensor Heater Control Circuit Driver Current/Temperature Too High,84,P2
P24FD,Particulate Filter A Incorrect,30,P2
P24FE,SCR Catalyst Incorrect,22,P2
P24FF,Reductant Temperature Too High,30,P2
P2500,Generator Lamp/L-Terminal Circuit Low,37,P2
P2501,Generator Lamp/L-Terminal Circuit High,38,P2
P2502,Charging System Voltage,23,P2
P2503,Charging System Voltage Low,27,P2
P2504,Charging System Voltage High,28,P2
P2505,ECM/PCM Power Input Signal,26,P2
P2506,ECM/PCM Power Input Signal Range/Performance,44,P2
P2507,ECM/PCM Power Input Signal Low,30,P2
P2508,ECM/PCM Power Input Signal High,31,P2
P2509,ECM/PCM Power Input Signal Intermittent,39,P2
P250A,Engine Oil Level Sensor Circuit,31,P2
P250B,Engine Oil Level Sensor Circuit Range/Performance,49,P2
P250C,Engine Oil Level Sensor Circuit Low,35,P2
P250D,Engine Oil Level Sensor Circuit High,36,P2
P250E,Engine Oil Level Sensor Circuit Intermittent/Erratic,52,P2
P250F,Engine Oil Level Too Low,24,P2
P2510,ECM/PCM Power Relay Sense Circuit Range/Performance,51,P2
P2511,ECM/PCM Power Relay Sense Circuit Intermittent,46,P2
P2512,Event Data Recorder Request Circuit/ Open,41,P2
P2513,Event Data Recorder Request Circuit Low,39,P2
P2514,Event Data Recorder Request Circuit High,40,P2
P2515,A/C Refrigerant Pressure Sensor B Circuit,41,P2
P2516,A/C Refrigerant Pressure Sensor B Circuit Range/Performance,59,P2
P2517,A/C Refrigerant Pressure Sensor B Circuit Low,45,P2
P2518,A/C Refrigerant Pressure Sensor B Circuit High,46,P2
P2519,A/C Request A Circuit,21,P2
P251A,PTO Enable Switch Circuit/Open,30,P2
P251B,PTO Enable Switch Circuit Low,29,P2
P251C,PTO Enable Switch Circuit High,30,P2
P251D,PTO Engine Shutdown Circuit/Open,32,P2
P251E,PTO Engine Shutdown Circuit Low,31,P2
P251F,PTO Engine Shutdown Circuit High,32,P2
P2520,A/C Request A Circuit Low,25,P2
P2521,A/C Request A Circuit High,26,P2
P2522,A/C Request B Circuit,21,P2
P2523,A/C Request B Circuit Low,25,P2
P2524,A/C Request B Circuit High,26,P2
P2525,Vacuum Reservoir Pressure Sensor Circuit,40,P2
P2526,Vacuum Reservoir Pressure Sensor Circuit Range/Performance,58,P2
P2527,Vacuum Reservoir Pressure Sensor Circuit Low,44,P2
P2528,Vacuum Reservoir Pressure Sensor Circuit High,45,P2
P2529,Vacuum Reservoir Pressure Sensor Circuit Intermittent,53,P2
P252A,Engine Oil Quality Sensor Circuit,33,P2
P252B,Engine Oil Quality Sensor Circuit Range/Performance,51,P2
P252C,Engine Oil Quality Sensor Circuit Low,37,P2
P252D,Engine Oil Quality Sensor Circuit High,38,P2
P252E,Engine Oil Quality Sensor Circuit Intermittent/Erratic,54,P2
P252F,Engine Oil Level Too High,25,P2
P2530,Ignition Switch Run Position Circuit,36,P2
P2531,Ignition Switch Run Position Circuit Low,40,P2
P2532,Ignition Switch Run Position Circuit High,41,P2
P2533,Ignition Switch On/Start Position Circuit,41,P2
P2534,Ignition Switch On/Start Position Circuit Low,45,P2
P2535,Ignition Switch On/Start Position Circuit High,46,P2
P2536,Ignition Switch Accessory Position Circuit,42,P2
P2537,Ignition Switch Accessory Position Circuit Low,46,P2
P2538,Ignition Switch Accessory Position Circuit High,47,P2
P2539,Low Pressure Fuel System Sensor Circuit,39,P2
P253A,PTO Sense Circuit/Open,22,P2
P253B,PTO Sense Circuit Range/Performance,35,P2
P253C,PTO Sense Circuit Low,21,P2
P253D,PTO Sense Circuit High,22,P2
P253E,PTO Sense Circuit Intermittent/Erratic,38,P2
P253F,Engine Oil Deteriorated,23,P2
P2540,Low Pressure Fuel System Sensor Circuit Range/Performance,57,P2
P2541,Low Pressure Fuel System Sensor Circuit Low,43,P2
P2542,Low Pressure Fuel System Sensor Circuit High,44,P2
P2543,Low Pressure Fuel System Sensor Circuit Intermittent,52,P2
P2544,Torque Management Request Input Signal A,40,P2
P2545,Torque Management Request Input Signal A Range/Performance,58,P2
P2546,Torque Management Request Input Signal A Low,44,P2
P2547,Torque Management Request Input Signal A High,45,P2
P2548,Torque Management Request Input Signal B,40,P2
P2549,Torque Management Request Input Signal B Range/Performance,58,P2
P254A,PTO Speed Selector Sensor/Switch 1 Circuit/Open,47,P2
P254B,PTO Speed Selector Sensor/Switch 1 Range/Performance,52,P2
P254C,PTO Speed Selector Sensor/Switch 1 Circuit Low,46,P2
P254D,PTO Speed Selector Sensor/Switch 1 Circuit High,47,P2
P254E,PTO Speed Selector Sensor/Switch 1 Circuit Intermittent/Erratic,63,P2
P254F,Engine Hood Switch Circuit,26,P2
P2550,Torque Management Request Input Signal B Low,44,P2
P2551,Torque Management Request Input Signal B High,45,P2
P2552,Throttle/Fuel Inhibit A Circuit,31,P2
P2553,Throttle/Fuel Inhibit A Circuit Range/Performance,49,P2
P2554,Throttle/Fuel Inhibit A Circuit Low,35,P2
P2555,Throttle/Fuel Inhibit A Circuit High,36,P2
P2556,Engine Coolant Level Sensor/Switch Circuit,42,P2
P2557,Engine Coolant Level Sensor/Switch Circuit Range/Performance,60,P2
P2558,Engine Coolant Level Sensor/Switch Circuit Low,46,P2
P2559,Engine Coolant Level Sensor/Switch Circuit High,47,P2
P255A,PTO Speed Selector Sensor/Switch 2 Circuit/Open,47,P2
P255B,PTO Speed Selector Sensor/Switch 2 Range/Performance,52,P2
P255C,PTO Speed Selector Sensor/Switch 2 Circuit Low,46,P2
P255D,PTO Speed Selector Sensor/Switch 2 Circuit High,47,P2
P255E,PTO Speed Selector Sensor/Switch 2 Circuit Intermittent/Erratic,63,P2
P255F,A/C Request A Circuit Range/Performance,39,P2
P2560,Engine Coolant Level Low,24,P2
P2561,A/C Control Module Requested MIL Illumination,45,P2
P2562,Turbocharger Boost Control Position Sensor A Circuit,52,P2
P2563,Turbocharger Boost Control Position Sensor A Circuit Range/Performance,70,P2
P2564,Turbocharger Boost Control Position Sensor A Circuit Low,56,P2
P2565,Turbocharger Boost Control Position Sensor A Circuit High,57,P2
P2566,Turbocharger Boost Control Position Sensor A Circuit Intermittent,65,P2
P2567,Direct Ozone Reduction Catalyst Temperature Sensor Circuit,58,P2
P2568,Direct Ozone Reduction Catalyst Temperature Sensor Circuit Range/Performance,76,P2
P2569,Direct Ozone Reduction Catalyst Temperature Sensor Circuit Low,62,P2
P256A,Engine Idle Speed Selector Sensor/Switch Circuit/Open,53,P2
P256B,Engine Idle Speed Selector Sensor/Switch Range/Performance,58,P2
P256C,Engine Idle Speed Selector Sensor/Switch Circuit Low,52,P2
P256D,Engine Idle Speed Selector Sensor/Switch Circuit High,53,P2
P256E,Engine Idle Speed Selector Sensor/Switch Circuit Intermittent/Erratic,69,P2
P256F,A/C Request B Circuit Range/Performance,39,P2
P2570,Direct Ozone Reduction Catalyst Temperature Sensor Circuit High,63,P2
P2571,Direct Ozone Reduction Catalyst Temperature Sensor Circuit Intermittent/Erratic,79,P2
P2572,Direct Ozone Reduction Catalyst Deterioration Sensor Circuit,60,P2
P2573,Direct Ozone Reduction Catalyst Deterioration Sensor Circuit Range/Performance,78,P2
P2574,Direct Ozone Reduction Catalyst Deterioration Sensor Circuit Low,64,P2
P2575,Direct Ozone Reduction Catalyst Deterioration Sensor Circuit High,65,P2
P2576,Direct Ozone Reduction Catalyst Deterioration Sensor Circuit Intermittent/Erratic,81,P2
P2577,Direct Ozone Reduction Catalyst Efficiency Below Threshold,58,P2
P2578,Turbocharger/Supercharger Speed Sensor A Circuit,48,P2
P2579,Turbocharger/Supercharger Speed Sensor A Circuit Range/Performance,66,P2
P257A,Vacuum Reservoir Control Circuit/Open,37,P2
P257B,Vacuum Reservoir Control Circuit Low,36,P2
P257C,Vacuum Reservoir Control Circuit High,37,P2
P257D,Engine Hood Switch Circuit Range/Performance,44,P2
P257E,Engine Hood Switch Circuit Low,30,P2
P257F,Engine Hood Switch Circuit High,31,P2
P2580,Turbocharger/Supercharger Speed Sensor A Circuit Low,52,P2
P2581,Turbocharger/Supercharger Speed Sensor A Circuit High,53,P2
P2582,Turbocharger/Supercharger Speed Sensor A Circuit Intermittent,61,P2
P2583,Cruise Control Front Distance Range Sensor Single Sensor or Center,66,P2
P2584,Fuel Additive Control Module Requested MIL Illumination,55,P2
P2585,Fuel Additive Control Module Warning Lamp Request,49,P2
P2586,Turbocharger Boost Control Position Sensor B Circuit,52,P2
P2587,Turbocharger Boost Control Position Sensor B Circuit Range/Performance,70,P2
P2588,Turbocharger Boost Control Position Sensor B Circuit Low,56,P2
P2589,Turbocharger Boost Control Position Sensor B Circuit High,57,P2
P258A,Vacuum Pump Control Circuit A/Open,34,P2
P258B,Vacuum Pump Control Circuit A Range/Performance,47,P2
P258C,Vacuum Pump Control Circuit A Low,33,P2
P258D,Vacuum Pump Control Circuit A High,34,P2
P258E,PTO Enable Switch Performance,29,P2
P258F,Torque Management Request Output Signal,39,P2
P2590,Turbocharger Boost Control Position Sensor B Circuit Intermittent/Erratic,73,P2
P2591,Cruise Control Front Distance Range Sensor Left,47,P2
P2592,Cruise Control Front Distance Range Sensor Right,48,P2
P2593,Turbocharger Speed Sensor B Circuit,35,P2
P2594,Turbocharger Speed Sensor B Circuit Range/Performance,53,P2
P2595,Turbocharger Speed Sensor B Circuit Low,39,P2
P2596,Turbocharger Speed Sensor B Circuit High,40,P2
P2597,Turbocharger Speed Sensor B Circuit Intermittent,48,P2
P2598,Turbocharger Boost Control Position Sensor A Performance - Stuck Low,68,P2
P2599,Turbocharger Boost Control Position Sensor A Performance - Stuck High,69,P2
P259A,Turbocharger Boost Control Position Sensor B Performance - Stuck Low,68,P2
P259B,Turbocharger Boost Control Position Sensor B Performance - Stuck High,69,P2
P259C,Excessive Time To Enter Closed Loop Turbocharger A Boost Control,64,P2
P259D,Excessive Time To Enter Closed Loop Turbocharger B Boost Control,64,P2
P259E,Turbocharger A Boost Control Position At Low Limit,50,P2
P259F,Turbocharger A Boost Control Position At High Limit,51,P2
P25A0,Turbocharger B Boost Control Position At Low Limit,50,P2
P25A1,Turbocharger B Boost Control Position At High Limit,51,P2
P25A2,Brake System Control Module A Requested MIL Illumination,56,P2
P25A3,Engine Hood Open,16,P2
P25A4,Fuel Mode Select Switch Circuit,31,P2
P25A5,Fuel Mode Select Switch Performance,35,P2
P25A6,Fuel Mode Select Switch Circuit Low,35,P2
P25A7,Fuel Mode Select Switch Circuit High,36,P2
P25A8,Fuel Mode Select Switch Circuit Intermittent/Erratic,52,P2
P25A9,Piston Cooling Oil Control Circuit/Open,39,P2
P25AA,Piston Cooling Oil Control Circuit Low,38,P2
P25AB,Piston Cooling Oil Control Circuit High,39,P2
P25AC,Piston Cooling Oil Control Circuit Performance/Stuck Off,56,P2
P25AD,Piston Cooling Oil Control Circuit Stuck On,43,P2
P25AE,Piston Cooling Oil Pressure Too Low,35,P2
P25AF,Coolant Temperature Control Module Requested MIL Illumination,61,P2
P25B0,Fuel Level Sensor A Stuck,25,P2
P25B1,Fuel Level Sensor B Stuck,25,P2
P25B2,Fuel Level Sensor A or B Stuck,30,P2
P25B3,Turbocharger/Supercharger Wastegate A Stuck Open,48,P2
P25B4,Turbocharger/Supercharger Wastegate A Stuck Closed,50,P2
P25B5,Turbocharger/Supercharger Wastegate B Stuck Open,48,P2
P25B6,Turbocharger/Supercharger Wastegate B Stuck Closed,50,P2
P25B7,Auxiliary Ignition Switch On/Start Position Circuit,51,P2
P25B8,Auxiliary Ignition Switch On/Start Position Circuit Low,55,P2
P25B9,Auxiliary Ignition Switch On/Start Position Circuit High,56,P2
P25BA,Regeneration Control Switch Circuit/Open,40,P2
P25BB,Regeneration Control Switch Circuit Low,39,P2
P25BC,Regeneration Control Switch Circuit High,40,P2
P25BD,Unmetered Fuel - Forced Engine Shutdown,39,P2
P25BE,Alternative Fuel Disable Control Circuit/Open,45,P2
P25BF,Alternative Fuel Disable Control Circuit High,45,P2
P25C0,Alternative Fuel Disable Control Circuit Low,44,P2
P25C1,Alternative Fuel Disable Signal Circuit,39,P2
P25C2,Alternative Fuel Disable Signal Circuit High,44,P2
P25C3,Alternative Fuel Disable Signal Circuit Low,43,P2
P25C4,Brake Booster Temperature Sensor A Circuit,42,P2
P25C5,Brake Booster Temperature Sensor A Circuit Range/Performance,60,P2
P25C6,Brake Booster Temperature Sensor A Circuit Low,46,P2
P25C7,Brake Booster Temperature Sensor A Circuit High,47,P2
P25C8,Brake Booster Temperature Sensor A Circuit Intermittent/Erratic,63,P2
P25C9,Brake System Control Module B Requested MIL Illumination,56,P2
P25CA,Intake Camshaft Actuator Park Lock Control Circuit/Open Bank 1,62,P2
P25CB,Intake Camshaft Actuator Park Lock Control Circuit Low Bank 1,61,P2
P25CC,Intake Camshaft Actuator Park Lock Control Circuit High Bank 1,62,P2
P25CD,Intake Camshaft Actuator Park Lock Control Circuit/Open Bank 2,62,P2
P25CE,Intake Camshaft Actuator Park Lock Control Circuit Low Bank 2,61,P2
P25CF,Intake Camshaft Actuator Park Lock Control Circuit High Bank 2,62,P2
P25D0,Exhaust Camshaft Actuator Park Lock Control Circuit/Open Bank 1,63,P2
P25D1,Exhaust Camshaft Actuator Park Lock Control Circuit Low Bank 1,62,P2
P25D2,Exhaust Camshaft Actuator Park Lock Control Circuit High Bank 1,63,P2
P25D3,Exhaust Camshaft Actuator Park Lock Control Circuit/Open Bank 2,63,P2
P25D4,Exhaust Camshaft Actuator Park Lock Control Circuit Low Bank 2,62,P2
P25D5,Exhaust Camshaft Actuator Park Lock Control Circuit High Bank 2,63,P2
P25D6,Exhaust Heat Exchanger Exhaust Bypass Valve A Position Sensor Stop Performance,78,P2
P25D7,Fuel Level Sensor C Circuit,27,P2
P25D8,Fuel Level Sensor C Performance,31,P2
P25D9,Fuel Level Sensor C Circuit Low,31,P2
P25DA,Fuel Level Sensor C Circuit High,32,P2
P25DB,Fuel Level Sensor C Circuit Intermittent,40,P2
P25DC,Fuel Level Sensor C Stuck,25,P2
P25DD,A Camshaft Position - Stuck In Locked Position Bank 1,53,P2
P25DE,A Camshaft Position - Unable to Achieve Locked Position Bank 1,62,P2
P25DF,A Camshaft Position Control Performance Bank 1,46,P2
P25E0,A Camshaft Position - Stuck In Locked Position Bank 2,53,P2
P25E1,A Camshaft Position - Unable to Achieve Locked Position Bank 2,62,P2
P25E2,A Camshaft Position Control Performance Bank 2,46,P2
P25E3,B Camshaft Position - Stuck In Locked Position Bank 1,53,P2
P25E4,B Camshaft Position - Unable to Achieve Locked Position Bank 1,62,P2
P25E5,B Camshaft Position Control Performance Bank 1,46,P2
P25E6,B Camshaft Position - Stuck In Locked Position Bank 2,53,P2
P25E7,B Camshaft Position - Unable to Achieve Locked Position Bank 2,62,P2
P25E8,B Camshaft Position Control Performance Bank 2,46,P2
P25E9,Supercharger Disconnect Clutch Stuck Open,41,P2
P25EA,Supercharger Disconnect Clutch Stuck Closed,43,P2
P25EB,Supercharger Disconnect Clutch Circuit Range/Performance,56,P2
P25EC,Supercharger Disconnect Clutch Circuit Low,42,P2
P25ED,Supercharger Disconnect Clutch Circuit High,43,P2
P25EE,Vacuum Pump Control Circuit B/Open,34,P2
P25EF,Vacuum Pump Control Circuit B Range/Performance,47,P2
P25F0,Vacuum Pump Control Circuit B Low,33,P2
P25F1,Vacuum Pump Control Circuit B High,34,P2
P25F2,Turbocharger/Supercharger Boost Sensor C Circuit,48,P2
P25F3,Turbocharger/Supercharger Boost Sensor C Circuit Range/Performance,66,P2
P25F4,Turbocharger/Supercharger Boost Sensor C Circuit Low,52,P2
P25F5,Turbocharger/Supercharger Boost Sensor C Circuit High,53,P2
P25F6,AIR System B,12,P2
P25F7,AIR System B Incorrect Flow Detected,36,P2
P25F8,Turbocharger/Supercharger Bypass Valve C Control Circuit,56,P2
P25F9,Turbocharger/Supercharger Bypass Valve C Control Circuit Low,60,P2
P25FA,Turbocharger/Supercharger Bypass Valve C Control Circuit High,61,P2
P25FB,Turbocharger/Supercharger Bypass Valve C Control Circuit Range/Performance,74,P2
P25FC,Turbocharger/Supercharger Bypass Valve C – Mechanical,53,P2
P25FD,Turbocharger/Supercharger Bypass Valve C Temperature Too High,61,P2
P25FE,Supercharger Disconnect Clutch,30,P2
P25FF,Electrical System Voltage Stabilizer Control Module Performance,63,P2
P2600,Coolant Pump A Control Circuit/Open,35,P2
P2601,Coolant Pump A Control Circuit Performance/Stuck Off,52,P2
P2602,Coolant Pump A Control Circuit Low,34,P2
P2603,Coolant Pump A Control Circuit High,35,P2
P2604,Intake Air Heater A Circuit Range/Performance,45,P2
P2605,Intake Air Heater B Circuit/Open,32,P2
P2606,Intake Air Heater B Circuit Range/Performance,45,P2
P2607,Intake Air Heater B Circuit Low,31,P2
P2608,Intake Air Heater B Circuit High,32,P2
P2609,Intake Air Heater System Performance,36,P2
P260A,PTO Control Circuit/Open,24,P2
P260B,PTO Control Circuit Low,23,P2
P260C,PTO Control Circuit High,24,P2
P260D,PTO Engaged Lamp Control Circuit,32,P2
P260E,Particulate Filter Regeneration Lamp Control Circuit,52,P2
P260F,EVAP System Monitoring Processor Performance,44,P2
P2610,ECM/PCM Engine Off Timer Performance,36,P2
P2611,A/C Refrigerant Distribution Valve A Control Circuit/Open,57,P2
P2612,A/C Refrigerant Distribution Valve A Control Circuit Low,56,P2
P2613,A/C Refrigerant Distribution Valve A Control Circuit High,57,P2
P2614,Camshaft A Position Signal Output Circuit/Open Bank 1,53,P2
P2615,Camshaft A Position Signal Output Circuit Low Bank 1,52,P2
P2616,Camshaft A Position Signal Output Circuit High Bank 1,53,P2
P2617,Crankshaft Position Signal Output Circuit/Open,46,P2
P2618,Crankshaft Position Signal Output Circuit Low,45,P2
P2619,Crankshaft Position Signal Output Circuit High,46,P2
P261A,Coolant Pump B Control Circuit/Open,35,P2
P261B,Coolant Pump B Control Circuit Performance/Stuck Off,52,P2
P261C,Coolant Pump B Control Circuit Low,34,P2
P261D,Coolant Pump B Control Circuit High,35,P2
P261E,Coolant Pump B Control Circuit Stuck On,39,P2
P261F,Coolant Pump A Control Circuit Stuck On,39,P2
P2620,Throttle Position Output Circuit/Open,37,P2
P2621,Throttle Position Output Circuit Low,36,P2
P2622,Throttle Position Output Circuit High,37,P2
P2623,Injector Control Pressure Regulator Circuit/Open,48,P2
P2624,Injector Control Pressure Regulator Circuit Low,47,P2
P2625,Injector Control Pressure Regulator Circuit High,48,P2
P2626,O2 Sensor Pumping Current Trim Circuit/Open Bank 1 Sensor 1,59,P2
P2627,O2 Sensor Pumping Current Trim Circuit Low Bank 1 Sensor 1,58,P2
P2628,O2 Sensor Pumping Current Trim Circuit High Bank 1 Sensor 1,59,P2
P2629,O2 Sensor Pumping Current Trim Circuit/Open Bank 2 Sensor 1,59,P2
P262A,Fuel Injector - Pilot Injection Not Learned,43,P2
P262B,Control Module Power Off Timer Performance,42,P2
P262C,Sensor Reference Voltage G Circuit/Open,39,P2
P262D,Sensor Reference Voltage G Circuit Low,38,P2
P262E,Sensor Reference Voltage G Circuit High,39,P2
P262F,Sensor Reference Voltage G Circuit Range/Perfomance,51,P2
P2630,O2 Sensor Pumping Current Trim Circuit Low Bank 2 Sensor 1,58,P2
P2631,O2 Sensor Pumping Current Trim Circuit High Bank 2 Sensor 1,59,P2
P2632,Fuel Pump B Control Circuit /Open,33,P2
P2633,Fuel Pump B Control Circuit Low,31,P2
P2634,Fuel Pump B Control Circuit High,32,P2
P2635,Fuel Pump A Low Flow/Performance,32,P2
P2636,Fuel Pump B Low Flow/Performance,32,P2
P2637,Torque Management Feedback Signal A,35,P2
P2638,Torque Management Feedback Signal A Range/Performance,53,P2
P2639,Torque Management Feedback Signal A Low,39,P2
P263A,MIL Control Circuit Low,23,P2
P263B,MIL Control Circuit High,24,P2
P263C,Glow Plug Control Driver Performance,36,P2
P263D,Reductant Heater Driver Performance,35,P2
P263E,Glow Plug Control Module 1 Over Temperature,43,P2
P263F,Glow Plug Control Module 2 Over Temperature,43,P2
P2640,Torque Management Feedback Signal A High,40,P2
P2641,Torque Management Feedback Signal B,35,P2
P2642,Torque Management Feedback Signal B Range/Performance,53,P2
P2643,Torque Management Feedback Signal B Low,39,P2
P2644,Torque Management Feedback Signal B High,40,P2
P2645,A Rocker Arm Actuator Control Circuit/Open Bank 1,49,P2
P2646,A Rocker Arm Actuator System Performance/Stuck Off Bank 1,57,P2
P2647,A Rocker Arm Actuator System Stuck On Bank 1,44,P2
P2648,A Rocker Arm Actuator Control Circuit Low Bank 1,48,P2
P2649,A Rocker Arm Actuator Control Circuit High Bank 1,49,P2
P264A,A Rocker Arm Actuator Position Sensor Circuit Bank 1,52,P2
P264B,A Rocker Arm Actuator Position Sensor Circuit Range/Performance Bank 1,70,P2
P264C,A Rocker Arm Actuator Position Sensor Circuit Low Bank 1,56,P2
P264D,A Rocker Arm Actuator Position Sensor Circuit High Bank 1,57,P2
P264E,A Rocker Arm Actuator Position Sensor Circuit Intermittent/Erratic Bank 1,73,P2
P264F,Engine Serial Number Not Programmed or Incompatible,51,P2
P2650,B Rocker Arm Actuator Control Circuit/Open Bank 1,49,P2
P2651,B Rocker Arm Actuator System Performance/Stuck Off Bank 1,57,P2
P2652,B Rocker Arm Actuator System Stuck On Bank 1,44,P2
P2653,B Rocker Arm Actuator Control Circuit Low Bank 1,48,P2
P2654,B Rocker Arm Actuator Control Circuit High Bank 1,49,P2
P2655,A Rocker Arm Actuator Control Circuit/Open Bank 2,49,P2
P2656,A Rocker Arm Actuator System Performance/Stuck Off Bank 2,57,P2
P2657,A Rocker Arm Actuator System Stuck On Bank 2,44,P2
P2658,A Rocker Arm Actuator Control Circuit Low Bank 2,48,P2
P2659,A Rocker Arm Actuator Control Circuit High Bank 2,49,P2
P265A,B Rocker Arm Actuator Position Sensor Circuit Bank 1,52,P2
P265B,B Rocker Arm Actuator Position Sensor Circuit Range/Performance Bank 1,70,P2
P265C,B Rocker Arm Actuator Position Sensor Circuit Low Bank 1,56,P2
P265D,B Rocker Arm Actuator Position Sensor Circuit High Bank 1,57,P2
P265E,B Rocker Arm Actuator Position Sensor Circuit Intermittent/Erratic Bank 1,73,P2
P265F,Variable A/C Compressor Control Circuit Range/Performance,57,P2
P2660,B Rocker Arm Actuator Control Circuit/Open Bank 2,49,P2
P2661,B Rocker Arm Actuator System Performance/Stuck Off Bank 2,57,P2
P2662,B Rocker Arm Actuator System Stuck On Bank 2,44,P2
P2663,B Rocker Arm Actuator Control Circuit Low Bank 2,48,P2
P2664,B Rocker Arm Actuator Control Circuit High Bank 2,49,P2
P2665,Fuel Shutoff Valve B Control Circuit/Open,41,P2
P2666,Fuel Shutoff Valve B Control Circuit Low,40,P2
P2667,Fuel Shutoff Valve B Control Circuit High,41,P2
P2668,Fuel Mode Indicator Lamp Control Circuit,40,P2
P2669,Actuator Supply Voltage B Circuit /Open,39,P2
P266A,A Rocker Arm Actuator Position Sensor Circuit Bank 2,52,P2
P266B,A Rocker Arm Actuator Position Sensor Circuit Range/Performance Bank 2,70,P2
P266C,A Rocker Arm Actuator Position Sensor Circuit Low Bank 2,56,P2
P266D,A Rocker Arm Actuator Position Sensor Circuit High Bank 2,57,P2
P266E,A Rocker Arm Actuator Position Sensor Circuit Intermittent/Erratic Bank 2,73,P2
P266F,A/C Refrigerant Distribution Valve A Control Circuit Driver Current/Temperature Too High,88,P2
P2670,Actuator Supply Voltage B Circuit Low,37,P2
P2671,Actuator Supply Voltage B Circuit High,38,P2
P2672,Injection Pump Timing Offset,28,P2
P2673,Injection Pump Timing Calibration Not Learned,45,P2
P2674,Injection Pump Fuel Calibration Not Learned,43,P2
P2675,Air Cleaner Inlet Control Circuit/Open,38,P2
P2676,Air Cleaner Inlet Control Circuit Low,37,P2
P2677,Air Cleaner Inlet Control Circuit High,38,P2
P2678,Coolant Degassing Valve Control Circuit/Open,44,P2
P2679,Coolant Degassing Valve Control Circuit Low,43,P2
P267A,B Rocker Arm Actuator Position Sensor Circuit Bank 2,52,P2
P267B,B Rocker Arm Actuator Position Sensor Circuit Range/Performance Bank 2,70,P2
P267C,B Rocker Arm Actuator Position Sensor Circuit Low Bank 2,56,P2
P267D,B Rocker Arm Actuator Position Sensor Circuit High Bank 2,57,P2
P267E,B Rocker Arm Actuator Position Sensor Circuit Intermittent/Erratic Bank 2,73,P2
P267F,Control Module Internal Temperature Sensor A Circuit Intermittent/Erratic,73,P2
P2680,Coolant Degassing Valve Control Circuit High,44,P2
P2681,Engine Coolant Bypass Valve A Control Circuit/Open,50,P2
P2682,Engine Coolant Bypass Valve A Control Circuit Low,49,P2
P2683,Engine Coolant Bypass Valve A Control Circuit High,50,P2
P2684,Actuator Supply Voltage C Circuit/Open,38,P2
P2685,Actuator Supply Voltage C Circuit Low,37,P2
P2686,Actuator Supply Voltage C Circuit High,38,P2
P2687,Fuel Supply Heater Control Circuit/Open,39,P2
P2688,Fuel Supply Heater Control Circuit Low,38,P2
P2689,Fuel Supply Heater Control Circuit High,39,P2
P268A,Fuel Injector Calibration Not Learned/Programmed,48,P2
P268B,High Pressure Fuel Pump Calibration Not Learned/Programmed,58,P2
P268C,Cylinder 1 Injector Data Incompatible,37,P2
P268D,Cylinder 2 Injector Data Incompatible,37,P2
P268E,Cylinder 3 Injector Data Incompatible,37,P2
P268F,Cylinder 4 Injector Data Incompatible,37,P2
P2690,Cylinder 5 Injector Data Incompatible,37,P2
P2691,Cylinder 6 Injector Data Incompatible,37,P2
P2692,Cylinder 7 Injector Data Incompatible,37,P2
P2693,Cylinder 8 Injector Data Incompatible,37,P2
P2694,Cylinder 9 Injector Data Incompatible,37,P2
P2695,Cylinder 10 Injector Data Incompatible,38,P2
P2696,Injector Data Incompatible,26,P2
P2697,Exhaust Aftertreatment Fuel Injector A Circuit/Open,51,P2
P2698,Exhaust Aftertreatment Fuel Injector A Performance,50,P2
P2699,Exhaust Aftertreatment Fuel Injector A Circuit Low,50,P2
P269A,Exhaust Aftertreatment Fuel Injector A Circuit High,51,P2
P269B,Exhaust Aftertreatment Glow Plug Control Circuit/Open,53,P2
P269C,Exhaust Aftertreatment Glow Plug Control Performance,52,P2
P269D,Exhaust Aftertreatment Glow Plug Control Circuit Low,52,P2
P269E,Exhaust Aftertreatment Glow Plug Control Circuit High,53,P2
P269F,Exhaust Aftertreatment Glow Plug Circuit/Open,45,P2
P26A0,Exhaust Aftertreatment Glow Plug Performance,44,P2
P26A1,Exhaust Aftertreatment Glow Plug Circuit Low,44,P2
P26A2,Exhaust Aftertreatment Glow Plug Circuit High,45,P2
P26A3,Engine Coolant Bypass Valve A Range/Performance,47,P2
P26A4,Engine Coolant Bypass Valve A Position Sensor Circuit,53,P2
P26A5,Engine Coolant Bypass Valve A Position Sensor Circuit Range/Performance,71,P2
P26A6,Engine Coolant Bypass Valve A Position Sensor Circuit Low,57,P2
P26A7,Engine Coolant Bypass Valve A Position Sensor Circuit High,58,P2
P26A8,Engine Coolant Bypass Valve A Position Sensor Circuit Intermittent/Erratic,74,P2
P26A9,Engine Coolant Bypass Valve A Position Sensor Stop/Minimum Stop Performance,75,P2
P26AA,Engine Coolant Bypass Valve A Position Sensor Maximum Stop Performance,70,P2
P26AB,Engine Coolant Bypass Valve A Stuck/Open,40,P2
P26AC,Engine Coolant Bypass Valve B Control Circuit/Open,50,P2
P26AD,Engine Coolant Bypass Valve B Control Circuit Low,49,P2
P26AE,Engine Coolant Bypass Valve B Control Circuit High,50,P2
P26AF,Engine Coolant Bypass Valve B Stuck/Open,40,P2
P26B0,Engine Coolant Bypass Valve B Range/Performance,47,P2
P26B1,Engine Coolant Bypass Valve A Stuck Closed,42,P2
P26B2,Engine Coolant Bypass Valve B Stuck Closed,42,P2
P26B3,Fuel Shutoff Valve A Control Circuit Performance/Stuck Off,58,P2
P26B4,Fuel Shutoff Valve A Control Circuit Stuck On,45,P2
P26B5,Fuel Shutoff Valve B Control Circuit Performance/Stuck Off,58,P2
P26B6,Fuel Shutoff Valve B Control Circuit Stuck On,45,P2
P26B7,Engine Coolant Bypass Valve C Control Circuit/Open,50,P2
P26B8,Engine Coolant Bypass Valve C Control Circuit Low,49,P2
P26B9,Engine Coolant Bypass Valve C Control Circuit High,50,P2
P26BA,Engine Coolant Bypass Valve C Stuck/Open,40,P2
P26BB,Engine Coolant Bypass Valve C Range/Performance,47,P2
P26BC,Engine Coolant Bypass Valve C Stuck Closed,42,P2
P26BD,Engine Coolant Bypass Valve D Control Circuit/Open,50,P2
P26BE,Engine Coolant Bypass Valve D Control Circuit Low,49,P2
P26BF,Engine Coolant Bypass Valve D Control Circuit High,50,P2
P26C0,Engine Coolant Bypass Valve D Stuck/Open,40,P2
P26C1,Engine Coolant Bypass Valve D Range/Performance,47,P2
P26C2,Engine Coolant Bypass Valve D Stuck Closed,42,P2
P26C3,Internal Control Module Transmission Range Sensor Performance,61,P2
P26C4,Internal Control Module Clutch Pedal Performance,48,P2
P26C5,Exhaust Flow Control Valve A Control Circuit/Open,49,P2
P26C6,Exhaust Flow Control Valve A Control Circuit Low,48,P2
P26C7,Exhaust Flow Control Valve A Control Circuit High,49,P2
P26C8,Chassis Control Module 1 Requested MIL Illumination,51,P2
P26C9,Chassis Control Module 2 Requested MIL Illumination,51,P2
P26CA,Engine Coolant Pump Control Circuit/Open,40,P2
P26CB,Engine Coolant Pump Performance/Stuck Off,41,P2
P26CC,Engine Coolant Pump Control Circuit Low,39,P2
P26CD,Engine Coolant Pump Control Circuit High,40,P2
P26CE,Engine Coolant Pump Overspeed/Air In System,43,P2
P26CF,Engine Coolant Pump Control Module System Voltage,49,P2
P26D0,Engine Coolant Pump Control Module System Voltage Low,53,P2
P26D1,Engine Coolant Pump Control Module System Voltage High,54,P2
P26D2,Engine Coolant Pump Control Module Over Temperature,51,P2
P26D3,Engine Coolant Pump Supply Voltage Circuit,42,P2
P26D4,Engine Coolant Pump Supply Voltage Circuit Low,46,P2
P26D5,Engine Coolant Pump Supply Voltage Circuit High,47,P2
P26D6,Engine Coolant Pump Clutch Control Circuit/Open,47,P2
P26D7,Engine Coolant Pump Clutch Performance/Stuck Off,48,P2
P26D8,Engine Coolant Pump Clutch Stuck On,35,P2
P26D9,Engine Coolant Pump Clutch Control Circuit Low,46,P2
P26DA,Engine Coolant Pump Clutch Control Circuit High,47,P2
P26DB,Engine Sound Control A Circuit/Open,35,P2
P26DC,Engine Sound Control A Circuit Low,34,P2
P26DD,Engine Sound Control A Circuit High,35,P2
P26DE,Engine Sound Control A Circuit Performance,42,P2
P26DF,Sensor Power Supply D Circuit/Open,34,P2
P26E0,Sensor Power Supply D Circuit Low,33,P2
P26E1,Sensor Power Supply D Circuit High,34,P2
P26E2,Fuel Mode Indicator Lamp Control Circuit Low,44,P2
P26E3,Fuel Mode Indicator Lamp Control Circuit High,45,P2
P26E4,Starter Relay B Circuit,23,P2
P26E5,Starter Relay B Circuit Low,27,P2
P26E6,Starter Relay B Circuit High,28,P2
P26E7,Actuator Supply Voltage D Circuit/Open,38,P2
P26E8,Actuator Supply Voltage D Circuit Low,37,P2
P26E9,Actuator Supply Voltage D Circuit High,38,P2
P26EA,Fuel Pump Control Module B,26,P2
P26EB,Alternative Fuel Control Module System Voltage,46,P2
P26EC,Engine Sound Control B Circuit/Open,35,P2
P26ED,Engine Sound Control B Circuit Low,34,P2
P26EE,Engine Sound Control B Circuit High,35,P2
P26EF,Engine Sound Control B Circuit Performance,42,P2
P26F0,Starter Relay A Stuck On,24,P2
P26F1,Starter Relay A Stuck Off,25,P2
P26F2,Starter Relay B Stuck On,24,P2
P26F3,Starter Relay B Stuck Off,25,P2
P26F4,Coolant Pump C Control Circuit/Open,35,P2
P26F5,Coolant Pump C Control Circuit Low,34,P2
P26F6,Coolant Pump C Control Circuit High,35,P2
P26F7,Coolant Pump C Supply Voltage Circuit,37,P2
P26F8,Coolant Pump C Stuck/Stalled,28,P2
P26F9,Coolant Pump C Control Module Overtemperature,45,P2
P26FA,Coolant Pump C Overspeed/Air in System,38,P2
P26FB,EGR Cooler Bypass Control Stuck Closed Bank 1,45,P2
P26FC,EGR Cooler Bypass Control Stuck Closed Bank 2,45,P2
P26FD,A/C Compressor Internal Control Module Performance,50,P2
P26FE,Exhaust Flow Control Valve A Control Performance,48,P2
P26FF,Auto Configuration Throttle Input Not Present Bank 2,52,P2
P2700,Transmission Friction Element A Apply Time Range/Performance,60,P2
P2701,Transmission Friction Element B Apply Time Range/Performance,60,P2
P2702,Transmission Friction Element C Apply Time Range/Performance,60,P2
P2703,Transmission Friction Element D Apply Time Range/Performance,60,P2
P2704,Transmission Friction Element E Apply Time Range/Performance,60,P2
P2705,Transmission Friction Element F Apply Time Range/Performance,60,P2
P2706,Shift Solenoid F,16,P2
P2707,Shift Solenoid F Performance/Stuck Off,38,P2
P2708,Shift Solenoid F Stuck On,25,P2
P2709,Shift Solenoid F Electrical,27,P2
P270A,Transmission Friction Element A Temperature Too High,52,P2
P270B,Transmission Friction Element B Temperature Too High,52,P2
P270C,Transmission Friction Element C Temperature Too High,52,P2
P270D,Transmission Friction Element D Temperature Too High,52,P2
P270E,Transmission Friction Element E Temperature Too High,52,P2
P270F,Transmission Friction Element F Temperature Too High,52,P2
P2710,Shift Solenoid F Intermittent,29,P2
P2711,Unexpected Mechanical Gear Disengagement,40,P2
P2712,Hydraulic Power Unit Leakage,28,P2
P2713,Pressure Control Solenoid D,27,P2
P2714,Pressure Control Solenoid D Performance/Stuck Off,49,P2
P2715,Pressure Control Solenoid D Stuck On,36,P2
P2716,Pressure Control Solenoid D Electrical,38,P2
P2717,Pressure Control Solenoid D Intermittent,40,P2
P2718,Pressure Control Solenoid D Control Circuit/Open,48,P2
P2719,Pressure Control Solenoid D Control Circuit Range/Performance,61,P2
P271A,Park Pawl Position Sensor A Circuit Low,39,P2
P271B,Park Pawl Position Sensor A Circuit High,40,P2
P271C,Park Pawl Position Sensor B Circuit Low,39,P2
P271D,Park Pawl Position Sensor B Circuit High,40,P2
P271E,Transmission Performance,24,P2
P271F,Electronic Gear Shift - Position Not Learned,44,P2
P2720,Pressure Control Solenoid D Control Circuit Low,47,P2
P2721,Pressure Control Solenoid D Control Circuit High,48,P2
P2722,Pressure Control Solenoid E,27,P2
P2723,Pressure Control Solenoid E Performance/Stuck Off,49,P2
P2724,Pressure Control Solenoid E Stuck On,36,P2
P2725,Pressure Control Solenoid E Electrical,38,P2
P2726,Pressure Control Solenoid E Intermittent,40,P2
P2727,Pressure Control Solenoid E Control Circuit/Open,48,P2
P2728,Pressure Control Solenoid E Control Circuit Range/Performance,61,P2
P2729,Pressure Control Solenoid E Control Circuit Low,47,P2
P272A,Transmission Range Select Motor Control Circuit,47,P2
P272B,Transmission Range Select Motor Control Circuit Current Too High,64,P2
P272C,Park Pawl Motor Control Circuit,31,P2
P272D,Park Pawl Motor Control Circuit Current Too High,48,P2
P2730,Pressure Control Solenoid E Control Circuit High,48,P2
P2731,Pressure Control Solenoid F,27,P2
P2732,Pressure Control Solenoid F Performance/Stuck Off,49,P2
P2733,Pressure Control Solenoid F Stuck On,36,P2
P2734,Pressure Control Solenoid F Electrical,38,P2
P2735,Pressure Control Solenoid F Intermittent,40,P2
P2736,Pressure Control Solenoid F Control Circuit/Open,48,P2
P2737,Pressure Control Solenoid F Control Circuit Range/Performance,61,P2
P2738,Pressure Control Solenoid F Control Circuit Low,47,P2
P2739,Pressure Control Solenoid F Control Circuit High,48,P2
P273A,Transmission Friction Element G Apply Time Range/Performance,60,P2
P273B,Transmission Friction Element H Apply Time Range/Performance,60,P2
P273C,Gear Shift Control Module A Supply Voltage Low,46,P2
P273D,Gear Shift Control Module A Supply Voltage High,47,P2
P273E,Gear Shift Control Module A Over Temperature,44,P2
P273F,Transmission Fluid Temperature Sensor B Over Temperature Condition,66,P2
P2740,Transmission Fluid Temperature Sensor B Circuit,47,P2
P2741,Transmission Fluid Temperature Sensor B Circuit Range/Performance,65,P2
P2742,Transmission Fluid Temperature Sensor B Circuit Low,51,P2
P2743,Transmission Fluid Temperature Sensor B Circuit High,52,P2
P2744,Transmission Fluid Temperature Sensor B Circuit Intermittent,60,P2
P2745,Intermediate Shaft Speed Sensor B Circuit,41,P2
P2746,Intermediate Shaft Speed Sensor B Circuit Range/Performance,59,P2
P2747,Intermediate Shaft Speed Sensor B Circuit No Signal,51,P2
P2748,Intermediate Shaft Speed Sensor B Circuit Intermittent,54,P2
P2749,Intermediate Shaft Speed Sensor C Circuit,41,P2
P274A,Transmission Fluid Temperature Sensor C Circuit,47,P2
P274B,Transmission Fluid Temperature Sensor C Circuit Range/Performance,65,P2
P274C,Transmission Fluid Temperature Sensor C Circuit Low,51,P2
P274D,Transmission Fluid Temperature Sensor C Circuit High,52,P2
P274E,Transmission Fluid Temperature Sensor C Circuit Intermittent,60,P2
P274F,Transmission Fluid Temperature Sensor C Over Temperature Condition,66,P2
P2750,Intermediate Shaft Speed Sensor C Circuit Range/Performance,59,P2
P2751,Intermediate Shaft Speed Sensor C Circuit No Signal,51,P2
P2752,Intermediate Shaft Speed Sensor C Circuit Intermittent,54,P2
P2753,Transmission Fluid Cooler Control Circuit/Open,46,P2
P2754,Transmission Fluid Cooler Control Circuit Low,45,P2
P2755,Transmission Fluid Cooler Control Circuit High,46,P2
P2756,Torque Converter Clutch Pressure Control Solenoid,49,P2
P2757,Torque Converter Clutch Pressure Control Solenoid Control Circuit Performance/Stuck Off,87,P2
P2758,Torque Converter Clutch Pressure Control Solenoid Control Circuit Stuck On,74,P2
P2759,Torque Converter Clutch Pressure Control Solenoid Control Circuit Electrical,76,P2
P275A,Transmission Fluid Temperature Sensor D Circuit,47,P2
P275B,Transmission Fluid Temperature Sensor D Circuit Range/Performance,65,P2
P275C,Transmission Fluid Temperature Sensor D Circuit Low,51,P2
P275D,Transmission Fluid Temperature Sensor D Circuit High,52,P2
P275E,Transmission Fluid Temperature Sensor D Circuit Intermittent,60,P2
P275F,Transmission Fluid Temperature Sensor D Over Temperature Condition,66,P2
P2760,Torque Converter Clutch Pressure Control Solenoid Control Circuit Intermittent,78,P2
P2761,Torque Converter Clutch Pressure Control Solenoid Control Circuit/Open,70,P2
P2762,Torque Converter Clutch Pressure Control Solenoid Control Circuit Range/Performance,83,P2
P2763,Torque Converter Clutch Pressure Control Solenoid Control Circuit High,70,P2
P2764,Torque Converter Clutch Pressure Control Solenoid Control Circuit Low,69,P2
P2765,Input/Turbine Shaft Speed Sensor B Circuit,42,P2
P2766,Input/Turbine Shaft Speed Sensor B Circuit Range/Performance,60,P2
P2767,Input/Turbine Shaft Speed Sensor B Circuit No Signal,52,P2
P2768,Input/Turbine Shaft Speed Sensor B Circuit Intermittent,55,P2
P2769,Torque Converter Clutch Circuit Low,35,P2
P276A,Electric/Auxiliary Transmission Fluid Pump B Motor Supply Voltage Circuit/Open,78,P2
P276B,Electric/Auxiliary Transmission Fluid Pump B Motor Supply Voltage Circuit Low,77,P2
P276C,Electric/Auxiliary Transmission Fluid Pump B Motor Supply Voltage Circuit High,78,P2
P276D,Electric/Auxiliary Transmission Fluid Pump B Motor Current,58,P2
P276E,Electric/Auxiliary Transmission Fluid Pump B Motor Current Low,62,P2
P276F,Electric/Auxiliary Transmission Fluid Pump B Motor Current High,63,P2
P2770,Torque Converter Clutch Circuit High,36,P2
P2771,Four Wheel Drive (4WD) Low Switch Circuit,41,P2
P2772,Four Wheel Drive (4WD) Low Switch Circuit Range/Performance,59,P2
P2773,Four Wheel Drive (4WD) Low Switch Circuit Low,45,P2
P2774,Four Wheel Drive (4WD) Low Switch Circuit High,46,P2
P2775,Upshift Switch Circuit Range/Performance,40,P2
P2776,Upshift Switch Circuit Low,26,P2
P2777,Upshift Switch Circuit High,27,P2
P2778,Upshift Switch Circuit Intermittent/Erratic,43,P2
P2779,Downshift Switch Circuit Range/Performance,42,P2
P277A,Electric/Auxiliary Transmission Fluid Pump B Hydraulic Leakage,62,P2
P277B,Electric/Auxiliary Transmission Fluid Pump B Driver Circuit Performance,71,P2
P277C,Electric/Auxiliary Transmission Fluid Pump B Motor Stalled,58,P2
P277D,Electric/Auxiliary Transmission Fluid Pump B Motor Over Temperature,67,P2
P277E,Clutch A Unexpected Mechanical Gear Disengagement,49,P2
P277F,Clutch B Unexpected Mechanical Gear Disengagement,49,P2
P2780,Downshift Switch Circuit Low,28,P2
P2781,Downshift Switch Circuit High,29,P2
P2782,Downshift Switch Circuit Intermittent/Erratic,45,P2
P2783,Torque Converter Temperature Too High,37,P2
P2784,Input/Turbine Speed Sensor A/B Correlation,42,P2
P2785,Clutch Actuator Temperature Too High,36,P2
P2786,Gear Shift Actuator Temperature Too High,40,P2
P2787,Clutch A Temperature Too High,29,P2
P2788,Auto Shift Manual Adaptive Learning at Limit,44,P2
P2789,Clutch A Adaptive Learning at Limit,35,P2
P278A,Kick Down Switch Circuit,24,P2
P278B,Kick Down Switch Circuit Range/Performance,42,P2
P278C,Kick Down Switch Circuit Low,28,P2
P278D,Kick Down Switch Circuit High,29,P2
P278E,Kick Down Switch Circuit Intermittent/Erratic,45,P2
P278F,Clutch B Adaptive Learning at Limit,35,P2
P2790,Gate Select Direction Circuit,29,P2
P2791,Gate Select Direction Circuit Low,33,P2
P2792,Gate Select Direction Circuit High,34,P2
P2793,Gear Shift Direction Circuit,28,P2
P2794,Gear Shift Direction Circuit Low,32,P2
P2795,Gear Shift Direction Circuit High,33,P2
P2796,Electric/Auxiliary Transmission Fluid Pump A Control Circuit/Open,65,P2
P2797,Electric/Auxiliary Transmission Fluid Pump A Performance/Stuck Off,66,P2
P2798,Electric/Auxiliary Transmission Fluid Pump A Control Circuit Low,64,P2
P2799,Electric/Auxiliary Transmission Fluid Pump A Control Circuit High,65,P2
P279A,Transfer Case Gear High Incorrect Ratio,39,P2
P279B,Transfer Case Gear Low Incorrect Ratio,38,P2
P279C,Transfer Case Gear Neutral Incorrect Ratio,42,P2
P279D,Four Wheel Drive (4WD) Range Signal Circuit,43,P2
P279E,Four Wheel Drive (4WD) Range Signal Circuit Range/Performance,61,P2
P279F,Four Wheel Drive (4WD) Range Signal Circuit Low,47,P2
P27A0,Four Wheel Drive (4WD) Range Signal Circuit High,48,P2
P27A1,Electric/Auxiliary Transmission Fluid Pump A Stuck On,53,P2
P27A2,Electric/Auxiliary Transmission Fluid Pump B Control Circuit/Open,65,P2
P27A3,Electric/Auxiliary Transmission Fluid Pump B Performance/Stuck Off,66,P2
P27A4,Electric/Auxiliary Transmission Fluid Pump B Control Circuit Low,64,P2
P27A5,Electric/Auxiliary Transmission Fluid Pump B Control Circuit High,65,P2
P27A6,Electric/Auxiliary Transmission Fluid Pump B Stuck On,53,P2
P27A7,Pressure Control Solenoid A Data Incompatible,45,P2
P27A8,Pressure Control Solenoid B Data Incompatible,45,P2
P27A9,Pressure Control Solenoid C Data Incompatible,45,P2
P27AA,Pressure Control Solenoid D Data Incompatible,45,P2
P27AB,Pressure Control Solenoid E Data Incompatible,45,P2
P27AC,Pressure Control Solenoid F Data Incompatible,45,P2
P27AD,Pressure Control Solenoid G Data Incompatible,45,P2
P27AE,Pressure Control Solenoid H Data Incompatible,45,P2
P27AF,Pressure Control Solenoid J Data Incompatible,45,P2
P27B0,Pressure Control Solenoid K Data Incompatible,45,P2
P27B1,Internal Control Module Transmission Range Select Performance,61,P2
P27B2,Internal Control Module Transmission Range Control Performance,62,P2
P27B3,Internal Control Module Transmission Gear Select Performance,60,P2
P27B4,Internal Control Module Transmission Gear Direction Control Performance,71,P2
P27B5,Internal Control Module Transmission Gear Ratio Control Performance,67,P2
P27B6,Internal Control Module Transmission Speed Sensor Performance,61,P2
P27B9,Pressure Control Solenoid N Performance/Stuck Off,49,P2
P27BA,Pressure Control Solenoid N Stuck On,36,P2
P27BB,Pressure Control Solenoid N Electrical,38,P2
P27BC,Pressure Control Solenoid N Intermittent,40,P2
P27BD,Pressure Control Solenoid N Control Circuit/Open,48,P2
P27BE,Pressure Control Solenoid N Control Circuit Range/Performance,61,P2
P27BF,Pressure Control Solenoid N Control Circuit Low,47,P2
P27C0,Pressure Control Solenoid N Control Circuit High,48,P2
P27C1,Pressure Control Solenoid P Performance/Stuck Off,49,P2
P27C2,Pressure Control Solenoid P Stuck On,36,P2
P27C3,Pressure Control Solenoid P Electrical,38,P2
P27C4,Pressure Control Solenoid P Intermittent,40,P2
P27C5,Pressure Control Solenoid P Control Circuit/Open,48,P2
P27C6,Pressure Control Solenoid P Control Circuit Range/Performance,61,P2
P27C7,Pressure Control Solenoid P Control Circuit Low,47,P2
P27C8,Pressure Control Solenoid P Control Circuit High,48,P2
P27C9,Pressure Control Solenoid R Performance/Stuck Off,49,P2
P27CA,Pressure Control Solenoid R Stuck On,36,P2
P27CB,Pressure Control Solenoid R Electrical,38,P2
P27CC,Pressure Control Solenoid R Intermittent,40,P2
P27CD,Pressure Control Solenoid R Control Circuit/Open,48,P2
P27CE,Pressure Control Solenoid R Control Circuit Range/Performance,61,P2
P27CF,Pressure Control Solenoid R Control Circuit Low,47,P2
P27D0,Pressure Control Solenoid R Control Circuit High,48,P2
P27D1,Pressure Control Solenoid S Performance/Stuck Off,49,P2
P27D2,Pressure Control Solenoid S Stuck On,36,P2
P27D3,Pressure Control Solenoid S Electrical,38,P2
P27D4,Pressure Control Solenoid S Intermittent,40,P2
P27D5,Pressure Control Solenoid S” Control Circuit/Open,49,P2
P27D6,Pressure Control Solenoid S Control Circuit Range/Performance,61,P2
P27D7,Pressure Control Solenoid S Control Circuit Low,47,P2
P27D8,Pressure Control Solenoid S Control Circuit High,48,P2
P27D9,Pressure Control Solenoid T Performance/Stuck Off,49,P2
P27DA,Pressure Control Solenoid T Stuck On,36,P2
P27DB,Pressure Control Solenoid T Electrical,38,P2
P27DC,Pressure Control Solenoid T Intermittent,40,P2
P27DD,Pressure Control Solenoid T Control Circuit/Open,48,P2
P27DE,Pressure Control Solenoid T Control Circuit Range/Performance,61,P2
P27DF,Pressure Control Solenoid T Control Circuit Low,47,P2
P27E0,Pressure Control Solenoid T Control Circuit High,48,P2
P27E1,Electric/Auxiliary Transmission Fluid Pump A Pressure Too Low,61,P2
P27E2,Electric/Auxiliary Transmission Fluid Pump B Pressure Too Low,61,P2
P27E3,Electric/Auxiliary Transmission Fluid Pump Control Valve Circuit/Open,69,P2
P27E4,Electric/Auxiliary Transmission Fluid Pump Control Valve Circuit Range/Performance,82,P2
P27E5,Electric/Auxiliary Transmission Fluid Pump Control Valve Circuit Low,68,P2
P27E6,Electric/Auxiliary Transmission Fluid Pump Control Valve Circuit High,69,P2
P27E7,Transmission Range Control B Circuit/Open,41,P2
P27E8,Transmission Range Control B Circuit Performance,48,P2
P27E9,Transmission Range Control B Circuit Low,40,P2
P27EA,Transmission Range Control B Circuit High,41,P2
P27EB,Transmission Range Control A Position Sensor/Switch Circuit/Open,64,P2
P27EC,Transmission Range Control A Position Sensor/Switch Circuit Range/Performance,77,P2
P27ED,Transmission Range Control A Position Sensor/Switch Circuit Low,63,P2
P27EE,Transmission Range Control A Position Sensor/Switch Circuit High,64,P2
P27EF,Transmission Range Control B Position Sensor/Switch Circuit/Open,64,P2
P27F0,Transmission Range Control B Position Sensor/Switch Circuit Range/Performance,77,P2
P27F1,Transmission Range Control B Position Sensor/Switch Circuit Low,63,P2
P27F2,Transmission Range Control B Position Sensor/Switch Circuit High,64,P2
P27F3,Clutch B Temperature Too High,29,P2
P27F4,Gear Shift Lock Solenoid/Actuator A Performance/Stuck On,56,P2
P27F5,Gear Shift Lock Solenoid/Actuator A Stuck Off,45,P2
P2800,Transmission Range Sensor B Circuit (PRNDL Input),49,P2
P2801,Transmission Range Sensor B Circuit Range/Performance,53,P2
P2802,Transmission Range Sensor B Circuit Low,39,P2
P2803,Transmission Range Sensor B Circuit High,40,P2
P2804,Transmission Range Sensor B Circuit Intermittent,48,P2
P2805,Transmission Range Sensor A/B Correlation,41,P2
P2806,Transmission Range Sensor Alignment,35,P2
P2807,Pressure Control Solenoid G,27,P2
P2808,Pressure Control Solenoid G Performance/Stuck Off,49,P2
P2809,Pressure Control Solenoid G Stuck On,36,P2
P280A,Transmission Range Sensor A Circuit Not Learned,47,P2
P280B,Transmission Range Sensor B Circuit Not Learned,47,P2
P2810,Pressure Control Solenoid G Electrical,38,P2
P2811,Pressure Control Solenoid G Intermittent,40,P2
P2812,Pressure Control Solenoid G Control Circuit/Open,48,P2
P2813,Pressure Control Solenoid G Control Circuit Range/Performance,61,P2
P2814,Pressure Control Solenoid G Control Circuit Low,47,P2
P2815,Pressure Control Solenoid G Control Circuit High,48,P2
P2816,Pressure Control Solenoid H,27,P2
P2817,Pressure Control Solenoid H Performance/Stuck Off,49,P2
P2818,Pressure Control Solenoid H Stuck On,36,P2
P2819,Pressure Control Solenoid H Electrical,38,P2
P281A,Pressure Control Solenoid H Intermittent,40,P2
P281B,Pressure Control Solenoid H Control Circuit/Open,48,P2
P281C,Pressure Control Solenoid H Control Circuit Range/Performance,61,P2
P281D,Pressure Control Solenoid H Control Circuit Low,47,P2
P281E,Pressure Control Solenoid H Control Circuit High,48,P2
P281F,Pressure Control Solenoid J,27,P2
P2820,Pressure Control Solenoid J Performance/Stuck Off,49,P2
P2821,Pressure Control Solenoid J Stuck On,36,P2
P2822,Pressure Control Solenoid J Electrical,38,P2
P2823,Pressure Control Solenoid J Intermittent,40,P2
P2824,Pressure Control Solenoid J Control Circuit/Open,48,P2
P2825,Pressure Control Solenoid J Control Circuit Range/Performance,61,P2
P2826,Pressure Control Solenoid J Control Circuit Low,47,P2
P2827,Pressure Control Solenoid J Control Circuit High,48,P2
P2828,Pressure Control Solenoid K,27,P2
P2829,Pressure Control Solenoid K Performance/Stuck Off,49,P2
P282A,Pressure Control Solenoid K Stuck On,36,P2
P282B,Pressure Control Solenoid K Electrical,38,P2
P282C,Pressure Control Solenoid K Intermittent,40,P2
P282D,Pressure Control Solenoid K Control Circuit/Open,48,P2
P282E,Pressure Control Solenoid K Control Circuit Range/Performance,61,P2
P282F,Pressure Control Solenoid K Control Circuit Low,47,P2
P2830,Pressure Control Solenoid K Control Circuit High,48,P2
P2831,Shift Fork A Position Circuit,29,P2
P2832,Shift Fork A Position Circuit Range/Performance,47,P2
P2833,Shift Fork A Position Circuit Low,33,P2
P2834,Shift Fork A Position Circuit High,34,P2
P2835,Shift Fork A Position Circuit Intermittent,42,P2
P2836,Shift Fork B Position Circuit,29,P2
P2837,Shift Fork B Position Circuit Range/Performance,47,P2
P2838,Shift Fork B Position Circuit Low,33,P2
P2839,Shift Fork B Position Circuit High,34,P2
P283A,Shift Fork B Position Circuit Intermittent,42,P2
P283B,Shift Fork C Position Circuit,29,P2
P283C,Shift Fork C Position Circuit Range/Performance,47,P2
P283D,Shift Fork C Position Circuit Low,33,P2
P283E,Shift Fork C Position Circuit High,34,P2
P283F,Shift Fork C Position Circuit Intermittent,42,P2
P2840,Shift Fork D Position Circuit,29,P2
P2841,Shift Fork D Position Circuit Range/Performance,47,P2
P2842,Shift Fork D Position Circuit Low,33,P2
P2843,Shift Fork D Position Circuit High,34,P2
P2844,Shift Fork D Position Circuit Intermittent,42,P2
P2845,Shift Fork A Position Sensor Incorrect Neutral Position Indicated,65,P2
P2846,Shift Fork B Position Sensor Incorrect Neutral Position Indicated,65,P2
P2847,Shift Fork C Position Sensor Incorrect Neutral Position Indicated,65,P2
P2848,Shift Fork D Position Sensor Incorrect Neutral Position Indicated,65,P2
P2849,Shift Fork A Stuck,18,P2
P284A,Shift Fork B Stuck,18,P2
P284B,Shift Fork C Stuck,18,P2
P284C,Shift Fork D Stuck,18,P2
P284D,Shift Fork A Unrequested Movement,33,P2
P284E,Shift Fork B Unrequested Movement,33,P2
P284F,Shift Fork C Unrequested Movement,33,P2
P2850,Shift Fork D Unrequested Movement,33,P2
P2851,Shift Fork Position Sensor A/B Correlation,42,P2
P2852,Shift Fork Position Sensor C/D Correlation,42,P2
P2853,Clutch A Pressure Discharge Performance,39,P2
P2854,Clutch B Pressure Discharge Performance,39,P2
P2855,Clutch A Pressure Charge Performance,36,P2
P2856,Clutch B Pressure Charge Performance,36,P2
P2857,Clutch A Pressure Engagement Performance/Too Low,48,P2
P2858,Clutch B Pressure Engagement Performance/Too Low,48,P2
P2859,Clutch A Pressure Disengagement Performance/Too Low,51,P2
P285A,Clutch B Pressure Disengagement Performance/Too Low,51,P2
P285B,Shift Fork A Actuator Circuit/Open,34,P2
P285C,Shift Fork A Actuator Performance,33,P2
P285D,Shift Fork A Actuator Circuit Low,33,P2
P285E,Shift Fork A Actuator Circuit High,34,P2
P285F,Shift Fork B Actuator Circuit/Open,34,P2
P2860,Shift Fork B Actuator Performance,33,P2
P2861,Shift Fork B Actuator Circuit Low,33,P2
P2862,Shift Fork B Actuator Circuit High,34,P2
P2863,Shift Fork E Position Circuit,29,P2
P2864,Shift Fork E Position Circuit Range/Performance,47,P2
P2865,Shift Fork E Position Circuit Low,33,P2
P2866,Shift Fork E Position Circuit High,34,P2
P2867,Shift Fork E Position Circuit Intermittent,42,P2
P2868,Shift Fork E Position Sensor Incorrect Neutral Position Indicated,65,P2
P2869,Shift Fork E Stuck,18,P2
P286A,Shift Fork E Unrequested Movement,33,P2
P286B,Clutch A Pressure Engagement Too High,37,P2
P286C,Clutch A Pressure Disengagement Too High,40,P2
P286D,Clutch A Engagement Time Performance/Too Slow,45,P2
P286E,Clutch A Engagement Time Too Fast,33,P2
P286F,Clutch A Disengagement Time Performance/Too Slow,48,P2
P2870,Clutch A Disengagement Time Too Fast,36,P2
P2871,Clutch A Performance/Stuck Disengaged,37,P2
P2872,Clutch A Stuck Engaged,22,P2
P2873,Clutch B Pressure Engagement Too High,37,P2
P2874,Clutch B Pressure Disengagement Too High,40,P2
P2875,Clutch B Engagement Time Performance/Too Slow,45,P2
P2876,Clutch B Engagement Time Too Fast,33,P2
P2877,Clutch B Disengagement Time Performance/Too Slow,48,P2
P2878,Clutch B Disengagement Time Too Fast,36,P2
P2879,Clutch B Performance/Stuck Disengaged,37,P2
P287A,Clutch B Stuck Engaged,22,P2
P287B,Shift Fork A Calibration Not Learned,36,P2
P287C,Transmission Adaptive Values Not Learned,40,P2
P287D,Electric/Auxiliary Transmission Fluid Pump Motor Torque Out Of Range,68,P2
P287E,Engine Disconnect Clutch Actuator Circuit/Open,46,P2
P287F,Engine Disconnect Clutch Actuator Circuit Range/Performance,59,P2
P2880,Engine Disconnect Clutch Actuator Circuit Low,45,P2
P2881,Engine Disconnect Clutch Actuator Circuit High,46,P2
P2882,Engine Disconnect Clutch Excessive Slippage,43,P2
P2883,Engine Disconnect Clutch Temperature Too High,45,P2
P2884,Engine Disconnect Clutch Stuck Open,35,P2
P2885,Engine Disconnect Clutch Engagement Fault,41,P2
P2886,Engine Disconnect Clutch Stuck Closed,37,P2
P2887,Park Lock/Pawl Actuator Circuit,31,P2
P2888,Park Lock/Pawl Actuator Circuit/Open,36,P2
P2889,Park Lock/Pawl Actuator Circuit Low,35,P2
P288A,Park Lock/Pawl Actuator Circuit High,36,P2
P288B,Park Lock/Pawl Actuator Circuit Performance,43,P2
P288C,Engine Disconnect Clutch Actuator Control Circuit Driver Current/Temperature Too High,85,P2
P288D,Shift Fork B Calibration Not Learned,36,P2
P288E,Shift Fork “A” Actuator Control Circuit Driver Current/Temperature Too High,75,P2
P288F,Shift Fork “B” Actuator Control Circuit Driver Current/Temperature Too High,75,P2
P2890,Cylinder 1 Ion Current Sense Circuit,36,P2
P2891,Cylinder 1 Ion Current Sense Circuit Range/Performance,54,P2
P2892,Cylinder 1 Ion Current Sense Circuit Low,40,P2
P2893,Cylinder 1 Ion Current Sense Circuit High,41,P2
P2894,Cylinder 2 Ion Current Sense Circuit,36,P2
P2895,Cylinder 2 Ion Current Sense Circuit Range/Performance,54,P2
P2896,Cylinder 2 Ion Current Sense Circuit Low,40,P2
P2897,Cylinder 2 Ion Current Sense Circuit High,41,P2
P2898,Cylinder 3 Ion Current Sense Circuit,36,P2
P2899,Cylinder 3 Ion Current Sense Circuit Range/Performance,54,P2
P289A,Cylinder 3 Ion Current Sense Circuit Low,40,P2
P289B,Cylinder 3 Ion Current Sense Circuit High,41,P2
P289C,Cylinder 4 Ion Current Sense Circuit,36,P2
P289D,Cylinder 4 Ion Current Sense Circuit Range/Performance,54,P2
P289E,Cylinder 4 Ion Current Sense Circuit Low,40,P2
P289F,Cylinder 4 Ion Current Sense Circuit High,41,P2
P28A0,Cylinder 5 Ion Current Sense Circuit,36,P2
P28A1,Cylinder 5 Ion Current Sense Circuit Range/Performance,54,P2
P28A2,Cylinder 5 Ion Current Sense Circuit Low,40,P2
P28A3,Cylinder 5 Ion Current Sense Circuit High,41,P2
P28A4,Cylinder 6 Ion Current Sense Circuit,36,P2
P28A5,Cylinder 6 Ion Current Sense Circuit Range/Performance,54,P2
P28A6,Cylinder 6 Ion Current Sense Circuit Low,40,P2
P28A7,Cylinder 6 Ion Current Sense Circuit High,41,P2
P28A8,Cylinder 7 Ion Current Sense Circuit,36,P2
P28A9,Cylinder 7 Ion Current Sense Circuit Range/Performance,54,P2
P28AA,Cylinder 7 Ion Current Sense Circuit Low,40,P2
P28AB,Cylinder 7 Ion Current Sense Circuit High,41,P2
P28AC,Cylinder 8 Ion Current Sense Circuit,36,P2
P28AD,Cylinder 8 Ion Current Sense Circuit Range/Performance,54,P2
P28AE,Cylinder 8 Ion Current Sense Circuit Low,40,P2
P28AF,Cylinder 8 Ion Current Sense Circuit High,41,P2
P28B0,Cylinder 9 Ion Current Sense Circuit,36,P2
P28B1,Cylinder 9 Ion Current Sense Circuit Range/Performance,54,P2
P28B2,Cylinder 9 Ion Current Sense Circuit Low,40,P2
P28B3,Cylinder 9 Ion Current Sense Circuit High,41,P2
P28B4,Cylinder 10 Ion Current Sense Circuit,37,P2
P28B5,Cylinder 10 Ion Current Sense Circuit Range/Performance,55,P2
P28B6,Cylinder 10 Ion Current Sense Circuit Low,41,P2
P28B7,Cylinder 10 Ion Current Sense Circuit High,42,P2
P28B8,Cylinder 11 Ion Current Sense Circuit,37,P2
P28B9,Cylinder 11 Ion Current Sense Circuit Range/Performance,55,P2
P28BA,Cylinder 11 Ion Current Sense Circuit Low,41,P2
P28BB,Cylinder 11 Ion Current Sense Circuit High,42,P2
P28BC,Cylinder 12 Ion Current Sense Circuit,37,P2
P28BD,Cylinder 12 Ion Current Sense Circuit Range/Performance,55,P2
P28BE,Cylinder 12 Ion Current Sense Circuit Low,41,P2
P28BF,Cylinder 12 Ion Current Sense Circuit High,42,P2
P28C0,Ion Sense Module Supply Voltage Circuit,39,P2
P28C1,Ion Sense Module Supply Voltage Low,35,P2
P28C2,Ion Sense Module Supply Voltage High,36,P2
P28C3,EVAP System High Load Purge Line B Performance,46,P2
P28C4,Clutch A Motor Phase U-V-W Circuit Low,38,P2
P28C5,Clutch A Motor Phase U-V-W Circuit High,39,P2
P28C6,Clutch A Motor Phase U-V-W Circuit/Open,39,P2
P28C7,Clutch A Motor Phase U-V-W Performance,38,P2
P28C8,Clutch A Pump Motor Performance,31,P2
P28C9,Clutch A Motor Overspeed,24,P2
P28CA,Clutch A Motor Underspeed,25,P2
P28CB,Clutch A Motor Position Sensor Circuit/Open,43,P2
P28CC,Clutch A Motor Position Sensor Circuit Range/Performance,56,P2
P28CD,Clutch A Pressure Sensor Circuit/Open,37,P2
P28CE,Clutch A Pressure Sensor Circuit Low,36,P2
P28CF,Clutch A Pressure Sensor Circuit High,37,P2
P28D0,Clutch A Pressure Sensor Circuit Range/Performance,50,P2
P28D1,Clutch A Motor Driver Current/Temperature Too High,50,P2
P28D2,Clutch B Motor Phase U-V-W Circuit Low,38,P2
P28D3,Clutch B Motor Phase U-V-W Circuit High,39,P2
P28D4,Clutch B Motor Phase U-V-W Circuit/Open,39,P2
P28D5,Clutch B Motor Phase U-V-W Performance,38,P2
P28D6,Clutch B Motor Driver Current/Temperature Too High,50,P2
P28D7,Clutch B Pump Motor Performance,31,P2
P28D8,Clutch B Motor Overspeed,24,P2
P28D9,Clutch B Motor Underspeed,25,P2
P28DA,Clutch B Motor Position Sensor Circuit/Open,43,P2
P28DB,Clutch B Motor Position Sensor Circuit Range/Performance,56,P2
P28DC,Clutch B Pressure Sensor Circuit/Open,37,P2
P28DD,Clutch B Pressure Sensor Circuit Low,36,P2
P28DE,Clutch B Pressure Sensor Circuit High,37,P2
P28DF,Clutch B Pressure Sensor Circuit Range/Performance,50,P2
P28E0,Shift Motor Phase U-V-W Circuit Low,35,P2
P28E1,Shift Motor Phase U-V-W Circuit High,36,P2
P28E2,Shift Motor Phase U-V-W Circuit/Open,36,P2
P28E3,Shift Motor Phase U-V-W Performance,35,P2
P28E4,Shift Motor Driver Current/Temperature Too High,47,P2
P28E5,Shift Motor Performance,23,P2
P28E6,Shift Motor Overspeed,21,P2
P28E7,Shift Motor Position Sensor Circuit/Open,40,P2
P28E8,Shift Motor Position Sensor Circuit High,40,P2
P28E9,Shift Motor Position Sensor Circuit Low,39,P2
P28EA,Shift Motor Position Sensor Circuit Range/Performance,53,P2
P28EB,Shift Motor Position Not Learned,32,P2
P28EC,Shift Motor Position Sensor Exceeded Learning Limit,51,P2
P28ED,Electric/Auxiliary Transmission Fluid Pump B Overspeed,54,P2
P28EE,Electric/Auxiliary Transmission Fluid Pump B Underspeed,55,P2
P28EF,Engine Disconnect Clutch Actuator Performance/Stuck Off,55,P2
P28F0,Engine Disconnect Clutch Actuator Stuck On,42,P2
P28F1,Engine Disconnect Clutch Pressure Sensor Circuit,48,P2
P28F2,Engine Disconnect Clutch Pressure Sensor Circuit Range/Performance,66,P2
P28F3,Engine Disconnect Clutch Pressure Sensor Circuit Low,52,P2
P28F4,Engine Disconnect Clutch Pressure Sensor Circuit High,53,P2
P28F5,Engine Disconnect Clutch Pressure Sensor Circuit Intermittent/Erratic,69,P2
P28F6,Engine Disconnect Clutch Actuator Circuit Intermittent,54,P2
P28F7,Exhaust Pressure Too High Bank 1,32,P2
P28F8,Exhaust Pressure Too High Bank 2,32,P2
P28F9,Exhaust Pressure Too Low Bank 1,31,P2
P28FA,Exhaust Pressure Too Low Bank 2,31,P2
P2A00,O2 Sensor Circuit Range/Performance Bank 1 Sensor 1,51,P2
P2A01,O2 Sensor Circuit Range/Performance Bank 1 Sensor 2,51,P2
P2A02,O2 Sensor Circuit Range/Performance Bank 1 Sensor 3,51,P2
P2A03,O2 Sensor Circuit Range/Performance Bank 2 Sensor 1,51,P2
P2A04,O2 Sensor Circuit Range/Performance Bank 2 Sensor 2,51,P2
P2A05,O2 Sensor Circuit Range/Performance Bank 2 Sensor 3,51,P2
P2A06,O2 Sensor Negative Voltage Bank 1 Sensor 1,42,P2
P2A07,O2 Sensor Negative Voltage Bank 1 Sensor 2,42,P2
P2A08,O2 Sensor Negative Voltage Bank 1 Sensor 3,42,P2
P2A09,O2 Sensor Negative Voltage Bank 2 Sensor 1,42,P2
P2A0A,Manifold Absolute Pressure Sensor B Circuit,43,P2
P2A0B,Manifold Absolute Pressure Sensor B Circuit Range/Performance,61,P2
P2A0C,Manifold Absolute Pressure Sensor B Circuit Low,47,P2
P2A0D,Manifold Absolute Pressure Sensor B Circuit High,48,P2
P2A0E,Manifold Absolute Pressure Sensor B Circuit Intermittent/Erratic,64,P2
P2A0F,Fuel Supply Heater Performance,30,P2
P2A10,O2 Sensor Negative Voltage Bank 2 Sensor 2,42,P2
P2A11,O2 Sensor Negative Voltage Bank 2 Sensor 3,42,P2
P2A12,Injection Pump Fuel Metering Control C (Cam/Rotor/Injector),59,P2
P2A13,Injection Pump Fuel Metering Control C Range/Performance (Cam/Rotor/Injector),77,P2
P2A14,Injection Pump Fuel Metering Control C Low (Cam/Rotor/Injector),63,P2
P2A15,Injection Pump Fuel Metering Control C High (Cam/Rotor/Injector),64,P2
P2A16,Injection Pump Fuel Metering Control D (Cam/Rotor/Injector),59,P2
P2A17,Injection Pump Fuel Metering Control D Range/Performance (Cam/Rotor/Injector),77,P2
P2A18,Injection Pump Fuel Metering Control D Low (Cam/Rotor/Injector),63,P2
P2A19,Injection Pump Fuel Metering Control D High (Cam/Rotor/Injector),64,P2
P2A1A,Injection Pump Fuel Metering Control E (Cam/Rotor/Injector),59,P2
P2A1B,Injection Pump Fuel Metering Control E Range/Performance (Cam/Rotor/Injector),77,P2
P2A1C,Injection Pump Fuel Metering Control E Low (Cam/Rotor/Injector),63,P2
P2A1D,Injection Pump Fuel Metering Control E High (Cam/Rotor/Injector),64,P2
P2A1E,Injection Pump Fuel Metering Control F (Cam/Rotor/Injector),59,P2
P2A1F,Injection Pump Fuel Metering Control F Range/Performance (Cam/Rotor/Injector),77,P2
P2A20,Injection Pump Fuel Metering Control F Low (Cam/Rotor/Injector),63,P2
P2A21,Injection Pump Fuel Metering Control F High (Cam/Rotor/Injector),64,P2
P2A22,Alternative Fuel Tank Shutoff Valve B Control Circuit/Open,58,P2
P2A23,Alternative Fuel Tank Shutoff Valve B Control Circuit Performance/Stuck Off,75,P2
P2A24,Alternative Fuel Tank Shutoff Valve B Control Circuit Low,57,P2
P2A25,Alternative Fuel Tank Shutoff Valve B Control Circuit High,58,P2
P2A26,Alternative Fuel Tank Shutoff Valve C Control Circuit/Open,58,P2
P2A27,Alternative Fuel Tank Shutoff Valve C Control Circuit Performance/Stuck Off,75,P2
P2A28,Alternative Fuel Tank Shutoff Valve C Control Circuit Low,57,P2
P2A29,Alternative Fuel Tank Shutoff Valve C Control Circuit High,58,P2
P2A2A,Alternative Fuel Tank Shutoff Valve D Control Circuit/Open,58,P2
P2A2B,Alternative Fuel Tank Shutoff Valve D Control Circuit Performance/Stuck Off,75,P2
P2A2C,Alternative Fuel Tank Shutoff Valve D Control Circuit Low,57,P2
P2A2D,Alternative Fuel Tank Shutoff Valve D Control Circuit High,58,P2
P2A2E,Alternative Fuel Tank Shutoff Valve E Control Circuit/Open,58,P2
P2A2F,Alternative Fuel Tank Shutoff Valve E Control Circuit Performance/Stuck Off,75,P2
P2A30,Alternative Fuel Tank Shutoff Valve E Control Circuit Low,57,P2
P2A31,Alternative Fuel Tank Shutoff Valve E Control Circuit High,58,P2
P2A32,AFCM Power Relay Control Circuit/Open,37,P2
P2A33,AFCM Power Relay Control Circuit Low,36,P2
P2A34,AFCM Power Relay Control Circuit High,37,P2
P2A35,AFCM Power Relay Sense Circuit,30,P2
P2A36,AFCM Power Relay Sense Circuit Low,34,P2
P2A37,AFCM Power Relay Sense Circuit High,35,P2
P2A38,O2 Sensor Positive Current Control Circuit/Open Bank 1 Sensor 3,63,P2
P2A39,O2 Sensor Positive Current Control Circuit Low Bank 1 Sensor 3,62,P2
P2A3A,O2 Sensor Positive Current Control Circuit High Bank 1 Sensor 3,63,P2
P2A3B,O2 Sensor Negative Current Control Circuit/Open Bank 1 Sensor 3,63,P2
P2A3C,O2 Sensor Negative Current Control Circuit Low Bank 1 Sensor 3,62,P2
P2A3D,O2 Sensor Negative Current Control Circuit High Bank 1 Sensor 3,63,P2
P2A3E,Alternative Fuel Delivery Error,31,P2
P2A3F,Excessive Time to Enter Alternative Fuel Control,48,P2
P2A40,Alternative Fuel System - Injector Leakage to Rail Detected,59,P2
P2A41,Alternative Fuel Tank B Pressure Sensor Circuit,47,P2
P2A42,Alternative Fuel Tank B Pressure Sensor Range/Performance,57,P2
P2A43,Alternative Fuel Tank B Pressure Sensor Circuit Low,51,P2
P2A44,Alternative Fuel Tank B Pressure Sensor Circuit High,52,P2
P2A45,Alternative Fuel Tank B Pressure Sensor Circuit Intermittent/Erratic,68,P2
P2A46,Alternative Fuel Tank C Pressure Sensor Circuit,47,P2
P2A47,Alternative Fuel Tank C Pressure Sensor Range/Performance,57,P2
P2A48,Alternative Fuel Tank C Pressure Sensor Circuit Low,51,P2
P2A49,Alternative Fuel Tank C Pressure Sensor Circuit High,52,P2
P2A4A,Alternative Fuel Tank C Pressure Sensor Circuit Intermittent/Erratic,68,P2
P2A4B,Alternative Fuel Temperature Sensor Circuit,43,P2
P2A4C,Alternative Fuel Temperature Sensor Range/Performance,53,P2
P2A4D,Alternative Fuel Temperature Sensor Circuit Low,47,P2
P2A4E,Alternative Fuel Temperature Sensor Circuit High,48,P2
P2A4F,Alternative Fuel Temperature Sensor Circuit Intermittent/Erratic,64,P2
P2A50,Alternative Fuel Vaporizer A Outlet Temperature Sensor Circuit,62,P2
P2A51,Alternative Fuel Vaporizer A Outlet Temperature Sensor Range/Performance,72,P2
P2A52,Alternative Fuel Vaporizer A Outlet Temperature Sensor Circuit Low,66,P2
P2A53,Alternative Fuel Vaporizer A Outlet Temperature Sensor Circuit High,67,P2
P2A54,Alternative Fuel Vaporizer A Outlet Temperature Sensor Circuit Intermittent/Erratic,83,P2
P2A55,Alternative Fuel Vaporizer B Outlet Temperature Sensor Circuit,62,P2
P2A56,Alternative Fuel Vaporizer B Outlet Temperature Sensor Range/Performance,72,P2
P2A57,Alternative Fuel Vaporizer B Outlet Temperature Sensor Circuit Low,66,P2
P2A58,Alternative Fuel Vaporizer B Outlet Temperature Sensor Circuit High,67,P2
P2A59,Alternative Fuel Vaporizer B Outlet Temperature Sensor Circuit Intermittent/Erratic,83,P2
P2A5A,Alternative Fuel Vaporizer C Outlet Temperature Sensor Circuit,62,P2
P2A5B,Alternative Fuel Vaporizer C Outlet Temperature Sensor Range/Performance,72,P2
P2A5C,Alternative Fuel Vaporizer C Outlet Temperature Sensor Circuit Low,66,P2
P2A5D,Alternative Fuel Vaporizer C Outlet Temperature Sensor Circuit High,67,P2
P2A5E,Alternative Fuel Vaporizer C Outlet Temperature Sensor Circuit Intermittent/Erratic,83,P2
P2A5F,Alternative Fuel Tank B Level Sensor Circuit,44,P2
P2A60,Alternative Fuel Tank B Level Sensor Range/Performance,54,P2
P2A61,Alternative Fuel Tank B Level Sensor Circuit Low,48,P2
P2A62,Alternative Fuel Tank B Level Sensor Circuit High,49,P2
P2A63,Alternative Fuel Tank B Level Sensor Circuit Intermittent/Erratic,65,P2
P2A64,Alternative Fuel Tank C Level Sensor Circuit,44,P2
P2A65,Alternative Fuel Tank C Level Sensor Range/Performance,54,P2
P2A66,Alternative Fuel Tank C Level Sensor Circuit Low,48,P2
P2A67,Alternative Fuel Tank C Level Sensor Circuit High,49,P2
P2A68,Alternative Fuel Tank C Level Sensor Circuit Intermittent/Erratic,65,P2
P2A69,Alternative Fuel Rail Pressure Regulator Inlet Pressure Sensor Circuit,70,P2
P2A6A,Alternative Fuel Rail Pressure Regulator Inlet Pressure Sensor Range/Performance,80,P2
P2A6B,Alternative Fuel Rail Pressure Regulator Inlet Pressure Sensor Circuit Low,74,P2
P2A6C,Alternative Fuel Rail Pressure Regulator Inlet Pressure Sensor Circuit High,75,P2
P2A6D,Alternative Fuel Rail Pressure Regulator Inlet Pressure Sensor Circuit Intermittent/Erratic,91,P2
P2A6E,Alternative Fuel Rail Pressure Regulator Inlet Pressure Too Low,63,P2
P2A6F,Alternative Fuel Rail Pressure Regulator Inlet Pressure Too High,64,P2
P2A70,Alternative Fuel Hydraulic Fuel Pump Select Valve Control Circuit,65,P2
P2A71,Alternative Fuel Hydraulic Fuel Pump Select Valve Control Range/Performance,75,P2
P2A72,Alternative Fuel Hydraulic Fuel Pump Select Valve Control Circuit Low,69,P2
P2A73,Alternative Fuel Hydraulic Fuel Pump Select Valve Control Circuit High,70,P2
P2A74,Alternative Fuel Hydraulic Fuel Pump Select Valve Control Circuit Intermittent/Erratic,86,P2
P2A75,Alternative Fuel Hydraulic Pump Pressure Sensor Circuit,55,P2
P2A76,Alternative Fuel Hydraulic Pump Pressure Sensor Range/Performance,65,P2
P2A77,Alternative Fuel Hydraulic Pump Pressure Sensor Circuit Low,59,P2
P2A78,Alternative Fuel Hydraulic Pump Pressure Sensor Circuit High,60,P2
P2A79,Alternative Fuel Hydraulic Pump Pressure Sensor Circuit Intermittent/Erratic,76,P2
P2A7A,Alternative Fuel Hydraulic Pressure Sensor Circuit,50,P2
P2A7B,Alternative Fuel Hydraulic Pressure Sensor Range/Performance,60,P2
P2A7C,Alternative Fuel Hydraulic Pressure Sensor Circuit Low,54,P2
P2A7D,Alternative Fuel Hydraulic Pressure Sensor Circuit High,55,P2
P2A7E,Alternative Fuel Hydraulic Pressure Sensor Circuit Intermitttent/Erratic,72,P2
P2A7F,Alternative Fuel Pump A Compression Stroke Valve Control Circuit/Open,69,P2
P2A80,Alternative Fuel Pump A Compression Stroke Valve Control Circuit Range/Performance,82,P2
P2A81,Alternative Fuel Pump A Compression Stroke Valve Control Circuit Low,68,P2
P2A82,Alternative Fuel Pump A Compression Stroke Valve Control Circuit High,69,P2
P2A83,Alternative Fuel Pump B Compression Stroke Valve Control Circuit/Open,69,P2
P2A84,Alternative Fuel Pump B Compression Stroke Valve Control Circuit Range/Performance,82,P2
P2A85,Alternative Fuel Pump B Compression Stroke Valve Control Circuit Low,68,P2
P2A86,Alternative Fuel Pump B Compression Stroke Valve Control Circuit High,69,P2
P2A87,Alternative Fuel Pump C Compression Stroke Valve Control Circuit/Open,69,P2
P2A88,Alternative Fuel Pump C Compression Stroke Valve Control Circuit Range/Performance,82,P2
P2A89,Alternative Fuel Pump C Compression Stroke Valve Control Circuit Low,68,P2
P2A8A,Alternative Fuel Pump C Compression Stroke Valve Control Circuit High,69,P2
P2A8B,Alternative Fuel Vaporizer A Performance,40,P2
P2A8C,Alternative Fuel Vaporizer B Performance,40,P2
P2A8D,Alternative Fuel Vaporizer C Performance,40,P2
P2A8E,Alternative Fuel Pump A Performance,35,P2
P2A8F,Alternative Fuel Pump B Performance,35,P2
P2A90,Alternative Fuel Pump C Performance,35,P2
P2A91,Alternative Fuel Tank Select Valve A Control Circuit/Open,57,P2
P2A92,Alternative Fuel Tank Select Valve A Control Performance,56,P2
P2A93,Alternative Fuel Tank Select Valve A Control Circuit Low,56,P2
P2A94,Alternative Fuel Tank Select Valve A Control Circuit High,57,P2
P2A95,Alternative Fuel Tank Select Valve B Control Circuit/Open,57,P2
P2A96,Alternative Fuel Tank Select Valve B Control Circuit Performance,64,P2
P2A97,Alternative Fuel Tank Select Valve B Control Circuit Low,56,P2
P2A98,Alternative Fuel Tank Select Valve B Control Circuit High,57,P2
P2A99,Alternative Fuel Tank Select Valve C Control Circuit/Open,57,P2
P2A9A,Alternative Fuel Tank Select Valve C Control Circuit Performance,64,P2
P2A9B,Alternative Fuel Tank Select Valve C Control Circuit Low,56,P2
P2A9C,Alternative Fuel Tank Select Valve C Control Circuit High,57,P2
P2A9D,Alternative Fuel High Pressure System Small Leak,48,P2
P2A9E,Alternative Fuel Return Line Valve Control Circuit/Open,55,P2
P2A9F,Alternative Fuel Return Line Valve Control Circuit Range/Performance,68,P2
P2AA0,Alternative Fuel Return Line Valve Control Circuit Low,54,P2
P2AA1,Alternative Fuel Return Line Valve Control Circuit High,55,P2
P2AA2,Alternative Fuel Return Line Insufficient Flow,46,P2
P2AA3,Cold Start EGR B Flow Insufficient Detected,43,P2
P2AA4,Cold Start EGR B Flow Excessive Detected,40,P2
P2AA5,EGR Cooler Bypass Control Circuit Driver Current/Temperature Too High Bank 1,76,P2
P2AA6,EGR Cooler Bypass Control Circuit Driver Current/Temperature Too High Bank 2,76,P2
P2AA7,Engine Coolant Bypass Valve B Position Sensor Circuit,53,P2
P2AA8,Engine Coolant Bypass Valve B Position Sensor Circuit Range/Performance,71,P2
P2AA9,Engine Coolant Bypass Valve B Position Sensor Circuit Low,57,P2
P2AAA,Engine Coolant Bypass Valve B Position Sensor Circuit High,58,P2
P2AAB,Engine Coolant Bypass Valve B Position Sensor Circuit Intermittent/Erratic,74,P2
P2AAC,Diesel Fuel Presence Sensor Circuit,35,P2
P2AAD,Diesel Fuel Presence Sensor Circuit Range/Performance,53,P2
P2AAE,Diesel Fuel Presence Sensor Circuit Low,39,P2
P2AAF,Diesel Fuel Presence Sensor Circuit High,40,P2
P2AB0,Particulate Matter Sensor Processor Performance,47,P2
P2AB1,Catalyst Heater Control Module Performance,42,P2
P2AB2,Catalyst Heater Control Module Supply Voltage,45,P2
P2AB3,Cold Start Intake Manifold Runner Control Stuck Open Bank 1,59,P2
P2AB4,Cold Start Intake Manifold Runner Control Stuck Open Bank 2,59,P2
P2AB5,Cold Start Intake Manifold Runner Control Stuck Closed Bank 1,61,P2
P2AB6,Cold Start Intake Manifold Runner Control Stuck Closed Bank 2,61,P2
P2AB7,Wastegate Position Sensor A Circuit,35,P2
P2AB8,Wastegate Position Sensor A Circuit Low,39,P2
P2AB9,Wastegate Position Sensor A Circuit High,40,P2
P2ABA,Wastegate Position Sensor B Circuit,35,P2
P2ABB,Wastegate Position Sensor B Circuit Low,39,P2
P2ABC,Wastegate Position Sensor B Circuit High,40,P2
P2ABD,Turbocharger/Supercharger Wastegate Actuator A Driver Current/Temperature Too High,82,P2
P2ABE,Turbocharger/Supercharger Wastegate Actuator B Driver Current/Temperature Too High,82,P2
P2ABF,Intake Air O2 Sensor Reference Voltage Circuit/Open Bank 1,58,P2
P2AC0,Intake Air O2 Sensor Reference Voltage Circuit Range/Performance Bank 1,71,P2
P2AC1,Intake Air O2 Sensor Reference Voltage Circuit Low Bank 1,57,P2
P2AC2,Intake Air O2 Sensor Reference Voltage Circuit High Bank 1,58,P2
P2AC3,Intake Air O2 Sensor Reference Voltage Circuit/Open Bank 2,58,P2
P2AC4,Intake Air O2 Sensor Reference Voltage Circuit Range/Performance Bank 2,71,P2
P2AC5,Intake Air O2 Sensor Reference Voltage Circuit Low Bank 2,57,P2
P2AC6,Intake Air O2 Sensor Reference Voltage Circuit High Bank 2,58,P2
P2AC7,Charge Air Cooler Coolant Temperature Sensor B Circuit,54,P2
P2AC8,Charge Air Cooler Coolant Temperature Sensor B Circuit Range/Performance,72,P2
P2AC9,Charge Air Cooler Coolant Temperature Sensor B Circuit Low,58,P2
P2ACA,Charge Air Cooler Coolant Temperature Sensor B Circuit High,59,P2
P2ACB,Charge Air Cooler Coolant Temperature Sensor B Intermittent/Erratic,67,P2
P2ACC,Reductant Temperature Sensor B Circuit,38,P2
P2ACD,Reductant Temperature Sensor B Circuit Range/Performance,56,P2
P2ACE,Reductant Temperature Sensor B Circuit Low,42,P2
P2ACF,Reductant Temperature Sensor B Circuit High,43,P2
P2AD0,Reductant Temperature Sensor B Circuit Intermittent,51,P2
P2AD1,Throttle/Pedal Position Sensor/Switch C/G Voltage Correlation,61,P2
P2AD2,Throttle/Pedal Position Sensor/Switch B/G Voltage Correlation,61,P2
P2AD3,Throttle/Pedal Position Sensor/Switch A/G Voltage Correlation,61,P2
P2AD4,Intermediate System Voltage Low,31,P2
P2AD5,Intermediate System Voltage High,32,P2
P2AD6,Reductant Pump Motor Position Sensor Circuit,44,P2
P2AD7,Reductant Pump Motor Position Sensor Circuit Range/Performance,62,P2
P2AD8,Reductant Pump Motor Position Sensor Circuit Low,48,P2
P2AD9,Reductant Pump Motor Position Sensor Circuit High,49,P2
P2ADA,Reductant Tank Temperature Sensor B Circuit Range/Performance,61,P2
P2ADB,Reductant Tank Temperature Sensor B Circuit Low,47,P2
P2ADC,Reductant Tank Temperature Sensor B Circuit High,48,P2
P2ADD,Reductant Tank Temperature Sensor B Circuit Intermittent/Erratic,64,P2
P2ADE,Reductant Tank Temperature Sensor B Circuit,43,P2
P2ADF,Intake Air System Leak Bank 2,29,P2
P2AE0,Intake Air O2 Sensor Pumping Current Trim Circuit Open Bank 1,61,P2
P2AE1,Intake Air O2 Sensor Pumping Current Trim Circuit Low Bank 1,60,P2
P2AE2,Intake Air O2 Sensor Pumping Current Trim Circuit High Bank 1,61,P2
P2AE3,Intake Air O2 Sensor Pumping Current Circuit Open Bank 1,56,P2
P2AE4,Intake Air O2 Sensor Pumping Current Circuit Low Bank 1,55,P2
P2AE5,Intake Air O2 Sensor Pumping Current Circuit High Bank 1,56,P2
P2AE6,Intake Air O2 Sensor Negative Current Control Circuit Open Bank 1,65,P2
P2AE7,Intake Air O2 Sensor Negative Current Control Circuit Low Bank 1,64,P2
P2AE8,Intake Air O2 Sensor Negative Current Control Circuit High Bank 1,65,P2
P2AE9,Intake Air O2 Sensor Pumping Current Trim Circuit Open Bank 2,61,P2
P2AEA,Intake Air O2 Sensor Pumping Current Trim Circuit Low Bank 2,60,P2
P2AEB,Intake Air O2 Sensor Pumping Current Trim Circuit High Bank 2,61,P2
P2AEC,Intake Air O2 Sensor Pumping Current Circuit Open Bank 2,56,P2
P2AED,Intake Air O2 Sensor Pumping Current Circuit Low Bank 2,55,P2
P2AEE,Intake Air O2 Sensor Pumping Current Circuit High Bank 2,56,P2
P2AEF,Intake Air O2 Sensor Negative Current Control Circuit Open Bank 2,65,P2
P2AF0,Intake Air O2 Sensor Negative Current Control Circuit Low Bank 2,64,P2
P2AF1,Intake Air O2 Sensor Negative Current Control Circuit High Bank 2,65,P2
P2AF2,Starter Relay C Control Circuit/Open,36,P2
P2AF3,Starter Relay C Control Circuit Low,35,P2
P2AF4,Starter Relay C Control Circuit High,36,P2
P2AF5,Starter Relay C Stuck On,24,P2
P2AF6,Starter Relay C Stuck Off,25,P2
P2AF7,Starter Relay D Control Circuit/Open,36,P2
P2AF8,Starter Relay D Control Circuit Low,35,P2
P2AF9,Starter Relay D Control Circuit High,36,P2
P2AFA,Starter Relay D Stuck On,24,P2
P2AFB,Starter Relay D Stuck Off,25,P2
P2AFC,Engine Coolant Temperature Sensor 4 Circuit,43,P2
P2AFD,Engine Coolant Temperature Sensor 4 Circuit Range/Performance,61,P2
P2AFE,Engine Coolant Temperature Sensor 4 Circuit Low,47,P2
P2AFF,Engine Coolant Temperature Sensor 4 Circuit High,48,P2
P2B00,Cylinder 1 Injection Pulse Performance,38,P2
P2B01,Cylinder 2 Injection Pulse Performance,38,P2
P2B02,Cylinder 3 Injection Pulse Performance,38,P2
P2B03,Cylinder 4 Injection Pulse Performance,38,P2
P2B04,Cylinder 5 Injection Pulse Performance,38,P2
P2B05,Cylinder 6 Injection Pulse Performance,38,P2
P2B06,Cylinder 7 Injection Pulse Performance,38,P2
P2B07,Cylinder 8 Injection Pulse Performance,38,P2
P2B08,Cold Start Cylinder 1 Injection Pulse Performance,49,P2
P2B09,Cold Start Cylinder 2 Injection Pulse Performance,49,P2
P2B0A,Cold Start Cylinder 3 Injection Pulse Performance,49,P2
P2B0B,Cold Start Cylinder 4 Injection Pulse Performance,49,P2
P2B0C,Cold Start Cylinder 5 Injection Pulse Performance,49,P2
P2B0D,Cold Start Cylinder 6 Injection Pulse Performance,49,P2
P2B0E,Cold Start Cylinder 7 Injection Pulse Performance,49,P2
P2B0F,Cold Start Cylinder 8 Injection Pulse Performance,49,P2
P2B10,Cylinder 1 Injection Pulse Offset Not Learned,45,P2
P2B11,Cylinder 1 Injection Pulse Offset Exceeded Learning Limit,57,P2
P2B12,Cylinder 2 Injection Pulse Offset Not Learned,45,P2
P2B13,Cylinder 2 Injection Pulse Offset Exceeded Learning Limit,57,P2
P2B14,Cylinder 3 Injection Pulse Offset Not Learned,45,P2
P2B15,Cylinder 3 Injection Pulse Offset Exceeded Learning Limit,57,P2
P2B16,Cylinder 4 Injection Pulse Offset Not Learned,45,P2
P2B17,Cylinder 4 Injection Pulse Offset Exceeded Learning Limit,57,P2
P2B18,Cylinder 5 Injection Pulse Offset Not Learned,45,P2
P2B19,Cylinder 5 Injection Pulse Offset Exceeded Learning Limit,57,P2
P2B1A,Cylinder 6 Injection Pulse Offset Not Learned,45,P2
P2B1B,Cylinder 6 Injection Pulse Offset Exceeded Learning Limit,57,P2
P2B1C,Cylinder 7 Injection Pulse Offset Not Learned,45,P2
P2B1D,Cylinder 7 Injection Pulse Offset Exceeded Learning Limit,57,P2
P2B1E,Cylinder 8 Injection Pulse Offset Not Learned,45,P2
P2B1F,Cylinder 8 Injection Pulse Offset Exceeded Learning Limit,57,P2
P2B20,Hybrid/EV Electronics Coolant Temperature Sensor B Circuit,58,P2
P2B21,Hybrid/EV Electronics Coolant Temperature Sensor B Circuit Range/Perfomance,75,P2
P2B22,Hybrid/EV Electronics Coolant Temperature Sensor B Circuit Low,62,P2
P2B23,Hybrid/EV Electronics Coolant Temperature Sensor B Circuit High,63,P2
P2B24,Hybrid/EV Electronics Coolant Temperature Sensor C Circuit,58,P2
P2B25,Hybrid/EV Electronics Coolant Temperature Sensor C Circuit Range/Perfomance,75,P2
P2B26,Hybrid/EV Electronics Coolant Temperature Sensor C Circuit Low,62,P2
P2B27,Hybrid/EV Electronics Coolant Temperature Sensor C Circuit High,63,P2
P2B28,Hybrid/EV Battery Pack Coolant Pump A Performance,49,P2
P2B29,Hybrid/EV Battery Pack Coolant Pump A Overspeed - Dry Run,57,P2
P2B2A,Hybrid/EV Electronics Coolant Pump A Overspeed - Dry Run,56,P2
P2B2B,Engine Coolant Temperature Sensor 5 Circuit,43,P2
P2B2C,Engine Coolant Temperature Sensor 5 Circuit Range/Performance,61,P2
P2B2D,Engine Coolant Temperature Sensor 5 Circuit Low,47,P2
P2B2E,Engine Coolant Temperature Sensor 5 Circuit High,48,P2
P2B2F,Fan 1 Performance/Stuck Off,27,P2
P2B30,Fan 1 Stuck On,14,P2
P2B31,Fan 2 Performance/Stuck Off,27,P2
P2B32,Fan 2 Stuck On,14,P2
P2B33,A Camshaft Profile Actuator B Control Circuit/Open Bank 1,57,P2
P2B34,A Camshaft Profile Actuator B Control Circuit Low Bank 1,56,P2
P2B35,A Camshaft Profile Actuator B Control Circuit High Bank 1,57,P2
P2B36,A Camshaft Profile Actuator B Control Circuit/Open Bank 2,57,P2
P2B37,A Camshaft Profile Actuator B Control Circuit Low Bank 2,56,P2
P2B38,A Camshaft Profile Actuator B Control Circuit High Bank 2,57,P2
P2B39,B Camshaft Profile Actuator B Control Circuit/Open Bank 1,57,P2
P2B3A,B Camshaft Profile Actuator B Control Circuit Low Bank 1,56,P2
P2B3B,B Camshaft Profile Actuator B Control Circuit High Bank 1,57,P2
P2B3C,B Camshaft Profile Actuator B Control Circuit/Open Bank 2,57,P2
P2B3D,B Camshaft Profile Actuator B Control Circuit Low Bank 2,56,P2
P2B3E,B Camshaft Profile Actuator B Control Circuit High Bank 2,57,P2
P2B3F,A Camshaft Position Actuator Position Sensor B Circuit Bank 1,61,P2
P2B40,A Camshaft Position Actuator Position Sensor B Range/Performance Bank 1,71,P2
P2B41,A Camshaft Position Actuator Position Sensor B Circuit Low Bank 1,65,P2
P2B42,A Camshaft Position Actuator Position Sensor B Circuit High Bank 1,66,P2
P2B43,A Camshaft Position Actuator Position Sensor B Circuit Bank 2,61,P2
P2B44,A Camshaft Position Actuator Position Sensor B Range/Performance Bank 2,71,P2
P2B45,A Camshaft Position Actuator Position Sensor B Circuit Low Bank 2,65,P2
P2B46,A Camshaft Position Actuator Position Sensor B Circuit High Bank 2,66,P2
P2B47,B Camshaft Position Actuator Position Sensor B Circuit Bank 1,61,P2
P2B48,B Camshaft Position Actuator Position Sensor B Range/Performance Bank 1,71,P2
P2B49,B Camshaft Position Actuator Position Sensor B Circuit Low Bank 1,65,P2
P2B4A,B Camshaft Position Actuator Position Sensor B Circuit High Bank 1,66,P2
P2B4B,B Camshaft Position Actuator Position Sensor B Circuit Bank 2,61,P2
P2B4C,B Camshaft Position Actuator Position Sensor B Range/Performance Bank 2,71,P2
P2B4D,B Camshaft Position Actuator Position Sensor B Circuit Low Bank 2,65,P2
P2B4E,B Camshaft Position Actuator Position Sensor B Circuit High Bank 2,66,P2
P2B4F,A Camshaft Profile Actuator B Control Performance/Stuck Off Bank 1,66,P2
P2B50,A Camshaft Profile Actuator B Control Performance/Stuck Off Bank 2,66,P2
P2B51,B Camshaft Profile Actuator B Control Performance/Stuck Off Bank 1,66,P2
P2B52,B Camshaft Profile Actuator B Control Performance/Stuck Off Bank 2,66,P2
P2B53,A Camshaft Profile Actuator B Control Stuck On Bank 1,53,P2
P2B54,A Camshaft Profile Actuator B Control Stuck On Bank 2,53,P2
P2B55,B Camshaft Profile Actuator B Control Stuck On Bank 1,53,P2
P2B56,B Camshaft Profile Actuator B Control Stuck On Bank 2,53,P2
P2B57,Low Engine Oil Pressure - Camshaft Control Disabled,51,P2
P2B58,Engine Coolant Flow Control Valve Motor Current High,52,P2
P2B59,Engine Coolant Flow Control Valve Control Circuit/Open,54,P2
P2B5A,Engine Coolant Flow Control Valve Control Circuit Low,53,P2
P2B5B,Engine Coolant Flow Control Valve Control Circuit High,54,P2
P2B5C,Engine Coolant Flow Control Valve Supply Circuit Low,52,P2
P2B5D,Engine Coolant Flow Control Valve Position Sensor Circuit,57,P2
P2B5E,Engine Coolant Flow Control Valve Position Sensor Circuit Low,61,P2
P2B5F,Engine Coolant Flow Control Valve Position Sensor Circuit High,62,P2
P2B60,Engine Coolant Flow Control Valve Position Sensor Circuit Range/Performance,75,P2
P2B61,Engine Coolant Flow Control Valve Stuck Closed,46,P2
P2B62,Coolant Pump B Supply Voltage Circuit,37,P2
P2B63,Coolant Pump B Stuck/Stalled,28,P2
P2B64,Coolant Pump B Control Module Overtemperature,45,P2
P2B65,Coolant Pump B Overspeed/Air in System,38,P2
P2B66,Coolant Pump D Control Circuit/Open,35,P2
P2B67,Coolant Pump D Control Circuit Low,34,P2
P2B68,Coolant Pump D Control Circuit High,35,P2
P2B69,Coolant Pump D Supply Voltage Circuit,37,P2
P2B6A,Coolant Pump D Stuck/Stalled,28,P2
P2B6B,Coolant Pump D Control Module Overtemperature,45,P2
P2B6C,Coolant Pump D Overspeed/Air in System,38,P2
P2B6D,Engine Coolant Flow Control Valve Position Sensor Circuit Intermittent/Erratic,78,P2
P2B6E,Turbocharger/Supercharger A Temperature Sensor Circuit,54,P2
P2B6F,Turbocharger/Supercharger A Temperature Sensor Circuit Low,58,P2
P2B70,Turbocharger/Supercharger A Temperature Sensor Circuit High,59,P2
P2B71,Turbocharger/Supercharger A Temperature Sensor Circuit Circuit Range/Performance,80,P2
P2B72,Coolant Heater A Control Circuit/Open,37,P2
P2B73,Coolant Heater A Control Circuit Low,36,P2
P2B74,Coolant Heater A Control Circuit High,37,P2
P2B75,Coolant Heater A Control Circuit Performance,44,P2
P2B76,Coolant Heater B Control Circuit/Open,37,P2
P2B77,Coolant Heater B Control Circuit Low,36,P2
P2B78,Coolant Heater B Control Circuit High,37,P2
P2B79,Coolant Heater B Control Circuit Performance,44,P2
P2B7A,EVAP System Pressure Sensor/Switch C Circuit,44,P2
P2B7B,EVAP System Pressure Sensor/Switch C Circuit Range/Performance,62,P2
P2B7C,EVAP System Pressure Sensor/Switch C Circuit Low,48,P2
P2B7D,EVAP System Pressure Sensor/Switch C Circuit High,49,P2
P2B7E,EVAP System Pressure Sensor/Switch C Circuit Intermittent,57,P2
P2B7F,Turbocharger/Supercharger Boost Control Module A Calibration Not Learned/Programmed,83,P2
P2B80,Turbocharger/Supercharger Boost Control Module B Calibration Not Learned/Programmed,83,P2
P2B81,Wastegate Position Sensor A Circuit Performance,47,P2
P2B82,Wastegate Position Sensor B Circuit Performance,47,P2
P2B83,Charge Air Cooler Coolant Pump A Overspeed/Air In System,56,P2
P2B84,Charge Air Cooler Coolant Pump A Underspeed,43,P2
P2B85,Engine Coolant Pump Underspeed,30,P2
P2B86,Coolant Pump A Overspeed/Air in System,38,P2
P2B87,Coolant Pump A Underspeed,25,P2
P2B88,Intake Air O2 Sensor Circuit Bank 1,35,P2
P2B89,Intake Air O2 Sensor Circuit Low Voltage Bank 1,47,P2
P2B8A,Intake Air O2 Sensor Circuit High Voltage Bank 1,48,P2
P2B8B,Intake Air O2 Sensor Heater Control Circuit/Open Bank 1,55,P2
P2B8C,Intake Air O2 Sensor Heater Control Circuit Range/Performance Bank 1,68,P2
P2B8D,Intake Air O2 Sensor Heater Control Circuit Low Bank 1,54,P2
P2B8E,Intake Air O2 Sensor Heater Control Circuit High Bank 1,55,P2
P2B8F,Turbocharger/Supercharger B Temperature Sensor Circuit,54,P2
P2B90,Turbocharger/Supercharger B Temperature Sensor Circuit Low,58,P2
P2B91,Turbocharger/Supercharger B Temperature Sensor Circuit High,59,P2
P2B92,Turbocharger/Supercharger B Temperature Sensor Circuit Circuit Range/Performance,80,P2
P2B93,Wastegate Position Sensor A Exceeded Learning Limit,51,P2
P2B94,Wastegate Position Sensor B Exceeded Learning Limit,51,P2
P2B95,Cold Start Injection Pulse Performance,38,P2
P2B96,Injection Pulse Performance,27,P2
P2B97,Exhaust Pressure Control Valve A Position Exceeded Learning Limit,65,P2
P2B98,Exhaust Pressure Control Valve A Supply Low,43,P2
P2B99,Exhaust Pressure Control Valve A Driver Current/Temperature Too High,68,P2
P2B9A,Reductant Quality Sensor Circuit Intermittent/Erratic,53,P2
P2B9B,Vehicle Conditions Incorrect for Particulate Matter Sensor Regeneration,71,P2
P2B9C,Coolant Pump A Stuck/Stalled,28,P2
P2B9D,Coolant Pump A Supply Voltage Circuit,37,P2
P2B9E,Coolant Pump A Control Module Overtemperature,45,P2
P2B9F,Coolant Pump B Underspeed,25,P2
P2BA0,Coolant Pump C Underspeed,25,P2
P2BA1,Coolant Pump D Underspeed,25,P2
P2BA2,Engine Coolant Pump Stuck/Stalled,33,P2
P2BA3,Starter/Generator Mechanical Performance,40,P2
P2BA4,Catalyst Feedgas Performance,28,P2
P2BA5,Particulate Filter Feedgas Performance,38,P2
P2BA6,NOx Exceedance - SCR NOx Catalyst Performance,45,P2
P2BA7,NOx Exceedence - Empty Reagent Tank,35,P2
P2BA8,NOx Exceedence - Interruption of Reagent Dosing Activity,56,P2
P2BA9,NOx Exceedence - Insufficient Reagent Quality,45,P2
P2BAA,NOx Exceedence - Low Reagent Consumption,40,P2
P2BAB,NOx Exceedence - Incorrect EGR Flow,35,P2
P2BAC,NOx Exceedence - Deactivation of EGR,36,P2
P2BAD,NOx Exceedence - Root Cause Unknown,35,P2
P2BAE,NOx Exceedence - NOx control monitoring system,46,P2
P2BAF,NOx System Driver Inducement Active,35,P2
P2BB0,Alternative Fuel Consumption Too Low,36,P2
P2BB1,Alternative Fuel Consumption Too High,37,P2
P2BB2,Alternative Fuel Tank Empty,27,P2
P2BB3,Fuel Pump Secondary Circuit Performance,39,P2
P2BB4,Engine Coolant Temperature Sensor 4 Circuit Intermittent/Erratic,64,P2
P2BB5,Engine Coolant Temperature Sensor 5 Circuit Intermittent/Erratic,64,P2
P2BB6,Engine Coolant Temperature Sensor 6 Circuit,43,P2
P2BB7,Engine Coolant Temperature Sensor 6 Circuit Range/Performance,61,P2
P2BB8,Engine Coolant Temperature Sensor 6 Circuit Low,47,P2
P2BB9,Engine Coolant Temperature Sensor 6 Circuit High,48,P2
P2BBA,Engine Coolant Temperature Sensor 6 Circuit Intermittent/Erratic,64,P2
P2BBB,Turbocharger/Supercharger Bypass Valve A Position Sensor Circuit,64,P2
P2BBC,Turbocharger/Supercharger Bypass Valve A Position Sensor Circuit Low,68,P2
P2BBD,Turbocharger/Supercharger Bypass Valve A Position Sensor Circuit High,69,P2
P2BBE,Turbocharger/Supercharger Bypass Valve A Position Exceeded Learning Limit,73,P2
P2BBF,Turbocharger/Supercharger Bypass Valve A Supply Voltage Low,59,P2
P2BC0,Turbocharger/Supercharger Bypass Valve A Driver Current/Temperature Too High,76,P2
P2BC1,Charge Air Cooler Coolant Pump A Stuck/Stalled,46,P2
P2BC2,Charge Air Cooler Coolant Pump A Supply Voltage Circuit,55,P2
P2BC3,Charge Air Cooler Coolant Pump A Control Module Overtemperature,63,P2
P2BC4,Battery Charging System Positive Contactor B Circuit,52,P2
P2BC5,Battery Charging System Positive Contactor B Stuck Closed,57,P2
P2BC6,Battery Charging System Positive Contactor B Stuck Open,55,P2
P2BC7,Battery Charging System Positive Contactor B Control Circuit/Open,65,P2
P2BC8,Battery Charging System Positive Contactor B Control Circuit Range/Performance,78,P2
P2BC9,Battery Charging System Positive Contactor B Control Circuit Low,64,P2
P2BCA,Battery Charging System Positive Contactor B Control Circuit High,65,P2
P2BCB,Battery Charging System Negative Contactor B Circuit,52,P2
P2BCC,Battery Charging System Negative Contactor B Stuck Closed,57,P2
P2BCD,Battery Charging System Negative Contactor B Stuck Open,55,P2
P2BCE,Battery Charging System Negative Contactor B Control Circuit/Open,65,P2
P2BCF,Battery Charging System Negative Contactor B Control Circuit Range/Performance,78,P2
P2BD0,Battery Charging System Negative Contactor B Control Circuit Low,64,P2
P2BD1,Battery Charging System Negative Contactor B Control Circuit High,65,P2
P2BD2,Exhaust Aftertreatment System A Leak,36,P2
P2BD3,Exhaust Aftertreatment System B Leak,36,P2
P2BD4,Motor Electronics Coolant Pump C Control Circuit/Open,53,P2
P2BD5,Motor Electronics Coolant Pump C Control Circuit Low,52,P2
P2BD6,Motor Electronics Coolant Pump C Control Circuit High,53,P2
P2BD7,Motor Electronics Coolant Pump C Control Performance,52,P2
P2BD8,Motor Electronics Coolant Temperature Sensor B Circuit,54,P2
P2BD9,Motor Electronics Coolant Temperature Sensor B Circuit Range/Performance,72,P2
P2BDA,Motor Electronics Coolant Temperature Sensor B Circuit Low,58,P2
P2BDB,Motor Electronics Coolant Temperature Sensor B Circuit High,59,P2
P2BDC,Motor Electronics Coolant Temperature Sensor C Circuit,54,P2
P2BDD,Motor Electronics Coolant Temperature Sensor C Circuit Range/Performance,72,P2
P2BDE,Motor Electronics Coolant Temperature Sensor C Circuit Low,58,P2
P2BDF,Motor Electronics Coolant Temperature Sensor C Circuit High,59,P2
P2BE0,Hybrid/EV Battery Coolant Level Sensor Circuit/Open,51,P2
P2BE1,Hybrid/EV Battery Coolant Level Sensor Range/Performance,56,P2
P2BE2,Hybrid/EV Battery Coolant Level Sensor Circuit Low,50,P2
P2BE3,Hybrid/EV Battery Coolant Level Sensor Circuit High,51,P2
P2BE4,Hybrid/EV Battery Pack Current Sensor C Circuit,47,P2
P2BE5,Hybrid/EV Battery Pack Current Sensor C Circuit Range/Performance,65,P2
P2BE6,Hybrid/EV Battery Pack Current Sensor C Low,43,P2
P2BE7,Hybrid/EV Battery Pack Current Sensor C High,44,P2
P2BE8,Hybrid/EV Battery Precharge Contactor Control Circuit B Open,60,P2
P2BE9,Hybrid/EV Battery Precharge Contactor Control Circuit B Range/Performance,73,P2
P2BEA,Hybrid/EV Battery Precharge Contactor Control Circuit B Low,59,P2
P2BEB,Hybrid/EV Battery Precharge Contactor Control Circuit B High,60,P2
P2BEC,Fuel Control System A Too Lean Bank 1,37,P2
P2BED,Fuel Control System A Too Rich Bank 1,37,P2
P2BEE,Fuel Control System A Too Lean Bank 2,37,P2
P2BEF,Fuel Control System A Too Rich Bank 2,37,P2
P2BF0,Fuel Control System B Too Lean Bank 1,37,P2
P2BF1,Fuel Control System B Too Rich Bank 1,37,P2
P2BF2,Fuel Control System B Too Lean Bank 2,37,P2
P2BF3,Fuel Control System B Too Rich Bank 2,37,P2
P2BF4,Exhaust Flow Control Valve A Position Circuit,45,P2
P2BF5,Exhaust Flow Control Valve A Position Circuit Range/Performance,63,P2
P2BF6,Exhaust Flow Control Valve A Position Circuit Low,49,P2
P2BF7,Exhaust Flow Control Valve A Position Circuit High,50,P2
P2BF8,Exhaust Flow Control Valve B Control Circuit/Open,49,P2
P2BF9,Exhaust Flow Control Valve B Control Circuit Low,48,P2
P2BFA,Exhaust Flow Control Valve B Control Circuit High,49,P2
P2BFB,Exhaust Flow Control Valve B Control Performance,48,P2
P2BFC,Exhaust Flow Control Valve B Position Circuit,45,P2
P2BFD,Exhaust Flow Control Valve B Position Circuit Range/Performance,63,P2
P2BFE,Exhaust Flow Control Valve B Position Circuit Low,49,P2
P2BFF,Exhaust Flow Control Valve B Position Circuit High,50,P2
P2C00,Fuel Pressure Regulator C Performance,37,P2
P2C01,Fuel Pressure Regulator D Performance,37,P2
P2C02,Fuel Pressure Regulator D Control Circuit/Open,46,P2
P2C03,Fuel Pressure Regulator D Control Circuit Low,45,P2
P2C04,Fuel Pressure Regulator D Control Circuit High,46,P2
P2C05,A Camshaft Profile Actuator Position Sensor A Circuit Bank 1,60,P2
P2C06,A Camshaft Profile Actuator Position Sensor A Range/Performance Bank 1,70,P2
P2C07,A Camshaft Profile Actuator Position Sensor A Circuit Low Bank 1,64,P2
P2C08,A Camshaft Profile Actuator Position Sensor A Circuit High Bank 1,65,P2
P2C09,A Camshaft Profile Actuator Position Sensor B Circuit Bank 1,60,P2
P2C0A,A Camshaft Profile Actuator Position Sensor B Range/Performance Bank 1,70,P2
P2C0B,A Camshaft Profile Actuator Position Sensor B Circuit Low Bank 1,64,P2
P2C0C,A Camshaft Profile Actuator Position Sensor B Circuit High Bank 1,65,P2
P2C0D,A Camshaft Profile Actuator Position Sensor C Circuit Bank 1,60,P2
P2C0E,A Camshaft Profile Actuator Position Sensor C Range/Performance Bank 1,70,P2
P2C0F,A Camshaft Profile Actuator Position Sensor C Circuit Low Bank 1,64,P2
P2C10,A Camshaft Profile Actuator Position Sensor C Circuit High Bank 1,65,P2
P2C11,Reductant Pump A Current Too Low,32,P2
P2C12,B Camshaft Profile Actuator Position Sensor A Circuit Bank 1,60,P2
P2C13,B Camshaft Profile Actuator Position Sensor A Range/Performance Bank 1,70,P2
P2C14,B Camshaft Profile Actuator Position Sensor A Circuit Low Bank 1,64,P2
P2C15,B Camshaft Profile Actuator Position Sensor A Circuit High Bank 1,65,P2
P2C16,B Camshaft Profile Actuator Position Sensor B Circuit Bank 1,60,P2
P2C17,B Camshaft Profile Actuator Position Sensor B Range/Performance Bank 1,70,P2
P2C18,B Camshaft Profile Actuator Position Sensor B Circuit Low Bank 1,64,P2
P2C19,B Camshaft Profile Actuator Position Sensor B Circuit High Bank 1,65,P2
P2C1A,B Camshaft Profile Actuator Position Sensor C Circuit Bank 1,60,P2
P2C1B,B Camshaft Profile Actuator Position Sensor C Range/Performance Bank 1,70,P2
P2C1C,B Camshaft Profile Actuator Position Sensor C Circuit Low Bank 1,64,P2
P2C1D,B Camshaft Profile Actuator Position Sensor C Circuit High Bank 1,65,P2
P2C1E,Cold Start Fuel Pressure Regulator A Performance,48,P2
P2C1F,Cold Start Fuel Pressure Regulator A Exceeded Control Limits - Pressure Too Low,79,P2
P2C20,Cold Start Fuel Pressure Regulator A Exceeded Control Limits - Pressure Too High,80,P2
P2C21,Engine Oil Temperature Sensor A/B Correlation,45,P2
P2C22,Exhaust Heat Exchanger Exhaust Bypass Valve A Position Sensor Circuit,69,P2
P2C23,Exhaust Heat Exchanger Exhaust Bypass Valve A Position Sensor Performance,73,P2
P2C24,Exhaust Heat Exchanger Exhaust Bypass Valve A Position Sensor Circuit Low,73,P2
P2C25,Exhaust Heat Exchanger Exhaust Bypass Valve A Position Sensor Circuit High,74,P2
P2C26,Fuel Injector Group B Supply Sense Circuit,42,P2
P2C27,Fuel Injector Group B Supply Sense Circuit Low,46,P2
P2C28,Fuel Injector Group B Supply Sense Circuit High,47,P2
P2C29,Turbocharger/Supercharger Bypass Valve B Stuck,46,P2
P2C2A,Turbocharger/Supercharger Bypass Valve B Position Sensor Circuit/Open,69,P2
P2C2B,Turbocharger/Supercharger Bypass Valve B Position Sensor Circuit Low,68,P2
P2C2C,Turbocharger/Supercharger Bypass Valve B Position Sensor Circuit High,69,P2
P2C2D,Turbocharger/Supercharger Bypass Valve B Position Exceeded Learning Limit,73,P2
P2C2E,Turbocharger/Supercharger Bypass Valve B Supply Voltage Low,59,P2
P2C2F,Turbocharger/Supercharger Bypass Valve B Driver Current/Temperature Too High,76,P2
P2C30,Ignition Coil Primary Circuit Fuse A,36,P2
P2C31,Ignition Coil Primary Circuit Fuse B,36,P2
P2C32,Crankcase Pressure Sensor B Circuit,35,P2
P2C33,Crankcase Pressure Sensor B Circuit Range/Performance,53,P2
P2C34,Crankcase Pressure Sensor B Circuit Low,39,P2
P2C35,Crankcase Pressure Sensor B Circuit High,40,P2
P2C36,Crankcase Pressure Sensor B Circuit Intermittent/Erratic,56,P2
P2C37,Cold Start Engine Coolant Pump Performance,42,P2
P2C38,Cylinder Head Temperature Sensor B Circuit,42,P2
P2C39,Cylinder Head Temperature Sensor B Range/Performance,52,P2
P2C3A,Cylinder Head Temperature Sensor B Circuit Low,46,P2
P2C3B,Cylinder Head Temperature Sensor B Circuit High,47,P2
P2C3C,Cylinder Head Temperature Sensor B Circuit Intermittent/Erratic,63,P2
P2C3D,Cylinder Head Temperature Sensor A/B Correlation,48,P2
P2C3E,Fan 4 Control Circuit,21,P2
P2C3F,Fan 4 Control Circuit Low,25,P2
P2C40,Fan 4 Control Circuit High,26,P2
P2C41,Fan 3 Performance/Stuck Off,27,P2
P2C42,Fan 4 Performance/Stuck Off,27,P2
P2C43,Battery Isolation/Voltage Stabilization Control Circuit,55,P2
P2C44,Battery Isolation/Voltage Stabilization Control Circuit Performance,67,P2
P2C45,Battery Isolation/Voltage Stabilization Control Circuit Low,59,P2
P2C46,Battery Isolation/Voltage Stabilization Control Circuit High,60,P2
P2C47,Battery Isolation/Voltage Stabilization Control Circuit Intermittent,68,P2
P2C48,Coolant Pump C Control Circuit Performance/Stuck Off,52,P2
P2C49,Coolant Pump D Control Circuit Performance/Stuck Off,52,P2
P2C4A,Clutch Actuator Position Sensor Circuit,39,P2
P2C4B,Clutch Actuator Position Sensor Circuit Range/Performance,57,P2
P2C4C,Clutch Actuator Position Sensor Circuit Low,43,P2
P2C4D,Clutch Actuator Position Sensor Circuit High,44,P2
P2C4E,Clutch Actuator Position Sensor Circuit Intermittent/Erratic,60,P2
P2C4F,Clutch Actuator Performance,27,P2
P2C50,Clutch Pedal Position Sensor A/Clutch Actuator Position Sensor Correlation,74,P2
P2C51,Fuel Level Sensor A/B Correlation,33,P2
P2C52,Cylinder 1 Fuel Injector B Offset Learning At Min Limit,55,P2
P2C53,Cylinder 1 Fuel Injector B Offset Learning At Max Limit,55,P2
P2C54,Cylinder 2 Fuel Injector B Offset Learning At Min Limit,55,P2
P2C55,Cylinder 2 Fuel Injector B Offset Learning At Max Limit,55,P2
P2C56,Cylinder 3 Fuel Injector B Offset Learning At Min Limit,55,P2
P2C57,Cylinder 3 Fuel Injector B Offset Learning At Max Limit,55,P2
P2C58,Cylinder 4 Fuel Injector B Offset Learning At Min Limit,55,P2
P2C59,Cylinder 4 Fuel Injector B Offset Learning At Max Limit,55,P2
P2C5A,Cylinder 5 Fuel Injector B Offset Learning At Min Limit,55,P2
P2C5B,Cylinder 5 Fuel Injector B Offset Learning At Max Limit,55,P2
P2C5C,Cylinder 6 Fuel Injector B Offset Learning At Min Limit,55,P2
P2C5D,Cylinder 6 Fuel Injector B Offset Learning At Max Limit,55,P2
P2C5E,Cylinder 7 Fuel Injector B Offset Learning At Min Limit,55,P2
P2C5F,Cylinder 7 Fuel Injector B Offset Learning At Max Limit,55,P2
P2C60,Cylinder 8 Fuel Injector B Offset Learning At Min Limit,55,P2
P2C61,Cylinder 8 Fuel Injector B Offset Learning At Max Limit,55,P2
P2C62,O2 Sensor Pumping Current Trim Circuit/Open Bank 1 Sensor 3,59,P2
P2C63,O2 Sensor Pumping Current Trim Circuit Low Bank 1 Sensor 3,58,P2
P2C64,O2 Sensor Pumping Current Trim Circuit High Bank 1 Sensor 3,59,P2
P2C65,O2 Sensor Out of Range During Deceleration Bank 1 Sensor 3,58,P2
P2C66,Hybrid/EV Electronics Coolant Pump A Underspeed,47,P2
P2C67,Hybrid/EV Electronics Coolant Pump A Overspeed,46,P2
P2C68,Hybrid/EV Electronics Coolant Pump A Stuck/Stalled,50,P2
P2C69,Drive Motor “A” Phase X Current,31,P2
P2C6A,Drive Motor “A” Phase X Current Low,35,P2
P2C6B,Drive Motor “A” Phase X Current High,36,P2
P2C6C,Drive Motor “A” Phase Y Current,31,P2
P2C6D,Drive Motor “A” Phase Y Current Low,35,P2
P2C6E,Drive Motor “A” Phase Y Current High,36,P2
P2C6F,Drive Motor “A” Phase Z Current,31,P2
P2C70,Drive Motor “A” Phase Z Current Low,35,P2
P2C71,Drive Motor “A” Phase Z Current High,36,P2
P2C72,Hybrid/EV Electronics Cooling System Performance,48,P2
P2C73,Active Grille Air Shutter C Stuck On,36,P2
P2C74,Active Grille Air Shutter C Control Circuit Range/Performance,61,P2
P2C75,Active Grille Air Shutter Module C Over Temperature,51,P2
P2C76,Active Grille Air Shutter D Stuck On,36,P2
P2C77,Active Grille Air Shutter D Control Circuit Range/Performance,61,P2
P2C78,Active Grille Air Shutter Module D Over Temperature,51,P2
P2C79,NOx Adsorber - Sulfur Limit Exceeded,36,P2
P2C7A,SCR NOx Catalyst Efficiency Below Threshold Bank 1 Catalyst 2,61,P2
P2C7B,Turbocharger Turbine Inlet Valve Control Performance,52,P2
P2C7C,Turbocharger Turbine Inlet Valve Supply Circuit Low,51,P2
P2C7D,Turbocharger Turbine Inlet Valve Motor Driver High Current,58,P2
P2C7E,Turbocharger Turbine Inlet Valve Motor Driver Overtemperature,61,P2
P2C7F,Turbocharger Turbine Inlet Valve Position Sensor Exceeded Learning Limit,72,P2
P2C80,AIR System Pump Overspeed Bank 1,32,P2
P2C81,AIR System Pump Overtemperature Bank 1,38,P2
P2C82,AIR System Pump Supply Voltage Circuit Bank 1,45,P2
P2C83,Cold Start Shift Time Too Short,31,P2
P2C84,Cold Start Shift Time Too Long,30,P2
P2C85,Hybrid/EV Battery Voltage External Isolation Fault,50,P2
P2C86,Hybrid/EV Battery Voltage Internal Isolation Warning,52,P2
P2C87,Hybrid/EV Battery Voltage External Isolation Warning,52,P2
P2C88,Hybrid/EV Battery Voltage System Isolation Warning,50,P2
P2C89,Hybrid/EV Battery System Precharge Current Too High,51,P2
P2C8A,Hybrid/EV Battery Interface Control Module A Performance,56,P2
P2C8B,Hybrid/EV Battery Interface Control Module B Performance,56,P2
P2C8C,DC/DC Converter Temperature Sensor D Circuit,44,P2
P2C8D,DC/DC Converter Temperature Sensor D Circuit Range/Performance,62,P2
P2C8E,DC/DC Converter Temperature Sensor D Circuit Low,48,P2
P2C8F,DC/DC Converter Temperature Sensor D Circuit High,49,P2
P2C90,Crankcase Ventilation System - Hose A Disconnected,50,P2
P2C91,Crankcase Ventilation System - Hose B Disconnected,50,P2
P2C92,Hybrid/EV Battery Contactor Control Supply Circuit/Open,55,P2
P2C93,Hybrid/EV Battery Contactor Control Supply Circuit Range/Performance,68,P2
P2C94,Hybrid/EV Battery Contactor Control Supply Circuit Low,54,P2
P2C95,Hybrid/EV Battery Contactor Control Supply Circuit High,55,P2
P2C96,Hybrid/EV Battery Disable Circuit/Open,38,P2
P2C97,Hybrid/EV Battery Disable Circuit Low,37,P2
P2C98,Hybrid/EV Battery Disable Circuit High,38,P2
P2C99,Throttle Actuator A Control Exceeded Learning Limit,51,P2
P2C9A,Throttle Actuator B Control Exceeded Learning Limit,51,P2
P2C9B,Cold Start Turbocharger/Supercharger Wastegate Actuator A Range/Performance,75,P2
P2C9C,Cold Start Turbocharger/Supercharger Wastegate Actuator B Range/Performance,75,P2
P2C9D,Fuel Pressure Regulator C Exceeded Control Limits - Pressure Too High,69,P2
P2C9E,Fuel Pressure Regulator C Exceeded Control Limits - Pressure Too Low,68,P2
P2C9F,Fuel Pressure Regulator D Exceeded Control Limits - Pressure Too High,69,P2
P2CA0,Fuel Pressure Regulator D Exceeded Control Limits - Pressure Too Low,68,P2
P2CA1,Charge Air Cooler Coolant Pump Sense Circuit High,49,P2
P2CA2,Charge Air Cooler Coolant Pump Sense Circuit Low,48,P2
P2CA3,Charge Air Cooler Coolant Pump Sense Circuit Performance,56,P2
P2CA4,Particulate Filter Pressure Sensor Signals Swapped A/B,54,P2
P2CA5,DC/DC Converter Temperature Sensor E Circuit,44,P2
P2CA6,DC/DC Converter Temperature Sensor E Circuit Low,48,P2
P2CA7,DC/DC Converter Temperature Sensor E Circuit High,49,P2
P2CA8,DC/DC Converter Temperature Sensor E Circuit Range/Performance,62,P2
P2CA9,DC/DC Converter Temperature Sensor F Circuit,44,P2
P2CAA,DC/DC Converter Temperature Sensor F Circuit Low,48,P2
P2CAB,DC/DC Converter Temperature Sensor F Circuit High,49,P2
P2CAC,DC/DC Converter Temperature Sensor F Circuit Range/Performance,62,P2
P2CAD,Charge Air Cooler Coolant Pump B Control Circuit/Open,53,P2
P2CAE,Charge Air Cooler Coolant Pump B Control Circuit Low,52,P2
P2CAF,Charge Air Cooler Coolant Pump B Control Circuit High,53,P2
P2CB0,Charge Air Cooler Coolant Pump B Performance,44,P2
P2CB1,Charge Air Cooler Coolant Pump B Overspeed/Air In System,56,P2
P2CB2,Charge Air Cooler Coolant Pump B Underspeed,43,P2
P2CB3,Charge Air Cooler Coolant Pump B Stuck/Stalled,46,P2
P2CB4,Charge Air Cooler Coolant Pump B Supply Voltage Circuit,55,P2
P2CB5,Charge Air Cooler Coolant Pump B Control Module Overtemperature,63,P2
P2CB6,Turbocharger/Supercharger B Boost System Performance,52,P2
P2CB7,Turbocharger/Supercharger Boost Pressure B Not Detected – Mechanical,68,P2
P2CB8,Turbocharger/Supercharger Boost Pressure B Too High – Mechanical,64,P2
P2CB9,Fan 2 Underspeed,16,P2
P2CBA,Fan 2 Overspeed,15,P2
P2CBB,Fan 3 Underspeed,16,P2
P2CBC,Fan 3 Overspeed,15,P2
P2CBD,PCV Heater “B” Control Circuit /Open,36,P2
P2CBE,PCV Heater “B” Control Circuit High,35,P2
P2CBF,PCV Heater “B” Control Circuit Low,34,P2
P2CC0,PCV Heater “B” Performance,26,P2
P2CC1,Generator Voltage Sense Circuit B,33,P2
P2CC2,Generator Voltage Sense Circuit B Range/Performance,51,P2
P2CC3,Generator Voltage Sense Circuit B Low,37,P2
P2CC4,Generator Voltage Sense Circuit B High,38,P2
P2CC5,Generator Inverter Power Supply B Circuit/Open,46,P2
P2CC6,Generator Inverter Power Supply B Circuit Low,45,P2
P2CC7,Generator Inverter Power Supply B Circuit High,46,P2
P2CC8,Coolant Pump Speed Sensor Circuit,33,P2
P2CC9,Coolant Pump Speed Sensor Range/Performance,43,P2
P2CCA,Coolant Pump Speed Sensor Circuit Low,37,P2
P2CCB,Coolant Pump Speed Sensor Circuit High,38,P2
P2CCC,Hybrid/EV Battery Pack G Deterioration,38,P2
P2CCD,Hybrid/EV Battery Pack H Deterioration,38,P2
P2CCE,Hybrid/EV Battery Pack I Deterioration,38,P2
P2CCF,Hybrid/EV Battery Pack J Deterioration,38,P2
P2CD0,Hybrid/EV Battery Pack K Deterioration,38,P2
P2CD1,Hybrid/EV Battery Pack L Deterioration,38,P2
P2CD2,Hybrid/EV Battery Pack M Deterioration,38,P2
P2CD3,Hybrid/EV Battery Pack N Deterioration,38,P2
P2CD4,A/C Refrigerant Pressure Sensor A/B Correlation,47,P2
P2CD5,Turbocharger/Supercharger Bypass Valve C Stuck,46,P2
P2CD6,Turbocharger/Supercharger Boost Sensor D Circuit,48,P2
P2CD7,Turbocharger/Supercharger Boost Sensor D Circuit Range/Performance,66,P2
P2CD8,Turbocharger/Supercharger Boost Sensor D Circuit Low,52,P2
P2CD9,Turbocharger/Supercharger Boost Sensor D Circuit High,53,P2
P2CDA,Alternative Fuel Tank A Vacuum Insulation Deteriorated,54,P2
P2CDB,Cold Start Cylinder 1 Deactivation/Intake Valve Control Performance,67,P2
P2CDC,Cold Start Cylinder 2 Deactivation/Intake Valve Control Performance,67,P2
P2CDD,Cold Start Cylinder 3 Deactivation/Intake Valve Control Performance,67,P2
P2CDE,Cold Start Cylinder 4 Deactivation/Intake Valve Control Performance,67,P2
P2CDF,Cold Start Cylinder 5 Deactivation/Intake Valve Control Performance,67,P2
P2CE0,Cold Start Cylinder 6 Deactivation/Intake Valve Control Performance,67,P2
P2CE1,Intake Air Heater C Circuit/Open,32,P2
P2CE2,Intake Air Heater C Circuit Range/Performance,45,P2
P2CE3,Intake Air Heater C Circuit Low,31,P2
P2CE4,Intake Air Heater C Circuit High,32,P2
P2CE5,Particulate Filter Pressure Sensor C Circuit,44,P2
P2CE6,Particulate Filter Pressure Sensor C Circuit Range/Performance,62,P2
P2CE7,Particulate Filter Pressure Sensor C Circuit Low,48,P2
P2CE8,Particulate Filter Pressure Sensor C Circuit High,49,P2
P2CE9,Particulate Filter Pressure Sensor C Circuit Intermittent/Erratic,65,P2
P2CEA,Particulate Filter Pressure Sensor D Circuit,44,P2
P2CEB,Particulate Filter Pressure Sensor D Circuit Range/Performance,62,P2
P2CEC,Particulate Filter Pressure Sensor D Circuit Low,48,P2
P2CED,Particulate Filter Pressure Sensor D Circuit High,49,P2
P2CEE,Particulate Filter Pressure Sensor D Circuit Intermittent/Erratic,65,P2
P2CEF,Auxiliary Thermostat A Stuck Open,33,P2
P2CF0,Auxiliary Thermostat A Stuck Closed,35,P2
P2CF1,Auxiliary Thermostat B Stuck Open,33,P2
P2CF2,Auxiliary Thermostat B Stuck Closed,35,P2
P2CF3,Hybrid/EV Battery Pack Coolant Pump A Underspeed,48,P2
P2CF4,Hybrid/EV Battery Pack Coolant Pump B Supply Voltage Circuit,60,P2
P2CF5,Hybrid/EV Battery Pack Coolant Pump B Stuck/Stalled,51,P2
P2CF6,Hybrid/EV Battery Pack Coolant Pump B Overspeed /Air in System,62,P2
P2CF7,Hybrid/EV Battery Pack Coolant Pump B Underspeed,48,P2
P2CF8,Engine Coolant Bypass Valve D Control Circuit Driver Current/Temperature Too High,81,P2
P2CF9,Belt Integrated Starter Generator Belt Tensioner Control Circuit/Open,69,P2
P2CFA,Belt Integrated Starter Generator Belt Tensioner Control Circuit Low,68,P2
P2CFB,Belt Integrated Starter Generator Belt Tensioner Control Circuit High,69,P2
P2CFC,A/C Clutch Control Circuit,26,P2
P2CFD,A/C Clutch Control Circuit Low,30,P2
P2CFE,A/C Clutch Control Circuit High,31,P2
P2CFF,A/C Clutch Control Circuit Driver Current/Temperature Too High,62,P2
P2D00,Motor Electronics Coolant Pump A Stuck/Stalled,46,P2
P2D01,Motor Electronics Coolant Pump A Overspeed/Air in System,56,P2
P2D02,Motor Electronics Coolant Pump A Underspeed,43,P2
P2D03,Motor Electronics Coolant Pump A Supply Voltage Circuit,55,P2
P2D04,Motor Electronics Coolant Pump A Control Module Overtemperature,63,P2
P2D05,Motor Electronics Coolant Pump B Stuck/Stalled,46,P2
P2D06,Motor Electronics Coolant Pump B Overspeed/Air in System,56,P2
P2D07,Motor Electronics Coolant Pump B Underspeed,43,P2
P2D08,Motor Electronics Coolant Pump B Supply Voltage Circuit,55,P2
P2D09,Motor Electronics Coolant Pump B Control Module Overtemperature,63,P2
P2D0A,Motor Electronics Coolant Pump C Stuck/Stalled,46,P2
P2D0B,Motor Electronics Coolant Pump C Overspeed/Air in System,56,P2
P2D0C,Motor Electronics Coolant Pump C Underspeed,43,P2
P2D0D,Motor Electronics Coolant Pump C Supply Voltage Circuit,55,P2
P2D0E,Motor Electronics Coolant Pump C Control Module Overtemperature,63,P2
P2D0F,Engine Pre-Ignition Above Threshold,35,P2
P2D10,Engine Pre-Ignition Above Threshold - Forced Limited Power,58,P2
P2D11,Exhaust Flow Control Valve A Position Not Learned,49,P2
P2D12,Exhaust Flow Control Valve B Position Not Learned,49,P2
P2D13,Exhaust Flow Control Valve C Control Circuit/Open,49,P2
P2D14,Exhaust Flow Control Valve C Control Circuit Low,48,P2
P2D15,Exhaust Flow Control Valve C Control Circuit High,49,P2
P2D16,Exhaust Flow Control Valve C Control Performance,48,P2
P2D17,Exhaust Flow Control Valve C Position Circuit,45,P2
P2D18,Exhaust Flow Control Valve C Position Circuit Range/Performance,63,P2
P2D19,Exhaust Flow Control Valve C Position Circuit Low,49,P2
P2D1A,Exhaust Flow Control Valve C Position Circuit High,50,P2
P2D1B,Exhaust Flow Control Valve C Position Not Learned,49,P2
P2D1C,Cold Start EGR A/B Ratio Performance,36,P2
P2D1D,Reductant System Leak Detected – Small Leak,43,P2
P2D1E,Reductant System Leak Detected – Large Leak,43,P2
P2D1F,Reductant System Flow – Restricted,34,P2
P2D20,Reductant System Flow – Blocked,31,P2
P2D21,Turbocharger Interstage Pressure Sensor A Circuit,49,P2
P2D22,Turbocharger Interstage Pressure Sensor A Circuit Range/Performance,67,P2
P2D23,Turbocharger Interstage Pressure Sensor A Circuit Low,53,P2
P2D24,Turbocharger Interstage Pressure Sensor A Circuit High,54,P2
P2D25,Turbocharger Interstage Pressure Sensor A Circuit Intermittent/Erratic,70,P2
P2D26,Coolant Pump E Control Circuit Performance/Stuck Off,52,P2
P2D27,Coolant Pump F Control Circuit Performance/Stuck Off,52,P2
P2D28,Cold Start Propulsion Torque Performance,40,P2
P2D29,A/C Compressor Motor Stalled,28,P2
P2D2A,Hybrid/EV Electronics Coolant Temperature Sensor A/B Correlation,64,P2
P2D2B,Hybrid/EV Battery Pack Coolant Temperature Sensor A/B Correlation,65,P2
P2D2C,Engine Coolant Temperature Measurement System - Multiple Sensor Correlation,75,P2
P2D2D,Cold Start Intake Manifold Runner Performance Bank 1,52,P2
P2D2E,Cold Start Intake Manifold Runner Performance Bank 2,52,P2
P2D2F,Cold Start Turbocharger/Supercharger A Underboost,49,P2
P2D30,Cold Start Turbocharger/Supercharger A Overboost,48,P2
P2D31,Intake Manifold Tuning Valve Exceeded Learning Limit Bank 1,59,P2
P2D32,Intake Manifold Tuning Valve Control Circuit Driver Current/Temperature Too High Bank 1,87,P2
P2D33,Hybrid/EV Battery Inductive Charger Control Module Processor Performance,72,P2
P2D34,Hybrid/EV Battery Inductive Charger Control Circuit Range/Performance,69,P2
P2D35,Hybrid/EV Battery Inductive Charging System High Voltage Interlock Circuit Performance,86,P2
P2D36,Hybrid/EV Battery Inductive Charger Output Voltage Performance,62,P2
P2D37,Hybrid/EV Battery Inductive Charger Input Circuit Range/Performance,67,P2
P2D38,Hybrid/EV Battery Pack Heater Performance,41,P2
P2D39,Forced Hybrid/EV Battery Disconnect,35,P2
P2D3A,Forced Hybrid/EV System Shutdown,32,P2
P2D3B,Hybrid/EV Discharge System Fault,32,P2
P2D3C,Cold Start Hybrid/EV Drive Motor Performance,44,P2
P2D3D,Cold Start Hybrid/EV Drive Motor Inverter Torque Performance,60,P2
P2D3E,Cold Start Hybrid/EV Battery Performance,40,P2
P2D3F,Hybrid/EV Battery Cooling System B Performance,46,P2
P2D40,Hybrid/EV Battery Cooling System C Performance,46,P2
P2D41,A/C Compressor Motor Voltage B Performance,42,P2
P2D42,A/C Compressor Motor Voltage B Low,34,P2
P2D43,A/C Compressor Motor Voltage B High,35,P2
P2D44,A/C Compressor Motor Performance,32,P2
P2D45,Reductant Temperature Too Low,29,P2
P2D46,Hybrid/EV Battery Pack B Over Temperature,41,P2
P2D47,Hybrid/EV Battery Pack C Over Temperature,41,P2
P2D48,Hybrid/EV Battery Pack D Over Temperature,41,P2
P2D49,Hybrid/EV Battery Pack E Over Temperature,41,P2
P2D4A,Hybrid/EV Battery Pack F Over Temperature,41,P2
P2D4B,Hybrid/EV Battery Pack G Over Temperature,41,P2
P2D4C,Hybrid/EV Battery Pack H Over Temperature,41,P2
P2D4D,Hybrid/EV Battery Pack I Over Temperature,41,P2
P2D4E,Hybrid/EV Battery Pack J Over Temperature,41,P2
P2D4F,Hybrid/EV Battery Pack K Over Temperature,41,P2
P2D50,Hybrid/EV Battery Pack L Over Temperature,41,P2
P2D51,Air Assisted Injector Control Circuit,37,P2
P2D52,Hybrid/EV Battery Pack Coolant Temperature Sensor C Circuit,59,P2
P2D53,Hybrid/EV Battery Pack Coolant Temperature Sensor C Circuit Range/Performance,77,P2
P2D54,Hybrid/EV Battery Pack Coolant Temperature Sensor C Circuit Low,63,P2
P2D55,Hybrid/EV Battery Pack Coolant Temperature Sensor C Circuit High,64,P2
P2D56,Hybrid/EV Battery Pack Coolant Temperature Sensor C Circuit Intermittent/Erratic,80,P2
P2D57,Generator B Control Circuit Range/Performance,45,P2
P2D58,Generator B Mechanical Performance,34,P2
P2D59,Generator B Over Temperature,28,P2
P2D5A,Reductant Level Sensor A/B Correlation,38,P2
P2D5B,Battery Charging System Positive Contactor C Circuit,52,P2
P2D5C,Battery Charging System Positive Contactor C Stuck Closed,57,P2
P2D5D,Battery Charging System Positive Contactor C Stuck Open,55,P2
P2D5E,Battery Charging System Positive Contactor C Control Circuit/Open,65,P2
P2D5F,Battery Charging System Positive Contactor C Control Circuit Range/Performance,78,P2
P2D60,Battery Charging System Positive Contactor C Control Circuit Low,64,P2
P2D61,Battery Charging System Positive Contactor C Control Circuit High,65,P2
P2D62,Battery Charging System Negative Contactor C Circuit,52,P2
P2D63,Battery Charging System Negative Contactor C Stuck Closed,57,P2
P2D64,Battery Charging System Negative Contactor C Stuck Open,55,P2
P2D65,Battery Charging System Negative Contactor C Control Circuit/Open,65,P2
P2D66,Battery Charging System Negative Contactor C Control Circuit Range/Performance,78,P2
P2D67,Battery Charging System Negative Contactor C Control Circuit Low,64,P2
P2D68,Battery Charging System Negative Contactor C Control Circuit High,65,P2
P2D69,Battery Charging System Positive Contactor D Circuit,52,P2
P2D6A,Battery Charging System Positive Contactor D Stuck Closed,57,P2
P2D6B,Battery Charging System Positive Contactor D Stuck Open,55,P2
P2D6C,Battery Charging System Positive Contactor D Control Circuit/Open,65,P2
P2D6D,Battery Charging System Positive Contactor D Control Circuit Range/Performance,78,P2
P2D6E,Battery Charging System Positive Contactor D Control Circuit Low,64,P2
P2D6F,Battery Charging System Positive Contactor D Control Circuit High,65,P2
P2D70,Battery Charging System Negative Contactor D Circuit,52,P2
P2D71,Battery Charging System Negative Contactor D Stuck Closed,57,P2
P2D72,Battery Charging System Negative Contactor D Stuck Open,55,P2
P2D73,Battery Charging System Negative Contactor D Control Circuit/Open,65,P2
P2D74,Battery Charging System Negative Contactor D Control Circuit Range/Performance,78,P2
P2D75,Battery Charging System Negative Contactor D Control Circuit Low,64,P2
P2D76,Battery Charging System Negative Contactor D Control Circuit High,65,P2
P2D77,Battery Charger Control Module B Performance,44,P2
P2D78,Battery Charger Control Module B Processor Performance,54,P2
P2D79,Charging Stop Switch Circuit,28,P2
P2D7A,Charging Stop Switch Circuit High,33,P2
P2D7B,Charging Stop Switch Circuit Low,32,P2
P2D7C,Charging Stop Switch Circuit Performance,40,P2
P2D7D,Charging Stop Switch Circuit Intermittent/Erratic,49,P2
P2D7E,Charging Start Switch Circuit,29,P2
P2D7F,Charging Start Switch Circuit High,34,P2
P2D80,Charging Start Switch Circuit Low,33,P2
P2D81,Charging Start Switch Circuit Performance,41,P2
P2D82,Charging Start Switch Circuit Intermittent/Erratic,50,P2
P2D83,Battery Charger B Input Current Sensor Circuit Low,50,P2
P2D84,Battery Charger B Input Current Sensor Circuit High,51,P2
P2D85,Battery Charger B Input Current Sensor Circuit Range/Performance,64,P2
P2D86,Fuel Temperature Sensor A/B Correlation,39,P2
P2D87,Fan 1 Control Module Over Temperature,37,P2
P2D88,Fan 1 Control Module Performance,32,P2
P2D89,Fan 1 Control Module Supply Voltage Circuit,43,P2
P2D8A,Fan 2 Control Module Over Temperature,37,P2
P2D8B,Fan 2 Control Module Performance,32,P2
P2D8C,Fan 2 Control Module Supply Voltage Circuit,43,P2
P2D8D,Engine Disconnect Clutch Mechanical Performance,47,P2
P2D8E,Engine Oil Pressure Sensor/Switch C Circuit,43,P2
P2D8F,Engine Oil Pressure Sensor/Switch C Circuit Low,47,P2
P2D90,Engine Oil Pressure Sensor/Switch C Circuit High,48,P2
P2D91,Engine Oil Pressure Sensor/Switch C Circuit Range/Performance,61,P2
P2D92,Starter/Generator Phase X Current Sensor Circuit High,53,P2
P2D93,Starter/Generator Phase Y Current Sensor Circuit High,53,P2
P2D94,Starter/Generator Phase Z Current Sensor Circuit High,53,P2
P2D95,Starter/Generator Phase X Current Sensor Circuit Low,52,P2
P2D96,Starter/Generator Phase Y Current Sensor Circuit Low,52,P2
P2D97,Starter/Generator Phase Z Current Sensor Circuit Low,52,P2
P2D98,Starter/Generator Phase X Current Circuit Intermittent/Erratic,62,P2
P2D99,Starter/Generator Phase Y Current Circuit Intermittent/Erratic,62,P2
P2D9A,Starter/Generator Phase Z Current Circuit Intermittent/Erratic,62,P2
P2D9B,Starter/Generator Phase U Current Circuit Intermittent/Erratic,62,P2
P2D9C,Starter/Generator Phase V Current Circuit Intermittent/Erratic,62,P2
P2D9D,Starter/Generator Phase W Current Circuit Intermittent/Erratic,62,P2
P2D9E,High Voltage System Voltage Low,31,P2
P2D9F,High Voltage System Voltage High,32,P2
P2DA0,High Voltage System Performance,31,P2
P2DA1,Gear Shift Control Module B Supply Voltage Low,46,P2
P2DA2,Gear Shift Control Module B Supply Voltage High,47,P2
P2DA3,Gear Shift Control Module B Overtemperature,43,P2
P2DA4,Coolant Heater A Internal Control Module Performance,52,P2
P2DA5,Coolant Heater A Supply Voltage Circuit,39,P2
P2DA6,Coolant Heater A Over Temperature,33,P2
P2DA7,Coolant Heater A Control Module System Voltage,46,P2
P2DA8,DC/AC Converter Control Module A Switch A Circuit,49,P2
P2DA9,DC/AC Converter Control Module A Switch A Circuit Range/Performance,67,P2
P2DAA,DC/AC Converter Control Module A Switch B Circuit,49,P2
P2DAB,DC/AC Converter Control Module A Switch B Circuit Range/Performance,67,P2
P2DAC,Drive Motor A Temperature Sensor B Circuit,42,P2
P2DAD,Drive Motor A Temperature Sensor B Circuit Range/Performance,60,P2
P2DAE,Drive Motor A Temperature Sensor B Circuit Low,46,P2
P2DAF,Drive Motor A Temperature Sensor B Circuit High,47,P2
P2DB0,Drive Motor A Temperature Sensor B Circuit Intermittent,55,P2
P2DB1,Drive Motor A Temperature Sensor C Circuit,42,P2
P2DB2,Drive Motor A Temperature Sensor C Circuit Range/Performance,60,P2
P2DB3,Drive Motor A Temperature Sensor C Circuit Low,46,P2
P2DB4,Drive Motor A Temperature Sensor C Circuit High,47,P2
P2DB5,Drive Motor A Temperature Sensor C Circuit Intermittent,55,P2
P2DB6,Battery Charger B Cooling System Performance,44,P2
P2DB7,Battery Charging System B High Voltage Interlock Circuit/Open,61,P2
P2DB8,Battery Charging System B High Voltage Interlock Circuit Performance,68,P2
P2DB9,Battery Charging System B High Voltage Interlock Circuit Low,60,P2
P2DBA,Battery Charging System B High Voltage Interlock Circuit High,61,P2
P2DBB,Battery Charging System B High Voltage Interlock Circuit Intermittent/Erratic,77,P2
P2DBC,Battery Charger B Coupler Lock Position Sensor Circuit,54,P2
P2DBD,Battery Charger B Coupler Lock Position Sensor Circuit Range/Performance,72,P2
P2DBE,Battery Charger B Coupler Lock Position Sensor Circuit Low,58,P2
P2DBF,Battery Charger B Coupler Lock Position Sensor Circuit High,59,P2
P2DC0,Battery Charger B Coupler Lock Position Sensor Circuit Intermittent/Erratic,75,P2
P2DC1,Starter/Generator Phase X Current Sensor Circuit,48,P2
P2DC2,Starter/Generator Phase X Current Sensor Circuit Range/Performance,66,P2
P2DC3,Starter/Generator Phase Y Current Sensor Circuit,48,P2
P2DC4,Starter/Generator Phase Y Current Sensor Circuit Range/Performance,66,P2
P2DC5,Starter/Generator Phase Z Current Sensor Circuit,48,P2
P2DC6,Starter/Generator Phase Z Current Sensor Circuit Range/Performance,66,P2
P2DC7,Starter/Generator Excitation Current,36,P2
P2DC8,Starter/Generator Excitation Current Low,40,P2
P2DC9,Starter/Generator Excitation Current High,41,P2
P2DCA,Starter/Generator Excitation Current Intermittent,49,P2
P2DCB,Starter/Generator Phase X-Y-Z Current Sensor Correlation,56,P2
P2DCC,Starter/Generator Position Sensor Correlation,45,P2
P2DCD,Particulate Filter B Incorrect,30,P2
P2DCE,Control Pilot Charging Switch B Circuit/Open,44,P2
P2DCF,Control Pilot Charging Switch B Range/Performance,49,P2
P2DD0,Control Pilot Charging Switch B Circuit Low,43,P2
P2DD1,Control Pilot Charging Switch B Circuit High,44,P2
P2DD2,Control Pilot Charging Switch B Intermittent/Erratic,52,P2
P2DD3,Control Pilot Charging Switch B Stuck Off,41,P2
P2DD4,Control Pilot Charging Switch B Stuck On,40,P2
P2DD5,Fuel Injection Quantity B Lower Than Expected,45,P2
P2DD6,Fuel Injection Quantity B Higher Than Expected,46,P2
P2DD7,Cold Start Fuel Injection Quantity B Lower Than Expected,56,P2
P2DD8,Cold Start Fuel Injection Quantity B Higher Than Expected,57,P2
P2DD9,EVAP System Leak Detection Pump Control Circuit Performance,59,P2
P2DDA,EVAP System Leak Detection Pump Performance/Stuck Off,53,P2
P2DDB,EVAP System Leak Detection Pump Stuck On,40,P2
P2DDC,Fuel Injection Quantity C Lower Than Expected,45,P2
P2DDD,Fuel Injection Quantity C Higher Than Expected,46,P2
P2DDE,Fuel Injection Quantity D Lower Than Expected,45,P2
P2DDF,Fuel Injection Quantity D Higher Than Expected,46,P2
P2DE0,Cold Start Fuel Injection Quantity C Lower Than Expected,56,P2
P2DE1,Cold Start Fuel Injection Quantity C Higher Than Expected,57,P2
P2DE2,Cold Start Fuel Injection Quantity D Lower Than Expected,56,P2
P2DE3,Cold Start Fuel Injection Quantity D Higher Than Expected,57,P2
P2DE4,Drive Motor A Clutch Stuck Engaged,34,P2
P2DE5,Drive Motor A Clutch Stuck Disengaged,37,P2
P2DE6,Drive Motor A Clutch Actuator Performance,41,P2
P2DE7,Cold Start Engine Coolant Bypass Valve C Range/Performance,58,P2
P2DE8,Cold Start Engine Coolant Bypass Valve D Stuck Open,51,P2
P2DE9,Cold Start Engine Coolant Pump Underspeed,41,P2
P2DEA,Cylinder 1 Intake Valve Lift Range/Performance,46,P2
P2DEB,Cylinder 2 Intake Valve Lift Range/Performance,46,P2
P2DEC,Cylinder 3 Intake Valve Lift Range/Performance,46,P2
P2DED,Cylinder 4 Intake Valve Lift Range/Performance,46,P2
P2DEE,Cylinder 5 Intake Valve Lift Range/Performance,46,P2
P2DEF,Cylinder 6 Intake Valve Lift Range/Performance,46,P2
P2DF0,Intake Valve Lift Range/Performance Bank 1,42,P2
P2DF1,Intake Valve Lift Range/Performance Bank 2,42,P2
P2DF2,Intake Valve Lift System Range/Performance,42,P2
P2DF3,Engine Disconnect Clutch Actuator Position Not Learned,54,P2
P2DF4,Coolant Pump E Control Circuit/Open,35,P2
P2DF5,Coolant Pump E Control Circuit Low,34,P2
P2DF6,Coolant Pump E Control Circuit High,35,P2
P2DF7,Coolant Pump E Overspeed/Air in System,38,P2
P2DF8,Coolant Pump E Underspeed,25,P2
P2DF9,Coolant Pump E Stuck/Stalled,28,P2
P2DFA,Coolant Pump E Supply Voltage Circuit,37,P2
P2DFB,Coolant Pump E Control Module Overtemperature,45,P2
P2DFC,Hybrid/EV Battery Coolant Leak Detected,39,P2
P2DFD,EVAP System Purge Pump Performance,34,P2
P2E00,Gear Lever Position Sensor A Circuit,36,P2
P2E01,Gear Lever Position Sensor A Range/Performance,46,P2
P2E02,Gear Lever Position Sensor A Circuit Low,40,P2
P2E03,Gear Lever Position Sensor A Circuit High,41,P2
P2E04,Gear Lever Position Sensor B Circuit,36,P2
P2E05,Gear Lever Position Sensor B Range/Performance,46,P2
P2E06,Gear Lever Position Sensor B Circuit Low,40,P2
P2E07,Gear Lever Position Sensor B Circuit High,41,P2
P2E08,Gear Lever Position Sensor C Circuit,36,P2
P2E09,Gear Lever Position Sensor C Range/Performance,46,P2
P2E0A,Gear Lever Position Sensor C Circuit Low,40,P2
P2E0B,Gear Lever Position Sensor C Circuit High,41,P2
P2E0C,Gear Lever Position Sensor D Circuit,36,P2
P2E0D,Gear Lever Position Sensor D Range/Performance,46,P2
P2E0E,Gear Lever Position Sensor D Circuit Low,40,P2
P2E0F,Gear Lever Position Sensor D Circuit High,41,P2
P2E10,Gear Selection Actuator Position Sensor Circuit,47,P2
P2E11,Gear Selection Actuator Position Sensor Performance,51,P2
P2E12,Gear Selection Actuator Position Sensor Circuit Low,51,P2
P2E13,Gear Selection Actuator Position Sensor Circuit High,52,P2
P2E14,Gear Selection Actuator Position Sensor Circuit Intermittent/Erratic,68,P2
P2E15,Intermediate Shaft Selection Actuator Position Sensor Circuit,61,P2
P2E16,Intermediate Shaft Selection Actuator Position Sensor Range/Performance,71,P2
P2E17,Intermediate Shaft Selection Actuator Position Sensor Circuit Low,65,P2
P2E18,Intermediate Shaft Selection Actuator Position Sensor Circuit High,66,P2
P2E19,Intermediate Shaft Selection Acutator Position Sensor Circuit Intermittent/Erratic,82,P2
P2E1A,Drive Motor A Inverter Voltage Sensor A/B Correlation,53,P2
P2E1B,Drive Motor A Phase X Current Sensor Circuit,44,P2
P2E1C,Drive Motor A Phase X Current Sensor Circuit Range/Performance,62,P2
P2E1D,Drive Motor A Phase X Current Sensor Circuit Low,48,P2
P2E1E,Drive Motor A Phase X Current Sensor Circuit High,49,P2
P2E1F,Drive Motor A Phase Y Current Sensor Circuit,44,P2
P2E20,Drive Motor A Phase Y Current Sensor Circuit Range/Performance,62,P2
P2E21,Drive Motor A Phase Y Current Sensor Circuit Low,48,P2
P2E22,Drive Motor A Phase Y Current Sensor Circuit High,49,P2
P2E23,Drive Motor A Phase Z Current Sensor Circuit,44,P2
P2E24,Drive Motor A Phase Z Current Sensor Circuit Range/Performance,62,P2
P2E25,Drive Motor A Phase Z Current Sensor Circuit Low,48,P2
P2E26,Drive Motor A Phase Z Current Sensor Circuit High,49,P2
P2E27,Drive Motor A Phase X-Y-Z Current Sensor Correlation,52,P2
P2E28,Drive Motor A Excitation Current Sensor Performance,51,P2
P2E29,Drive Motor A Excitation Current Sensor Circuit Low Voltage,59,P2
P2E2A,Drive Motor A Excitation Current Sensor Circuit High Voltage,60,P2
P2E2B,Drive Motor A Excitation Current Too High,41,P2
P2E2C,Battery Charger A Module Supply Voltage Performance,51,P2
P2E2D,Battery Charger A Module Supply Voltage Low,43,P2
P2E2E,Battery Charger A Module Supply Voltage High,44,P2
P2E2F,Battery Charger B Module Supply Voltage Performance,51,P2
P2E30,Battery Charger B Module Supply Voltage Low,43,P2
P2E31,Battery Charger B Module Supply Voltage High,44,P2
P2E32,Battery Charger A Module Forced Shutdown Voltage Performance,60,P2
P2E33,Battery Charger A Module Forced Shutdown Voltage Low,52,P2
P2E34,Battery Charger A Module Forced Shutdown Voltage High,53,P2
P2E35,Battery Charger B Enable Circuit/Open,37,P2
P2E36,Battery Charger B Enable Circuit Low,36,P2
P2E37,Battery Charger B Enable Circuit High,37,P2
P2E38,Battery Charger B Enable Circuit Range/Performance,50,P2
P2E39,Battery Charger B Fuse,22,P2
P2E3A,Battery Charger B Output Voltage Performance,44,P2
P2E3B,Battery Charger B Output Voltage Too Low,40,P2
P2E3C,Battery Charger B Output Current Performance,44,P2
P2E3D,Battery Charger B Output Shorted,32,P2
P2E3E,Battery Charger B Module Forced Shutdown Voltage Performance,60,P2
P2E3F,Battery Charger B Module Forced Shutdown Voltage Low,52,P2
P2E40,Battery Charger B Module Forced Shutdown Voltage High,53,P2
P2E41,Hybrid/EV Electronics Coolant Pump B Control Circuit/Open,57,P2
P2E42,Hybrid/EV Electronics Coolant Pump B Performance,48,P2
P2E43,Hybrid/EV Electronics Coolant Pump B Control Circuit Low,56,P2
P2E44,Hybrid/EV Electronics Coolant Pump B Control Circuit High,57,P2
P2E45,Hybrid/EV Electronics Coolant Pump B Enable Circuit,51,P2
P2E46,Hybrid/EV Electronics Coolant Pump B Overspeed - Dry Run,56,P2
P2E47,Hybrid/EV Electronics Coolant Pump B Underspeed,47,P2
P2E48,Hybrid/EV Electronics Coolant Pump B Overspeed,46,P2
P2E49,Hybrid/EV Electronics Coolant Pump B Stuck/Stalled,50,P2
P2E4A,Battery Charger Coupler Temperature Sensor C Circuit,52,P2
P2E4B,Battery Charger Coupler Temperature Sensor C Circuit Range/Performance,70,P2
P2E4C,Battery Charger Coupler Temperature Sensor C Circuit Low,56,P2
P2E4D,Battery Charger Coupler Temperature Sensor C Circuit High,57,P2
P2E4E,Battery Charger Coupler Temperature C Too High,46,P2
P2E4F,Battery Charger Coupler Temperature Sensor D Circuit,52,P2
P2E50,Battery Charger Coupler Temperature Sensor D Circuit Range/Performance,70,P2
P2E51,Battery Charger Coupler Temperature Sensor D Circuit Low,56,P2
P2E52,Battery Charger Coupler Temperature Sensor D Circuit High,57,P2
P2E53,Battery Charger Coupler Temperature D Too High,46,P2
P2E54,Exhaust Pressure Sensor C Circuit,33,P2
P2E55,Exhaust Pressure Sensor C Circuit Range/Performance,51,P2
P2E56,Exhaust Pressure Sensor C Circuit Low,37,P2
P2E57,Exhaust Pressure Sensor C Circuit High,38,P2
P2E58,Alternative Fuel Random/Multiple Cylinder Misfire Detected,58,P2
P2E59,Cylinder 1 Alternative Fuel Misfire Detected,44,P2
P2E5A,Cylinder 2 Alternative Fuel Misfire Detected,44,P2
P2E5B,Cylinder 3 Alternative Fuel Misfire Detected,44,P2
P2E5C,Cylinder 4 Alternative Fuel Misfire Detected,44,P2
P2E5D,Cylinder 5 Alternative Fuel Misfire Detected,44,P2
P2E5E,Cylinder 6 Alternative Fuel Misfire Detected,44,P2
P2E5F,Cylinder 7 Alternative Fuel Misfire Detected,44,P2
P2E60,Cylinder 8 Alternative Fuel Misfire Detected,44,P2
P2E61,Alternative Fuel Misfire Detected With Low Fuel,47,P2
P2E62,Engine Coolant Bypass Valve E Control Circuit/Open,50,P2
P2E63,Engine Coolant Bypass Valve E Control Circuit Low,49,P2
P2E64,Engine Coolant Bypass Valve E Control Circuit High,50,P2
P2E65,Engine Coolant Bypass Valve E Stuck/Open,40,P2
P2E66,Engine Coolant Bypass Valve E Range/Performance,47,P2
P2E67,Engine Coolant Bypass Valve E Stuck Closed,42,P2
P2E68,System Too Lean During Cylinder Deactivation Bank 1,51,P2
P2E69,System Too Rich During Cylinder Deactivation Bank 1,51,P2
P2E6A,System Too Lean During Cylinder Deactivation Bank 2,51,P2
P2E6B,System Too Rich During Cylinder Deactivation Bank 2,51,P2
P2E6C,Hybrid/EV Battery Pack “A” Cell Thickness,41,P2
P2E6D,Hybrid/EV Battery Pack “A” Cell Thickness Sensor Circuit High,61,P2
P2E6E,Hybrid/EV Battery Pack “A” Cell Thickness Sensor Circuit Low,60,P2
P2E6F,Hybrid/EV Battery Pack “A” Cell Thickness Sensor Circuit Performance,68,P2
P2E70,Hybrid/EV Battery Pack B Cell Thickness,39,P2
P2E71,Hybrid/EV Battery Pack B Cell Thickness Sensor Circuit High,59,P2
P2E72,Hybrid/EV Battery Pack B Cell Thickness Sensor Circuit Low,58,P2
P2E73,Hybrid/EV Battery Pack B Cell Thickness Sensor Circuit Performance,66,P2
P2E74,Hybrid/EV Battery Pack Coolant Temperature Sensor D Circuit,59,P2
P2E75,Hybrid/EV Battery Pack Coolant Temperature Sensor D Circuit Range/Performance,77,P2
P2E76,Hybrid/EV Battery Pack Coolant Temperature Sensor D Circuit Low,63,P2
P2E77,Hybrid/EV Battery Pack Coolant Temperature Sensor D Circuit High,64,P2
P2E78,Hybrid/EV Battery Pack Coolant Temperature Sensor D Circuit Intermittent/Erratic,80,P2
P2E79,Hybrid/EV Electronics Coolant Pump C Performance,48,P2
P2E7A,Hybrid/EV Electronics Coolant Pump C Overspeed,46,P2
P2E7B,Drive Motor A Excitation Current Sensor Circuit,47,P2
P2E7C,A/C Compressor Control Module Internal Temperature Sensor B Circuit,67,P2
P2E7D,A/C Compressor Control Module Internal Temperature Sensor B Performance,71,P2
P2E7E,A/C Compressor Control Module Internal Temperature Sensor B Circuit High,72,P2
P2E7F,A/C Compressor Control Module Internal Temperature Sensor B Circuit Low,71,P2
P2E80,A/C Compressor Control Module InternalTemperature Sensor B Circuit Intermittent/Erratic,87,P2
P2E81,Cold Start Engine Coolant Bypass Valve D Stuck Closed,53,P2
P2E82,Cold Start Engine Coolant Pump Overspeed,40,P2
P2E83,Fuel Rail Pressure Performance - Engine Off,43,P2
P2E84,Battery Charger B Input Voltage Sensor Circuit Range/Performance,64,P2
P2E85,Battery Charger B Input Voltage Sensor Circuit Low,50,P2
P2E86,Battery Charger B Input Voltage Sensor Circuit High,51,P2
P2E87,Proximity Detection Circuit B,29,P2
P2E88,Proximity Detection Circuit B Range/Performance,47,P2
P2E89,Proximity Detection Circuit B Low,33,P2
P2E8A,Proximity Detection Circuit B High,34,P2
P2E8B,Proximity Detection Circuit B Intermittent/Erratic,50,P2
P2E8C,Battery Charger B Charge Sequence Signal 1 Circuit High,55,P2
P2E8D,Battery Charger B Charge Sequence Signal 1 Circuit Low,54,P2
P2E8E,Battery Charger B Charge Sequence Signal 2 Circuit High,55,P2
P2E8F,Battery Charger B Charge Sequence Signal 2 Circuit Low,54,P2
P2E90,Battery Charger A Internal Power Supply Performance,51,P2
P2E91,Battery Charger B Internal Power Supply Performance,51,P2
P2E92,Charge Port Door B Open Request Switch Wake-Up Circuit,54,P2
P2E93,Charge Port Door B Open Request Switch Circuit,46,P2
P2E94,Charge Port Door B Open Request Switch Circuit Performance,58,P2
P2E95,Charge Port Door B Open Request Switch Circuit Low,50,P2
P2E96,Charge Port Door B Open Request Switch Circuit High,51,P2
P2E97,Charge Port Door B Open Request Switch Circuit Intermittent/Erratic,67,P2
P2E98,Charge Port Door B Position Sensor Circuit,42,P2
P2E99,Charge Port Door B Position Sensor Circuit Performance,54,P2
P2E9A,Charge Port Door B Position Sensor Circuit Low,46,P2
P2E9B,Charge Port Door B Position Sensor Circuit High,47,P2
P2E9C,Charge Port Door B Position Sensor Circuit Intermittent/Erratic,63,P2
P2E9D,Charge Port Door B Unlock Control Circuit,41,P2
P2E9E,Charge Port Door B Unlock Control Circuit Performance,53,P2
P2E9F,Charge Port Door B Unlock Control Circuit Low,45,P2
P2EA0,Charge Port Door B Unlock Control Circuit High,46,P2
P2EA1,Exhaust Gas Temperature Sensor Circuit Bank 1 Sensor 6,54,P2
P2EA2,Exhaust Gas Temperature Sensor Circuit High Bank 1 Sensor 6,59,P2
P2EA3,Exhaust Gas Temperature Sensor Circuit Low Bank 1 Sensor 6,58,P2
P2EA5,Exhaust Gas Temperature Sensor Circuit Range/Performance Bank 1 Sensor 6,72,P2
P2EA6,Turbocharger Compressor Outlet Temperature Sensor Circuit,57,P2
P2EA7,DC/AC Converter A Input Voltage Too Low,39,P2
P2EA8,DC/AC Converter A Input Voltage Too High,40,P2
P2EA9,DC/AC Converter A Over Temperature,34,P2
P2EAA,Active Radiator Air Flow Control Module A Control Circuit Performance,69,P2
P2EAB,Active Radiator Air Flow Control Module A Over Temperature,58,P2
P2EAC,Active Radiator Air Flow Control Module A Performance,53,P2
P2EAD,Reductant Metering Unit 2 Performance,37,P2
P2EAE,Reductant Injection Valve Circuit Range/Performance Bank 1 Unit 2,65,P2
P2EAF,Reductant Injection Valve Stuck Closed Bank 1 Unit 2,52,P2
P2EB0,Throttle Valve Intake Air Pressure Sensor Circuit,49,P2
P2EB1,Throttle Valve Intake Air Pressure Sensor Circuit Low,53,P2
P2EB2,Throttle Valve Intake Air Pressure Sensor Circuit High,54,P2
P2EB3,Throttle Valve Intake Air Pressure Sensor Circuit Range/Performance,67,P2
P2EB4,Hybrid/EV Battery Inductive Charger High Voltage Interlock Circuit/Open,71,P2
P2EB5,Hybrid/EV Battery Inductive Charger Input Voltage Low,53,P2
P2EB6,Hybrid/EV Battery Inductive Charger Input Voltage High,54,P2
P2EB7,Replace 12V Battery,19,P2
P2EB9,Reductant Injection Valve Circuit Range/Performance Bank 2 Unit 2,65,P2
P2EBB,Crankcase Temperature Sensor Circuit,36,P2
P2EBC,Crankcase Temperature Sensor Circuit Range/Performance,54,P2
P2EBD,Crankcase Temperature Sensor Circuit High,41,P2
P2EBE,Crankcase Temperature Sensor Circuit Low,40,P2
P2EBF,Battery Charging Mode Switch Stuck,34,P2
P2EC0,Turbocharger Compressor Outlet Temperature Sensor Circuit Low,61,P2
P2EC1,Turbocharger Compressor Outlet Temperature Sensor Circuit High,62,P2
P2EC2,Turbocharger Compressor Outlet Temperature Sensor Circuit Range/Perfomance,74,P2
P3000,Manufacturer Controlled DTC,27,P3
P3400,P34C8,5,P3
P3400,Cylinder Deactivation System Bank 1,35,P3
P3401,Cylinder 1 Deactivation/Intake Valve Control Circuit/Open,57,P3
P3402,Cylinder 1 Deactivation/Intake Valve Control Circuit Performance,64,P3
P3403,Cylinder 1 Deactivation/Intake Valve Control Circuit Low,56,P3
P3404,Cylinder 1 Deactivation/Intake Valve Control Circuit High,57,P3
P3405,Cylinder 1 Exhaust Valve Control Circuit/Open,45,P3
P3406,Cylinder 1 Exhaust Valve Control Circuit Performance,52,P3
P3407,Cylinder 1 Exhaust Valve Control Circuit Low,44,P3
P3408,Cylinder 1 Exhaust Valve Control Circuit High,45,P3
P3409,Cylinder 2 Deactivation/Intake Valve Control Circuit/Open,57,P3
P340A,Deactivation/Intake Valve Control Circuit Bank 1,48,P3
P340B,Deactivation/Intake Valve Control Circuit Bank 2,48,P3
P340C,Deactivation/Exhaust Valve Control Circuit Bank 1,49,P3
P340D,Deactivation/Exhaust Valve Control Circuit Bank 2,49,P3
P3410,Cylinder 2 Deactivation/Intake Valve Control Circuit Performance,64,P3
P3411,Cylinder 2 Deactivation/Intake Valve Control Circuit Low,56,P3
P3412,Cylinder 2 Deactivation/Intake Valve Control Circuit High,57,P3
P3413,Cylinder 2 Exhaust Valve Control Circuit/Open,45,P3
P3414,Cylinder 2 Exhaust Valve Control Circuit Performance,52,P3
P3415,Cylinder 2 Exhaust Valve Control Circuit Low,44,P3
P3416,Cylinder 2 Exhaust Valve Control Circuit High,45,P3
P3417,Cylinder 3 Deactivation/Intake Valve Control Circuit/Open,57,P3
P3418,Cylinder 3 Deactivation/Intake Valve Control Circuit Performance,64,P3
P3419,Cylinder 3 Deactivation/Intake Valve Control Circuit Low,56,P3
P341A,Deactivation/Intake Valve Control Circuit Performance Bank 1,60,P3
P341B,Deactivation/Intake Valve Control Circuit Performance Bank 2,60,P3
P341C,Deactivation/Exhaust Valve Control Circuit Performance Bank 1,61,P3
P341D,Deactivation/Exhaust Valve Control Circuit Performance Bank 2,61,P3
P3420,Cylinder 3 Deactivation/Intake Valve Control Circuit High,57,P3
P3421,Cylinder 3 Exhaust Valve Control Circuit/Open,45,P3
P3422,Cylinder 3 Exhaust Valve Control Circuit Performance,52,P3
P3423,Cylinder 3 Exhaust Valve Control Circuit Low,44,P3
P3424,Cylinder 3 Exhaust Valve Control Circuit High,45,P3
P3425,Cylinder 4 Deactivation/Intake Valve Control Circuit/Open,57,P3
P3426,Cylinder 4 Deactivation/Intake Valve Control Circuit Performance,64,P3
P3427,Cylinder 4 Deactivation/Intake Valve Control Circuit Low,56,P3
P3428,Cylinder 4 Deactivation/Intake Valve Control Circuit High,57,P3
P3429,Cylinder 4 Exhaust Valve Control Circuit/Open,45,P3
P3430,Cylinder 4 Exhaust Valve Control Circuit Performance,52,P3
P3431,Cylinder 4 Exhaust Valve Control Circuit Low,44,P3
P3432,Cylinder 4 Exhaust Valve Control Circuit High,45,P3
P3433,Cylinder 5 Deactivation/Intake Valve Control Circuit/Open,57,P3
P3434,Cylinder 5 Deactivation/Intake Valve Control Circuit Performance,64,P3
P3435,Cylinder 5 Deactivation/Intake Valve Control Circuit Low,56,P3
P3436,Cylinder 5 Deactivation/Intake Valve Control Circuit High,57,P3
P3437,Cylinder 5 Exhaust Valve Control Circuit/Open,45,P3
P3438,Cylinder 5 Exhaust Valve Control Circuit Performance,52,P3
P3439,Cylinder 5 Exhaust Valve Control Circuit Low,44,P3
P3440,Cylinder 5 Exhaust Valve Control Circuit High,45,P3
P3441,Cylinder 6 Deactivation/Intake Valve Control Circuit/Open,57,P3
P3442,Cylinder 6 Deactivation/Intake Valve Control Circuit Performance,64,P3
P3443,Cylinder 6 Deactivation/Intake Valve Control Circuit Low,56,P3
P3444,Cylinder 6 Deactivation/Intake Valve Control Circuit High,57,P3
P3445,Cylinder 6 Exhaust Valve Control Circuit/Open,45,P3
P3446,Cylinder 6 Exhaust Valve Control Circuit Performance,52,P3
P3447,Cylinder 6 Exhaust Valve Control Circuit Low,44,P3
P3448,Cylinder 6 Exhaust Valve Control Circuit High,45,P3
P3449,Cylinder 7 Deactivation/Intake Valve Control Circuit/Open,57,P3
P3450,Cylinder 7 Deactivation/Intake Valve Control Circuit Performance,64,P3
P3451,Cylinder 7 Deactivation/Intake Valve Control Circuit Low,56,P3
P3452,Cylinder 7 Deactivation/Intake Valve Control Circuit High,57,P3
P3453,Cylinder 7 Exhaust Valve Control Circuit/Open,45,P3
P3454,Cylinder 7 Exhaust Valve Control Circuit Performance,52,P3
P3455,Cylinder 7 Exhaust Valve Control Circuit Low,44,P3
P3456,Cylinder 7 Exhaust Valve Control Circuit High,45,P3
P3457,Cylinder 8 Deactivation/Intake Valve Control Circuit/Open,57,P3
P3458,Cylinder 8 Deactivation/Intake Valve Control Circuit Performance,64,P3
P3459,Cylinder 8 Deactivation/Intake Valve Control Circuit Low,56,P3
P3460,Cylinder 8 Deactivation/Intake Valve Control Circuit High,57,P3
P3461,Cylinder 8 Exhaust Valve Control Circuit/Open,45,P3
P3462,Cylinder 8 Exhaust Valve Control Circuit Performance,52,P3
P3463,Cylinder 8 Exhaust Valve Control Circuit Low,44,P3
P3464,Cylinder 8 Exhaust Valve Control Circuit High,45,P3
P3465,Cylinder 9 Deactivation/Intake Valve Control Circuit/Open,57,P3
P3466,Cylinder 9 Deactivation/Intake Valve Control Circuit Performance,64,P3
P3467,Cylinder 9 Deactivation/Intake Valve Control Circuit Low,56,P3
P3468,Cylinder 9 Deactivation/Intake Valve Control Circuit High,57,P3
P3469,Cylinder 9 Exhaust Valve Control Circuit/Open,45,P3
P3470,Cylinder 9 Exhaust Valve Control Circuit Performance,52,P3
P3471,Cylinder 9 Exhaust Valve Control Circuit Low,44,P3
P3472,Cylinder 9 Exhaust Valve Control Circuit High,45,P3
P3473,Cylinder 10 Deactivation/Intake Valve Control Circuit/Open,58,P3
P3474,Cylinder 10 Deactivation/Intake Valve Control Circuit Performance,65,P3
P3475,Cylinder 10 Deactivation/Intake Valve Control Circuit Low,57,P3
P3476,Cylinder 10 Deactivation/Intake Valve Control Circuit High,58,P3
P3477,Cylinder 10 Exhaust Valve Control Circuit/Open,46,P3
P3478,Cylinder 10 Exhaust Valve Control Circuit Performance,53,P3
P3479,Cylinder 10 Exhaust Valve Control Circuit Low,45,P3
P3480,Cylinder 10 Exhaust Valve Control Circuit High,46,P3
P3481,Cylinder 11 Deactivation/Intake Valve Control Circuit/Open,58,P3
P3482,Cylinder 11 Deactivation/Intake Valve Control Circuit Performance,65,P3
P3483,Cylinder 11 Deactivation/Intake Valve Control Circuit Low,57,P3
P3484,Cylinder 11 Deactivation/Intake Valve Control Circuit High,58,P3
P3485,Cylinder 11 Exhaust Valve Control Circuit/Open,46,P3
P3486,Cylinder 11 Exhaust Valve Control Circuit Performance,53,P3
P3487,Cylinder 11 Exhaust Valve Control Circuit Low,45,P3
P3488,Cylinder 11 Exhaust Valve Control Circuit High,46,P3
P3489,Cylinder 12 Deactivation/Intake Valve Control Circuit/Open,58,P3
P3490,Cylinder 12 Deactivation/Intake Valve Control Circuit Performance,65,P3
P3491,Cylinder 12 Deactivation/Intake Valve Control Circuit Low,57,P3
P3492,Cylinder 12 Deactivation/Intake Valve Control Circuit High,58,P3
P3493,Cylinder 12 Exhaust Valve Control Circuit/Open,46,P3
P3494,Cylinder 12 Exhaust Valve Control Circuit Performance,53,P3
P3495,Cylinder 12 Exhaust Valve Control Circuit Low,45,P3
P3496,Cylinder 12 Exhaust Valve Control Circuit High,46,P3
P3497,Cylinder Deactivation System Bank 2,35,P3
P3498,Cylinder 1 Deactivation/Intake Valve Performance,48,P3
P3499,Cylinder 2 Deactivation/Intake Valve Performance,48,P3
P349A,Cylinder 3 Deactivation/Intake Valve Performance,48,P3
P349B,Cylinder 4 Deactivation/Intake Valve Performance,48,P3
P349C,Cylinder 5 Deactivation/Intake Valve Performance,48,P3
P349D,Cylinder 6 Deactivation/Intake Valve Performance,48,P3
P349E,Cylinder 7 Deactivation/Intake Valve Performance,48,P3
P349F,Cylinder 8 Deactivation/Intake Valve Performance,48,P3
P34A0,Cylinder 9 Deactivation/Intake Valve Performance,48,P3
P34A1,Cylinder 10 Deactivation/Intake Valve Performance,49,P3
P34A2,Cylinder 11 Deactivation/Intake Valve Performance,49,P3
P34A3,Cylinder 12 Deactivation/Intake Valve Performance,49,P3
P34A4,A Camshaft Position Actuator Temperature Sensor Circuit Bank 1,62,P3
P34A5,A Camshaft Position Actuator Temperature Sensor Range/Performance Bank 1,72,P3
P34A6,A Camshaft Position Actuator Temperature Sensor Circuit Low Bank 1,66,P3
P34A7,A Camshaft Position Actuator Temperature Sensor Circuit High Bank 1,67,P3
P34A8,A Camshaft Position Actuator Temperature Sensor Circuit Bank 2,62,P3
P34A9,A Camshaft Position Actuator Temperature Sensor Range/Performance Bank 2,72,P3
P34AA,A Camshaft Position Actuator Temperature Sensor Circuit Low Bank 2,66,P3
P34AB,A Camshaft Position Actuator Temperature Sensor Circuit High Bank 2,67,P3
P34AC,A Camshaft Position Actuator Position Sensor A Circuit Bank 1,61,P3
P34AD,A Camshaft Position Actuator Position Sensor A Range/Performance Bank 1,71,P3
P34AE,A Camshaft Position Actuator Position Sensor A Circuit Low Bank 1,65,P3
P34AF,A Camshaft Position Actuator Position Sensor A Circuit High Bank 1,66,P3
P34B0,A Camshaft Position Actuator Position Sensor A Circuit Bank 2,61,P3
P34B1,A Camshaft Position Actuator Position Sensor A Range/Performance Bank 2,71,P3
P34B2,A Camshaft Position Actuator Position Sensor A Circuit Low Bank 2,65,P3
P34B3,A Camshaft Position Actuator Position Sensor A Circuit High Bank 2,66,P3
P34B4,B Camshaft Position Actuator Temperature Sensor Circuit Bank 1,62,P3
P34B5,B Camshaft Position Actuator Temperature Sensor Range/Performance Bank 1,72,P3
P34B6,B Camshaft Position Actuator Temperature Sensor Circuit Low Bank 1,66,P3
P34B7,B Camshaft Position Actuator Temperature Sensor Circuit High Bank 1,67,P3
P34B8,B Camshaft Position Actuator Temperature Sensor Circuit Bank 2,62,P3
P34B9,B Camshaft Position Actuator Temperature Sensor Range/Performance Bank 2,72,P3
P34BA,B Camshaft Position Actuator Temperature Sensor Circuit Low Bank 2,66,P3
P34BB,B Camshaft Position Actuator Temperature Sensor Circuit High Bank 2,67,P3
P34BC,B Camshaft Position Actuator Position Sensor A Circuit Bank 1,61,P3
P34BD,B Camshaft Position Actuator Position Sensor A Range/Performance Bank 1,71,P3
P34BE,B Camshaft Position Actuator Position Sensor A Circuit Low Bank 1,65,P3
P34BF,B Camshaft Position Actuator Position Sensor A Circuit High Bank 1,66,P3
P34C0,B Camshaft Position Actuator Position Sensor A Circuit Bank 2,61,P3
P34C1,B Camshaft Position Actuator Position Sensor A Range/Performance Bank 2,71,P3
P34C2,B Camshaft Position Actuator Position Sensor A Circuit Low Bank 2,65,P3
P34C3,B Camshaft Position Actuator Position Sensor A Circuit High Bank 2,66,P3
P34C4,A Camshaft Position Actuator Control Circuit Driver Current/Temperature Too High Bank 1,87,P3
P34C5,A Camshaft Position Actuator Control Circuit Driver Current/Temperature Too High Bank 2,87,P3
P34C6,B Camshaft Position Actuator Control Circuit Driver Current/Temperature Too High Bank 1,87,P3
P34C7,B Camshaft Position Actuator Control Circuit Driver Current/Temperature Too High Bank 2,87,P3
P34C8,Camshaft Position Control Module Performance,44,P3
